restaurant_id,menu_index,name,price_text,price_min,price_max,description,recommended,image_url
1000106291,0,꿔이,1000,1000,1000,,false,https://ldb-phinf.pstatic.net/20240411_165/1712808078460kuGzp_JPEG/1000001444.jpg
1000106291,1,분보남보,11900,11900,11900,,false,https://ldb-phinf.pstatic.net/20240411_105/1712808002894ehkVm_JPEG/1000003154.jpg
1000106291,2,소고기 쌀국수,10900,10900,10900,,true,https://ldb-phinf.pstatic.net/20220917_129/16633432428526oA40_JPEG/B523CDC7-4E07-4A2D-86AB-9439348B15BA.jpeg
1000106291,3,매운 소고기 쌀국수,11900,11900,11900,,false,https://ldb-phinf.pstatic.net/20220917_126/1663344121055RgbTe_JPEG/4A3DFAA9-88F7-498C-8A95-1CDF65E1AA54.jpeg
1000106291,4,분짜,13900,13900,13900,,true,https://ldb-phinf.pstatic.net/20220917_164/1663343340461W2DfF_JPEG/E483E14F-61BF-419B-9EEA-B37F7185FBE6.jpeg
1000106291,5,숯불 돼지고기 쌀국수,11900,11900,11900,,false,https://ldb-phinf.pstatic.net/20220917_132/16633432953229V2Bp_JPEG/198E84ED-DDDF-4423-8732-046631EDFA19.jpeg
1000106291,6,나시고렝,11900,11900,11900,,true,https://ldb-phinf.pstatic.net/20220917_174/1663343487648rxYiN_JPEG/63ACD0AC-0F8B-416D-BDD8-1AF837D9A767.jpeg
1000106291,7,팟타이,11900,11900,11900,,true,https://ldb-phinf.pstatic.net/20220917_85/1663343389605ql2nb_JPEG/39176452-7340-4F97-BD8D-E521A95E6641.jpeg
1000106291,8,텃만꿍,7900,7900,7900,,false,https://ldb-phinf.pstatic.net/20220917_104/16633436037197nHbO_JPEG/6F01ADF2-E225-4AE8-945B-482E0DFE5553.jpeg
1000106291,9,에그롤 네트,6900,6900,6900,,false,https://ldb-phinf.pstatic.net/20220917_122/1663343648640icEdQ_JPEG/882FD4D9-0A10-4951-B04C-C653532E6AA7.jpeg
1002112328,0,치폴레 포크 그랩샐러드,6500,6500,6500,"그릴에 구운 목살과
부드럽게 매콤한 치폴레소스
할라피뇨의 맛의 장식",true,https://ldb-phinf.pstatic.net/20230312_191/1678630666064Bmo9C_JPEG/1.%B8%F1%BB%EC.jpg
1002112328,1,바질 치킨 그랩샐러드,6500,6500,6500,"그릴에 구운 닭가슴살과
향긋한 바질소스
그리고 신의 선물 크랜베리",true,https://ldb-phinf.pstatic.net/20230312_24/1678630623211kgL2E_JPEG/2.%B4%DF%B0%A1%BD%BF.jpg
1002112328,2,갈릭 치킨 그랩샐러드,6500,6500,6500,"그릴에 구운 닭다리살
구운마늘과 크랜베리
마지막은 달콤한 화이트소스",true,https://ldb-phinf.pstatic.net/20230312_102/1678630585999ewaVS_JPEG/3.%B4%DF%B4%D9%B8%AE.jpg
1002112328,3,목살스테이크샐러드,8900,8900,8900,"간장소스에 재워 그릴에 구운
돼지목살",true,https://ldb-phinf.pstatic.net/20230312_160/16786305468033txJi_JPEG/1%B8%F1%BB%EC%BD%BA%C5%D7%C0%CC%C5%A9.jpg
1002112328,4,닭가슴살스테이크샐러드,8900,8900,8900,"우유와 양파 마늘 허브에 재워
그릴에 구운 닭가슴살",true,https://ldb-phinf.pstatic.net/20230312_182/1678630513482jdxpG_JPEG/2%B4%DF%B0%A1%BD%BF%BB%EC%BD%BA%C5%D7%C0%CC%C5%A9.jpg
1002112328,5,닭다리살스테이크샐러드,8900,8900,8900,마늘간장소스에 재워 부드러운 닭다리살,true,https://ldb-phinf.pstatic.net/20230312_9/1678630474344VXhcp_JPEG/3%B4%DF%B4%D9%B8%AE.jpg
1002112328,6,치폴레파스타샐러드,7200,7200,7200,치폴레소스로 다시 태어난 매콤 파스타샐러드,true,https://ldb-phinf.pstatic.net/20230312_284/16786304381230hhxy_JPEG/10%C4%A1%C6%FA%B7%B9%C6%C4%BD%BA%C5%B8.jpg
1002112328,7,바질파스타샐러드,7900,7900,7900,풍미 가득한 투고만의 바질샐러드,false,https://ldb-phinf.pstatic.net/20230312_28/1678630399242zRCOe_JPEG/9%B9%D9%C1%FA%C6%C4%BD%BA%C5%B8.jpg
1002112328,8,분짜샐러드,9500,9500,9500,쌀국수와 그릴에 구운 돼지목살,true,https://ldb-phinf.pstatic.net/20230312_207/1678630363494gVSwm_JPEG/11%BA%D0%C2%A5.jpg
1002112328,9,리코타치즈샐러드,8500,8500,8500,직접 끓여 만든 리코타치즈와 모닝빵,false,https://ldb-phinf.pstatic.net/20230312_279/1678630331533Cx2wb_JPEG/4%B8%AE%C4%DA%C5%B8.jpg
1002112328,10,치킨쿠스쿠스,7500,7500,7500,부드러운 치킨과 쿠스쿠스의 만남,false,https://ldb-phinf.pstatic.net/20230312_161/1678630290004HcSXX_JPEG/5%C4%A1%C5%B2%C4%ED%BD%BA.jpg
1002112328,11,쉬림프쿠스쿠스샐러드,9500,9500,9500,간장소스에 재운 새우와 알알이 즐거운 쿠스쿠스,false,https://ldb-phinf.pstatic.net/20230312_276/1678630254803TKbCi_JPEG/7%BB%F5%BF%EC%C4%ED%BD%BA.jpg
1002112328,12,훈제연어쿠스쿠스샐러드,9500,9500,9500,훈제연어와 알알이 즐거운 쿠스쿠스,false,https://ldb-phinf.pstatic.net/20230312_141/1678630226306K9K0P_JPEG/6%C8%C6%C1%A6%BF%AC%BE%EE%C4%ED%BD%BA.jpg
1002112328,13,콩앤콩샐러드,6900,6900,6900,렌틸콩 병아리콩 담백 상큼의 조화,false,https://ldb-phinf.pstatic.net/20230312_55/1678630188324u5mAz_JPEG/12%C4%E1%BE%D8.jpg
1002112328,14,연두부샐러드,5900,5900,5900,부드러운 연두부와 기본 토핑,false,https://ldb-phinf.pstatic.net/20230312_291/16786301536436z9MB_JPEG/8%BF%AC%B5%CE%BA%CE.jpg
1002112328,15,단호박스프,3900,3900,3900,"매장에서 직접 끓이는 따뜻 달콤
투고스프의 첫번째 단호박스프",false,https://ldb-phinf.pstatic.net/20230312_49/1678630104377oi4lY_JPEG/5%B4%DC%C8%A3%B9%DA%BD%BA%C7%C1.jpg
1002112328,16,스윗콘스프,3900,3900,3900,"정성과 사랑 가득한 이름 그대로
투고스프의 두번째 스윗콘스프",false,https://ldb-phinf.pstatic.net/20230312_33/1678630067262EJP4m_JPEG/7%BF%C1%BC%F6%BC%F6.jpg
1002112328,17,양송이스프,3900,3900,3900,"풍미 가득한 양송이 듬뿍
투고스프의 세번째 양송이스프",false,https://ldb-phinf.pstatic.net/20230312_77/1678630011906jzm2b_JPEG/10%BE%E7%BC%DB%C0%CC.jpg
1011781285,0,식권,8000,8000,8000,,false,
1014550775,0,Corkage Free,0,,,"와인,양주 병수 제한없이 콜키지 프리입니다. 매장에 판매하는 주류는 반입이 불가합니다.",false,https://ldb-phinf.pstatic.net/20240701_280/1719838685663O5mtv_JPEG/%B8%DE%B4%BA%BB%E7%C1%F8_%BF%CD%C0%CE.jpg
1014550775,1,특양구이,45000,45000,45000,소 위의 한부분으로 부드럽고 씹을수록 쫄깃쫄깃한 맛이 특징인 대표메뉴,false,https://ldb-phinf.pstatic.net/20240701_145/1719839293972HteCm_JPEG/%B8%DE%B4%BA%BB%E7%C1%F8_%C6%AF%BE%E7.jpg
1014550775,2,한우대창구이,44000,44000,44000,엄선한 양질의 국내산 한우대창으로 입안 가득 육즙을 느낄 수있는 대표메뉴,false,https://ldb-phinf.pstatic.net/20240701_2/1719839302030TXmMU_JPEG/%B8%DE%B4%BA%BB%E7%C1%F8_%B4%EB%C3%A2.jpg
1014550775,3,한우곱창구이,45000,45000,45000,곱이 꽉차있는 국내산 곱창으로 씹을수록 고소함이 느껴지는 최고의 인기메뉴,false,https://ldb-phinf.pstatic.net/20240704_36/1720068054152Um1H8_JPEG/%B8%DE%B4%BA%BB%E7%C1%F8_%B0%F6%C3%A2.jpg
1014550775,4,투뿔한우 꽃등심,65000,65000,65000,최상급 1++ 한우만을 취급하며 마장동에서 매일아침 공수합니다,false,https://ldb-phinf.pstatic.net/20240701_197/1719839317013QEo3C_JPEG/%B8%DE%B4%BA%BB%E7%C1%F8_%B5%EE%BD%C9.jpg
1014550775,5,투뿔한우 안심,67000,67000,67000,최상급 1++ 한우만을 취급하며 마장동에서 매일아침 공수합니다,false,https://ldb-phinf.pstatic.net/20240704_141/1720067706004Hnn3M_JPEG/%B8%DE%B4%BA%BB%E7%C1%F8_%BE%C8%BD%C9.jpg
1014550775,6,한우곱창전골,38000,38000,38000,양우정만의 비법양념장에 한우곱창과 각종야채를 넣고 끓인 중독적인 맛의 인기메뉴,false,https://ldb-phinf.pstatic.net/20240701_171/1719839310937xSutH_JPEG/%B8%DE%B4%BA%BB%E7%C1%F8_%B0%F6%C3%A2%C0%FC%B0%F1.jpg
1048530390,0,본죽장조림버터비빔밥,12000,12000,12000,짭조름하고 부드러운 본죽 시그니처 장조림에 고소한 버터가 더해진 풍미 가득 비빔밥,true,https://ldb-phinf.pstatic.net/20250917_214/1758116859155DovF5_PNG/2508_%BA%BB%C1%D7%C0%E5%C1%B6%B8%B2%B9%F6%C5%CD%BA%F1%BA%F6%B9%E4_%B3%D7%C0%CC%B9%F6_1000x1000.png
1048530390,1,낙지김치비빔밥,12500,12500,12500,쫄깃한 낙지와 아삭한 김치를 볶아내어 따뜻한 밥과 매콤하게 비벼 먹는 별미 비빔밥,true,https://ldb-phinf.pstatic.net/20250917_202/1758116887173eA2sC_PNG/2508_%B3%AB%C1%F6%B1%E8%C4%A1%BA%F1%BA%F6%B9%E4_%B3%D7%C0%CC%B9%F6_1000x1000.png
1048530390,2,불고기낙지비빔밥 (불낙),13500,13500,13500,달콤 짭짤한 불고기와 쫄깃한 낙지가 어우러진 깔끔하고 깊은 감칠맛의 영양 가득 비빔밥,true,https://ldb-phinf.pstatic.net/20250917_64/17581169219366S4Wb_PNG/2508_%BA%D2%B3%AB%BA%F1%BA%F6%B9%E4_%B3%D7%C0%CC%B9%F6_1000x1000.png
1048530390,3,신짬뽕비빔밥,12500,12500,12500,불 맛 가득한 짬뽕 소스에 다양한 해산물과 아삭한 콩나물을 볶아내어 얼큰하게 즐기는 비빔밥,false,https://ldb-phinf.pstatic.net/20250917_234/1758116944030EuC5N_JPEG/2508_%BD%C5%C2%AB%BB%CD%BA%F1%BA%F6%B9%E4_%B1%BC%BB%E8%C1%A6%28%C5%BE%29_%B3%D7%C0%CC%B9%F6.jpg
1048530390,4,전복내장해물비빔밥,15500,15500,15500,고소하고 진한 전복내장 소스로 볶아낸 해물을 산뜻한 무나물과 함께 즐기는 풍미 가득 비빔밥,false,https://ldb-phinf.pstatic.net/20250917_258/1758116975762wWPiU_PNG/2508_%C0%FC%BA%B9%B3%BB%C0%E5%C7%D8%B9%B0%BA%F1%BA%F6%B9%E4_%B3%D7%C0%CC%B9%F6_1000x1000.png
1048530390,5,참치야채비빔밥,11500,11500,11500,담백하고 부드러운 참치에 나물 3종과 계란후라이를 곁들여 고추장과 함께 즐기는 비빔밥,false,https://ldb-phinf.pstatic.net/20250917_95/1758116996324R4A1c_JPEG/2508_%C2%FC%C4%A1%BE%DF%C3%A4%BA%F1%BA%F6%B9%E4_%B1%E8%C2%FC%B1%FA%B0%ED%B8%ED%C3%DF%B0%A1%28%C5%BE%29_%B3%D7%C0%CC%B9%F6.jpg
1048530390,6,쇠고기야채죽,12000,12000,12000,쇠고기와 7가지 야채를 넣고 끓여 균형잡힌 영양을 제공하는 영양죽,true,https://ldb-phinf.pstatic.net/20210401_289/1617234529744wXNCa_PNG/cwlRDdnN51zMC_IyPdsvAfFk.png
1048530390,7,전복죽(보양),13000,13000,13000,영양만점 전복을 듬뿍 넣고 끓인 대표 보양죽,true,https://ldb-phinf.pstatic.net/20210401_261/1617234498176dxQmB_PNG/TIKIG1ucO3OeIBDiNakCbFwL.png
1048530390,8,낙지김치죽(해장),12500,12500,12500,쫄깃한 낙지와 아삭한 김치가 조화를 이루는 매콤한 맛의 죽,true,https://ldb-phinf.pstatic.net/20210401_185/16172345607420D8Nf_PNG/oZPraRD0Pew08c7Z-jqsY2nr.png
1048530390,9,삼계죽(보양),13500,13500,13500,부드러운 국내산 닭고기에 수삼 한 뿌리가 통째로 들어가 허한 몸의 기운을 돋우는 대표 보양죽,true,https://ldb-phinf.pstatic.net/20210401_73/1617234589340zoAbO_PNG/7zKE-luL1sZ6vHgBa4brD2cr.png
1048530390,10,추어죽,15000,15000,15000,원기회복! 추어탕의 깊고 진한 맛을 담은 부드러운 건강 활력죽,false,https://ldb-phinf.pstatic.net/20250424_121/1745451604565lbETq_PNG/%C3%DF%BE%EE%C1%D7_%B3%D7%C0%CC%B9%F6_1000x1000.png
1048530390,11,푸팟퐁커리게살쮺,17000,17000,17000,동해산 홍게살을 듬뿍 담은 홍게죽에 이국적인 커리를 더해 더욱 풍미진진한 만남,true,https://ldb-phinf.pstatic.net/20240908_49/1725804169939EgXeS_PNG/do-messenger_screenshot.png
1048530390,12,참깨계란새우쮺,12500,12500,12500,탱글탱글한 새우죽에 고소한 계란과 얼큰한 참깨소스를 더해 즐기는 매력적인 조합,false,https://ldb-phinf.pstatic.net/20240411_83/1712795483182O8eHL_JPEG/%B3%D7%C0%CC%B9%F6_%B9%DD%B9%DD%C1%D7_%BB%F5%BF%EC%C1%D7%C2%FC%B1%FA%B0%E8%B6%F5%C1%D7%281000x1000%29.jpg
1048530390,13,삼계전복죽(보양),17500,17500,17500,부드러운 국내산 닭고기에 전복과 수삼 한 뿌리를 넣은 보양죽,false,https://ldb-phinf.pstatic.net/20210401_199/1617234609537p83zy_PNG/JCBdVjWIqlMPnpZW7bNLEE7n.png
1048530390,14,소불고기버섯뚝배기,12000,12000,12000,부드러운 소불고기와 쫄깃한 버섯을 자작하게 끓여 내어 감칠맛이 일품인 계절 별미 뚝배기,false,https://ldb-phinf.pstatic.net/20220930_259/1664492516173hTRWA_PNG/2202_%BC%D2%BA%D2%B0%ED%B1%E2%B9%F6%BC%B8%B6%D2%B9%E8%B1%E2_%C5%BE%28%BC%D2%29.png
1048530390,15,동지팥죽,10000,10000,10000,전통 방식으로 끓여내어 담백한 팥 본연의 풍미를 그대로 살린 메뉴,false,https://ldb-phinf.pstatic.net/20210401_218/1617234767232lFdv3_JPEG/nB3kO51ziIRketoBPe_vISSX.jpg
1048530390,16,신짬뽕죽(해장),12500,12500,12500,"매콤한 짬뽕 국물에 해산물 (오징어, 새우, 굴)과 아삭한 콩나물을 넣어 시원하고 매콤하게 즐기는 죽",false,https://ldb-phinf.pstatic.net/20210401_223/1617234653940DEYTT_PNG/PPhGX81hXKZ5DKWhdjKxj11x.png
1048530390,17,7가지야채죽,10000,10000,10000,"7가지 야채(감자, 양파, 애호박, 표고버섯, 당근, 브로콜리, 부추)를 넣고 끓여 부담없이 즐기는 죽",false,https://ldb-phinf.pstatic.net/20210401_288/16172346966372tKA8_PNG/Kx5OPOx7NLK8f9b4MCXI4S4k.png
1048530390,18,단호박죽,10500,10500,10500,100% 단호박으로 진하게 끓여 가벼우면서도 달콤하게 즐기는 전통죽,false,https://ldb-phinf.pstatic.net/20210401_179/1617234748912AbldN_JPEG/dPW_5jrAPFLkDyine7P0ghYJ.jpg
1048530390,19,전복내장죽,15000,15000,15000,전복내장의 깊은 풍미와 영양을 더욱 진하고 풍부하게 느낄 수 있는 죽,false,https://ldb-phinf.pstatic.net/20210401_138/1617234807831iHv4A_JPEG/lqwE5c2-5NrvFLb5xC319mt8.jpg
1063113651,0,치킨 브레스트 샐러드,11000,11000,11000,"+치킨은 어느때고 함께,",false,https://ldb-phinf.pstatic.net/20210720_20/1626752421217j9Yso_JPEG/WQj4KrWo7nNJ9ByXSbQyW_Pi.jpeg.jpg
1063113651,1,두부 감자 샐러드,11900,11900,11900,"+더 비건 (More, Vegan)",false,https://ldb-phinf.pstatic.net/20210720_137/1626752433923CYaie_JPEG/7JvVBrD_HSo_W-Bys2FILYmU.jpeg.jpg
1063113651,2,치즈 파라다이스 샐러드,12900,12900,12900,"+여기가 진정한 치즈 낙원이지,",false,https://ldb-phinf.pstatic.net/20210720_114/1626752449901PHJL0_JPEG/nbCst-nTTaeTAPEvJ-qBnt39.jpeg.jpg
1063113651,3,고감단 페스티벌 샐러드,12900,12900,12900,"+뿌리깊은 나무는 흔들리지 아니한다,",false,https://ldb-phinf.pstatic.net/20210720_282/1626752461662f7fv8_JPEG/RaVOdwpktyh5_iftokLD59Yv.jpeg.jpg
1063113651,4,쉬림프샐러드,12900,12900,12900,"+푸른 바다를 담은,",false,https://ldb-phinf.pstatic.net/20210720_214/1626752473440Hb6mN_JPEG/iWWGjBRN4oTCpDCqHb7Erxha.jpeg.jpg
1068089308,0,부채살 스테키동300 *한정*,19000,19000,19000,"최고급 부채살 300g을 특제 타래소스를 발라 숯불에 구워 생와사비와 함께 먹는 일본식 스테이크덮밥(점심10개,저녁10개 한정)",false,https://ldb-phinf.pstatic.net/20211006_260/16335089191407KrJ0_JPEG/2w973NCyuGx3dlGbiQmENS_9.jpg
1068089308,1,호르몬동(한우소곱창덮밥),16000~22000,16000,22000,240g/360g,false,https://ldb-phinf.pstatic.net/20211006_151/1633507372992RVoXY_JPEG/0189MQmCR7be8FLm0xmI-zOH.jpg
1068089308,2,통레몬사이코사와,6000,6000,6000,통레몬을 통으로 넣어 만든 일본식 사와음료 (무알콜),false,https://ldb-phinf.pstatic.net/20211006_210/16335072889551WmzG_JPEG/kguKbTeZ5EtG7AA7XpQLaNC5.jpg
1068089308,3,"배키트리플동(소곱창,닭목살,돼지목살)",22000,22000,22000,,false,https://ldb-phinf.pstatic.net/20260202_117/17700261755813ypeM_JPEG/f10e705e-9f4a-47f6-828b-eb907419b4df.pdf-0001.jpg
1068089308,4,사케동 (숙성연어덮밥),19000,19000,19000,,false,https://ldb-phinf.pstatic.net/20250821_163/1755766870239TRq4D_JPEG/%BB%E7%C4%C9%B5%BF_%28%BC%F7%BC%BA%BF%AC%BE%EE%B5%A4%B9%E4%29.jpg
1068089308,5,연어네기도로동 (연어+참치뱃살덮밥),24000,24000,24000,,false,https://ldb-phinf.pstatic.net/20251201_26/17645581447389Kgrp_JPEG/%BF%AC%BE%EE%B3%D7%B1%E2%B5%B5%B7%CE_%28%BC%F7%BC%BA%BF%AC%BE%EE%2B%C2%FC%C4%A1%B9%EE%BB%EC%B5%A4%B9%E4%29.jpg
1068089308,6,쫀득감자 목살덮밥,16000,16000,16000,,false,https://ldb-phinf.pstatic.net/20260129_269/1769677330047xBK4P_JPEG/%C1%A6%B8%F1%C0%BB-%C0%D4%B7%C2%C7%D8%C1%D6%BC%BC%BF%E4_-_-%BA%B9%BB%E7%BA%BB-01100.jpg
1068089308,7,세세리동(닭목살숯불구이덮밥),15000,15000,15000,,false,https://ldb-phinf.pstatic.net/20260129_230/1769679109973hYj8c_JPEG/KakaoTalk_20260129_164910298%A4%B7.jpg
1068089308,8,"타레이세세리동(도미뱃살,닭목살구이)",19000,19000,19000,,false,https://ldb-phinf.pstatic.net/20260129_116/1769679473304y6puE_JPEG/KakaoTalk_20260129_183646788.jpg
1068089308,9,청도미나리 부타동(목살숯불구이덮밥),18000,18000,18000,,false,https://ldb-phinf.pstatic.net/20250821_245/1755752014948owP4R_JPEG/%B9%CC%B3%AA%B8%AE%BA%CE%C5%B8%B5%BF0.jpg
1068089308,10,매콤 숯불전지 부타동,16000,16000,16000,,false,https://ldb-phinf.pstatic.net/20250821_35/1755752230701Nx282_JPEG/IMG_96863000.jpg
1068089308,11,[펩시콤보] 레드부타스테키동,21000,21000,21000,레드목살스테키동 + 펩시제로콜라 1캔,false,https://ldb-phinf.pstatic.net/20250430_13/17460183934294Odlu_JPEG/KakaoTalk_20250430_122301268_01.jpg
1068089308,12,네기도로동(참치뱃살덮밥),24000,24000,24000,,false,https://ldb-phinf.pstatic.net/20250926_150/1758878988547WU85a_JPEG/%B3%D7%B1%E2%B5%B5%B7%CE%B5%BF.JPG
1068089308,13,후쿠오카 에비스야갈비 냉우동,16000,16000,16000,,false,https://ldb-phinf.pstatic.net/20260129_152/17696805667193wM8W_JPEG/KakaoTalk_20260129_185412165.jpg
1068089308,14,일본3대 카니미소 크랩 우동,19000,19000,19000,"갈릭오일, 카니미소, 소프트크랩과 함께 먹는 시그니쳐 냉우동",false,https://ldb-phinf.pstatic.net/20250326_52/1742979776088jTw4t_JPEG/KakaoTalk_20250326_163248113.jpg
1068089308,15,미소카라메ver2 (牛민찌 비빔우동),16000,16000,16000,소고기민찌와 31가지 재료의 특제 비빔우동,false,https://ldb-phinf.pstatic.net/20220916_258/1663294003698wYwv5_JPEG/IMG_8140.JPEG
1068089308,16,닭껍질만두,6000,6000,6000,닭껍질안에 만두속을 넣어 만든 일본식 독특한 만두요리,false,https://ldb-phinf.pstatic.net/20211006_17/1633508308654YDKcn_JPEG/9_KSrJtqRRFxANg4-_TC7hP6.jpg
1068089308,17,수제생맥주 2900원 이벤트,2900,2900,2900,,false,https://ldb-phinf.pstatic.net/20240402_87/1712028331801NLaeF_JPEG/%BC%F6%C1%A6%BB%FD%B8%C6%C1%D6_%C7%C3%B7%B9%C0%CC%BD%BA_%C1%A4%B9%E6%C7%E2_%B4%EB%C1%F6_1.jpg
1068089308,18,8주년*자이언트 35cm통레몬진저사와,9000,9000,9000,,false,https://ldb-phinf.pstatic.net/20250521_172/1747812558042tDRKF_JPEG/KakaoTalk_20250509_1242223312.jpg
1068089308,19,통레몬콕,6000,6000,6000,,false,https://ldb-phinf.pstatic.net/20211006_184/1633507274037njScw_JPEG/Lem04Ul6X37CYm-2_JMnL5dy.jpg
1068089308,20,펩시제로콜라,2500,2500,2500,,false,https://ldb-phinf.pstatic.net/20250521_258/1747810818910YNjNR_PNG/KakaoTalk_20250521_155742272.png
1068089308,21,온센다마고,2000,2000,2000,,false,https://ldb-phinf.pstatic.net/20211006_178/1633507250011N8ynv_JPEG/-yODe5zsi2klkacmmTN4Sdim.jpg
1068089308,22,아지다마고,2000,2000,2000,,false,https://ldb-phinf.pstatic.net/20211006_59/1633507233667uSNSe_JPEG/BhpK4CcZAqzkY_-HK5sUL46L.jpg
1073903416,0,더블치즈주먹밥,4500,4500,4500,,false,https://ldb-phinf.pstatic.net/20250624_210/17507550592943xQY6_JPEG/%B4%F5%BA%ED%C4%A1%C1%EE%C1%D6%B8%D4%B9%E4_%B4%A9%B3%A2%28%B0%ED%BC%D2%29.jpg
1073903416,1,더블치즈김밥,5500,5500,5500,,false,https://ldb-phinf.pstatic.net/20250624_29/1750755023907iIFwa_JPEG/%B4%F5%BA%ED%C4%A1%C1%EE%B1%E8%B9%E4_%B4%A9%B3%A21.jpg
1073903416,2,교자만두,6000,6000,6000,,false,https://ldb-phinf.pstatic.net/20250613_187/1749793560564lBAYE_JPEG/%C6%A2%B1%E8%B1%B3%C0%DA%B8%B8%B5%CE.jpg
1073903416,3,오므라이스,9000,9000,9000,,false,https://ldb-phinf.pstatic.net/20250613_141/1749793396401c6Nzt_PNG/%B9%E8%B0%E6%BE%F8%C0%BD_%BF%C0%B9%C7%B6%F3%C0%CC%BD%BA.png
1073903416,4,참치김치찌개,8000,8000,8000,,false,https://ldb-phinf.pstatic.net/20240328_99/1711589608014ayzwh_PNG/%B5%C5%C1%F6%B0%ED%B1%E2%B1%E8%C4%A1%C2%EE%B0%B3.png
1073903416,5,새우볶음밥,9000,9000,9000,,false,https://ldb-phinf.pstatic.net/20240328_178/1711589594898G7BBe_JPEG/Resized_20240323_104222.jpeg
1073903416,6,라면김치찌개,10000,10000,10000,,false,https://ldb-phinf.pstatic.net/20240328_118/17115895741941nEB4_JPEG/KakaoTalk_20240328_103214344.jpg
1073903416,7,제육덮밥,9000,9000,9000,,false,https://ldb-phinf.pstatic.net/20240108_250/1704687868394u6c2N_PNG/%C1%A6%C0%B0%B5%A4%B9%E4.png
1073903416,8,참치주먹밥,4500,4500,4500,,false,https://ldb-phinf.pstatic.net/20231115_118/1700012335885WRh3K_PNG/%C2%FC%C4%A1%C1%D6%B8%D4%B9%E4.png
1073903416,9,믹스주먹밥,4500,4500,4500,,false,https://ldb-phinf.pstatic.net/20231115_125/17000123246002OXjX_PNG/%B9%CD%BD%BA%C1%D6%B8%D4%B9%E4.png
1073903416,10,불고기주먹밥,4800,4800,4800,,false,https://ldb-phinf.pstatic.net/20231115_207/17000123062185BwDP_PNG/%BA%D2%B0%ED%B1%E2%C1%D6%B8%D4%B9%E4.png
1073903416,11,뚝배기불고기,9500,9500,9500,,false,https://ldb-phinf.pstatic.net/20231115_284/1700012264446uCtyL_PNG/%B6%D2%B9%E8%B1%E2%BA%D2%B0%ED%B1%E2.png
1073903416,12,땡초김밥,4800,4800,4800,,false,https://ldb-phinf.pstatic.net/20231115_20/1700012255215tPDkx_PNG/%B6%AF%C3%CA%B1%E8%B9%E4.png
1073903416,13,김치김밥,4700,4700,4700,,false,https://ldb-phinf.pstatic.net/20231115_199/1700012244086SiH2J_PNG/%B1%E8%C4%A1%B1%E8%B9%E4.png
1073903416,14,김돈스(김치볶음밥+돈가스),10500,10500,10500,,false,https://ldb-phinf.pstatic.net/20231115_179/1700012232971GEHhm_PNG/%B1%E8%B5%B7%BD%BA.png
1073903416,15,[신메뉴출시] 매운비빔칼국수,,,,매운칼국수를 선택하시면 사이드메뉴(연탄불고기 or 등심돈까스)를 같이 드려요!,true,https://ldb-phinf.pstatic.net/20230531_7/1685496020874wdQQb_JPEG/%B8%C5%BF%EE%BA%F1%BA%F6%C4%AE%B1%B9%BC%F6_%B9%E8%B9%CE%BF%EB.jpg
1073903416,16,[신메뉴출시] 매운냉칼국수,,,,매운칼국수를 선택하시면 사이드메뉴(연탄불고기 or 등심돈까스)를 같이 드려요!,true,https://ldb-phinf.pstatic.net/20230531_234/1685496009763xKK9R_JPEG/%B8%C5%BF%EE%B3%C3%C4%AE%B1%B9%BC%F6_%B9%E8%B9%CE%BF%EB.jpg
1073903416,17,[계절메뉴] 냉모밀,8000,8000,8000,,false,https://ldb-phinf.pstatic.net/20230418_227/1681779898479jUbGU_PNG/%B3%C3%B8%F0%B9%D0.png
1073903416,18,[계절메뉴] 비빔냉면,8000,8000,8000,,false,https://ldb-phinf.pstatic.net/20230418_158/1681779885827mVK13_PNG/%BA%F1%BA%F6%B3%C3%B8%E9.png
1073903416,19,[계절메뉴] 물냉면,8000,8000,8000,,false,https://ldb-phinf.pstatic.net/20230418_122/16817798728722SLmc_PNG/%B9%B0%B3%C3%B8%E9.png
1073903416,20,치즈떡볶이,9000,9000,9000,,false,https://ldb-phinf.pstatic.net/20230201_215/16752371650202Rqdc_PNG/%B6%B1%BA%BA%C0%CC.png
1073903416,21,치즈라볶이,9500,9500,9500,,false,https://ldb-phinf.pstatic.net/20230201_231/1675237144101XpQxN_PNG/%B6%F3%BA%BA%C0%CC1.png
1073903416,22,라면+돈까스(세트),10500,10500,10500,,false,https://ldb-phinf.pstatic.net/20230201_268/16752370531244nYgA_PNG/KakaoTalk_20230201_163508210.png
1073903416,23,연불쌈김밥,5500,5500,5500,,false,https://ldb-phinf.pstatic.net/20230201_296/1675237029868Flat5_PNG/%B1%E8%B9%E42_%BC%F6%C1%A4__%C0%FA%BF%EB%B7%AE-%C5%F5%B8%ED%B4%A9%B3%A2_%281%29.png
1073903416,24,치킨커리덮밥,9500,9500,9500,,false,https://ldb-phinf.pstatic.net/20230201_265/1675228930581Vhcqm_PNG/%C4%A1%C5%B2%C4%BF%B8%AE%B5%A4%B9%E412-removebg-preview.png
1073903416,25,돌솥비빔밥,9500,9500,9500,,false,https://ldb-phinf.pstatic.net/20230201_266/16752287845364A385_PNG/%B5%B9%BC%DC%BA%F1%BA%F6%B9%E4.png
1073903416,26,야채비빔밥,8000,8000,8000,,false,https://ldb-phinf.pstatic.net/20230201_264/1675228769365CibWW_PNG/%BE%DF%C3%A4%BA%F1%BA%F6%B9%E4.png
1073903416,27,순두부찌개,8000,8000,8000,,false,https://ldb-phinf.pstatic.net/20230201_20/1675228751364Woq5w_PNG/%C7%D8%B9%B0%BC%F8%B5%CE%BA%CE.png
1073903416,28,김치볶음밥,8500,8500,8500,,false,https://ldb-phinf.pstatic.net/20230201_276/1675228694972M8pLN_PNG/%B1%E8%C4%A1%BA%BA%C0%BD%B9%E4.png
1073903416,29,떡만두국,8500,8500,8500,,false,https://ldb-phinf.pstatic.net/20230201_256/1675228627394ylt6v_PNG/%B6%B1%B8%B8%B5%CE%B1%B9.png
1073903416,30,사누끼우동,7000,7000,7000,,false,https://ldb-phinf.pstatic.net/20230201_170/1675228610284NHGyc_PNG/%BF%EC%B5%BF.png
1073903416,31,떡볶이,7000,7000,7000,,false,https://ldb-phinf.pstatic.net/20230201_43/16752285599630MXWD_PNG/%B6%B1%BA%BA%C0%CC.png
1073903416,32,라볶이,7500,7500,7500,,false,https://ldb-phinf.pstatic.net/20230201_39/16752284561239kMIp_PNG/%B6%F3%BA%BA%C0%CC1.png
1073903416,33,치즈돈까스,10500,10500,10500,,false,https://ldb-phinf.pstatic.net/20230201_212/1675228357390sbnVY_PNG/%C4%A1%C1%EE%B5%B7%B1%EE%BD%BA.png
1073903416,34,믹스김밥,5200,5200,5200,,false,https://ldb-phinf.pstatic.net/20230201_63/167522825329007rcX_PNG/%B9%CD%BD%BA%B1%E8%B9%E4.png
1073903416,35,불고기김밥,5500,5500,5500,,false,https://ldb-phinf.pstatic.net/20230201_59/1675228235397hn5JU_PNG/%BA%D2%B0%ED%B1%E2%B1%E8%B9%E4.png
1073903416,36,돈까스김밥,5500,5500,5500,,false,https://ldb-phinf.pstatic.net/20230201_138/1675228219754c4wes_JPEG/%B5%B7%B1%EE%BD%BA%B1%E8%B9%E4%2823.jpg
1073903416,37,치즈김밥,5000,5000,5000,,false,https://ldb-phinf.pstatic.net/20230201_130/1675228073651152Ws_PNG/%C4%A1%C1%EE%B1%E8%B9%E4.png
1073903416,38,참치김밥,5500,5500,5500,,false,https://ldb-phinf.pstatic.net/20230201_55/1675237001591evSag_PNG/%B1%E8%B9%E42_%BC%F6%C1%A4__%C0%FA%BF%EB%B7%AE-%C5%F5%B8%ED%B4%A9%B3%A2_%281%29.png
1073903416,39,연불마요덮밥,9000,9000,9000,,false,https://ldb-phinf.pstatic.net/20221116_40/1668581942495HN0No_PNG/%BA%D2%B0%ED%B1%E2%B5%A4%B9%E42%28%BC%F6%C1%A4%29_%C5%F5%B8%ED%B4%A9%B3%A2.png
1073903416,40,치킨마요덮밥,9000,9000,9000,,false,https://ldb-phinf.pstatic.net/20221116_36/1668581792745CeSJA_PNG/%C4%A1%C5%B2%B8%B6%BF%E4%B5%A4%B9%E4.png
1073903416,41,돼지고기김치찌개,8000,8000,8000,,false,https://ldb-phinf.pstatic.net/20221116_155/1668581764080yPNrj_PNG/%B5%C5%C1%F6%B0%ED%B1%E2%B1%E8%C4%A1%C2%EE%B0%B3.png
1073903416,42,쫄면,8000,8000,8000,,false,https://ldb-phinf.pstatic.net/20221116_51/1668581650803EQynH_PNG/%C2%CC%B8%E9.png
1073903416,43,라면,4800,4800,4800,,false,https://ldb-phinf.pstatic.net/20221116_231/1668581624315t5v1C_PNG/%B6%F3%B8%E9.png
1073903416,44,통등심돈까스,10000,10000,10000,,false,https://ldb-phinf.pstatic.net/20221116_192/1668581612126jGBTT_PNG/%C5%EB%B5%EE%BD%C9%B5%B7%B1%EE%BD%BA.png
1073903416,45,땡초김밥,4800,4800,4800,,false,https://ldb-phinf.pstatic.net/20221116_44/16685815968475zeQL_PNG/%B6%AF%C3%CA%B1%E8%B9%E4.png
1073903416,46,토마토김밥,5500,5500,5500,,false,https://ldb-phinf.pstatic.net/20221116_39/1668581578605dJdp4_PNG/%C5%E4%B8%B6%C5%E4%B1%E2%B8%B6%B9%E4.png
1073903416,47,야채김밥,4200,4200,4200,,false,https://ldb-phinf.pstatic.net/20221116_219/1668581565960iXFSA_PNG/%BE%DF%C3%A4%B1%E8%B9%E4.png
1082016564,0,오리지널생막창,16000,16000,16000,,true,https://ldb-phinf.pstatic.net/20250307_216/1741359209392Wgb8D_JPEG/%B8%DE%B4%BA_%BB%FD%B8%B7%C3%A2.jpg
1082016564,1,대파소금막창,17000,17000,17000,,false,https://ldb-phinf.pstatic.net/20250307_271/174135923564088Mz5_JPEG/%B8%DE%B4%BA_%BC%D2%B1%DD%B8%B7%C3%A2.jpg
1082016564,2,고추불막창,17000,17000,17000,,false,https://ldb-phinf.pstatic.net/20250307_277/1741359255840WmIQt_JPEG/%B8%DE%B4%BA_%BE%E7%B3%E4%B8%B7%C3%A2.jpg
1082016564,3,소막창,22000,22000,22000,,true,https://ldb-phinf.pstatic.net/20250307_14/1741359274878gAzfw_JPEG/%B8%DE%B4%BA_%BC%D2%B8%B7%C3%A2.jpg
1082016564,4,항정뽈살,17000,17000,17000,,false,https://ldb-phinf.pstatic.net/20250307_228/1741359294567GHXvB_JPEG/%B8%DE%B4%BA_%B0%ED%B1%E2_%BB%CA%C7%D7%C1%A4.jpg
1082016564,5,꼬들살,17000,17000,17000,,false,https://ldb-phinf.pstatic.net/20250307_225/17413593315478QON2_JPEG/%B8%DE%B4%BA_%B0%ED%B1%E2_%C2%CB%B5%E6%BB%EC.jpg
1082016564,6,관자살,16000,16000,16000,,false,https://ldb-phinf.pstatic.net/20250307_256/1741359318250jD10P_JPEG/%B8%DE%B4%BA_%B0%ED%B1%E2_%BB%CA%BB%EC.jpg
1082016564,7,[NEW]황제소갈비살,21000,21000,21000,,false,https://ldb-phinf.pstatic.net/20251105_168/17623043624622qTBV_JPEG/IMG_1356.jpeg
1082016564,8,얇은껍데기,10000,10000,10000,,false,https://ldb-phinf.pstatic.net/20250307_242/1741359384531NgkoJ_JPEG/%B8%DE%B4%BA_%B5%C5%C1%F6%B2%AE%B5%A5%B1%E2.jpg
1082016564,9,철판막밥,9000,9000,9000,,false,https://ldb-phinf.pstatic.net/20250307_250/1741359355209uBr49_JPEG/%BB%E7%C0%CC%B5%E5%B8%DE%B4%BA_%B8%B7%C3%A2%BA%BA%C0%BD%B9%E4.jpg
1082016564,10,철판짜계치,6500,6500,6500,,false,https://ldb-phinf.pstatic.net/20250307_87/1741359397640AlcTM_JPEG/%BB%E7%C0%CC%B5%E5%B8%DE%B4%BA_%C2%A5%C4%A1%B0%E8.jpg
1082016564,11,된장찌개,5000,5000,5000,,false,https://ldb-phinf.pstatic.net/20250307_90/1741359370151zt7O5_JPEG/%BB%E7%C0%CC%B5%E5%B8%DE%B4%BA_%B5%C8%C0%E5%C2%EE%B0%B3.jpg
1082016564,12,꽃게해장라면,5000,5000,5000,,false,https://ldb-phinf.pstatic.net/20250307_116/17413594395507NNfu_JPEG/%BB%E7%C0%CC%B5%E5%B8%DE%B4%BA_%B2%C9%B0%D4%C7%D8%C0%E5%B6%F3%B8%E9.jpg
1082016564,13,도시락,5000,5000,5000,,false,https://ldb-phinf.pstatic.net/20250308_70/1741363497179IVlvY_JPEG/%BB%E7%C0%CC%B5%E5%B8%DE%B4%BA_%C3%DF%BE%EF%C0%C7%B5%B5%BD%C3%B6%F4.jpg
1082016564,14,계란찜,5000,5000,5000,,false,https://ldb-phinf.pstatic.net/20250307_1/17413594095035QfpV_JPEG/%BB%E7%C0%CC%B5%E5%B8%DE%B4%BA_%B0%E8%B6%F5%C2%F2.jpg
1083405900,0,비프에그마요 샌드위치 세트,10100,10100,10100,비프에그마요 샌드위치 세트 + 카사바칩 + 코크제로,false,https://ldb-phinf.pstatic.net/20260310_279/17731125006733YXPh_PNG/18._%BF%C3%B5%A5%C0%CC%BC%BC%C6%AE_%BA%F1%C7%C1%BF%A1%B1%D7%B8%B6%BF%E4_%BB%F7%B5%E5%C0%A7%C4%A1.png
1083405900,1,클래식 치킨 샌드위치 세트,8400,8400,8400,클래식 치킨 샌드위치 세트 + 카사바칩 + 코크제로,false,https://ldb-phinf.pstatic.net/20260310_200/1773112526509NBfFk_PNG/17_%BF%C3%B5%A5%C0%CC%BC%BC%C6%AE_%C5%AC%B7%A1%BD%C4_%C4%A1%C5%B2_%BB%F7%B5%E5%C0%A7%C4%A1.png
1083405900,2,잠봉 샌드위치 세트,10700,10700,10700,잠봉 샌드위치 세트 + 카사바칩 + 코크제로,false,https://ldb-phinf.pstatic.net/20260310_108/1773112546034qOGf3_PNG/21._%BF%C3%B5%A5%C0%CC%BC%BC%C6%AE_%C7%C1%B7%B9%BD%C3%C0%E1%BA%C0_%BB%F7%B5%E5%C0%A7%C4%A1.png
1083405900,3,BELT 시저 샌드위치 세트,9900,9900,9900,BELT 시저 샌드위치 세트 + 카사바칩 + 코크제로,false,https://ldb-phinf.pstatic.net/20260310_130/1773112569231KH36f_PNG/20._%BF%C3%B5%A5%C0%CC%BC%BC%C6%AE_BELT%BD%C3%C0%FA%BB%F7%B5%E5%C0%A7%C4%A1.png
1083405900,4,바질연어 샌드위치 세트,11400,11400,11400,바질 연어 샌드위치 세트 + 카사바칩 + 코크제로,false,https://ldb-phinf.pstatic.net/20260310_239/1773112599563ECqzT_PNG/%C5%B0%BF%C0%BD%BA%C5%A9_%BF%C3%B5%A5%C0%CC_%BB%F7%B5%E5%C0%A7%C4%A1_%B9%D9%C1%FA%BF%AC%BE%EE.png
1083405900,5,불고기 반미 샌드위치 세트,9900,9900,9900,불고기 반미 치아바타+카사바칩+코크제로,false,https://ldb-phinf.pstatic.net/20260310_42/1773112619826aiA6L_PNG/24%2C_%BF%C3%B5%A5%C0%CC%BC%BC%C6%AE_%BA%D2%B0%ED%B1%E2%B9%DD%B9%CC_%BB%F7%B5%E5%C0%A7%C4%A1.png
1083405900,6,스파이시 쉬림프 샌드위치 세트,11400,11400,11400,스파이시 쉬림프 샌드위치 + 카사바칩 + 코크제로,false,https://ldb-phinf.pstatic.net/20260310_282/1773112655833D3tfl_PNG/%C5%B0%BF%C0%BD%BA%C5%A9_%BF%C3%B5%A5%C0%CC_%BB%F7%B5%E5%C0%A7%C4%A1_%BD%BA%C6%C4%C0%CC%BD%C3%BD%AC%B8%B2%C7%C1.png
1083405900,7,탄단지 샐러디 세트,11100,11100,11100,탄단지 샐러디 세트 + 카사바칩 + 코크제로,false,https://ldb-phinf.pstatic.net/20260310_170/1773112689642eP0b1_PNG/%C5%B0%BF%C0%BD%BA%C5%A9_%BF%C3%B5%A5%C0%CC_%BB%F8%B7%AF%B5%F0_%C5%BA%B4%DC%C1%F6.png
1083405900,8,랜치 콥 샐러디 세트,11400,11400,11400,랜치 콥 샐러디 세트 + 카사바칩 + 코크제로,false,https://ldb-phinf.pstatic.net/20260310_6/177311271077044C0r_PNG/%C5%B0%BF%C0%BD%BA%C5%A9_%BF%C3%B5%A5%C0%CC_%BB%F8%B7%AF%B5%F0_%B7%A3%C4%A1%C4%DF.png
1083405900,9,로스트닭다리살 샐러디 세트,12400,12400,12400,로스트닭다리살 샐러디 세트 + 카사바칩 + 코크제로,false,https://ldb-phinf.pstatic.net/20260310_193/1773112730296wcPtl_PNG/%C5%B0%BF%C0%BD%BA%C5%A9_%BF%C3%B5%A5%C0%CC_%BB%F8%B7%AF%B5%F0_%B7%CE%B4%DF%BB%F8.png
1083405900,10,그라브락스 연어 샐러디 세트,14400,14400,14400,그라브락스 연어 샐러디 세트 + 카사바칩 + 코크제로,false,https://ldb-phinf.pstatic.net/20260310_288/1773112753043v9g6M_PNG/%C5%B0%BF%C0%BD%BA%C5%A9_%BF%C3%B5%A5%C0%CC_%BB%F8%B7%AF%B5%F0_%B1%D7%B6%F3%BA%EA%B6%F4%BD%BA%BF%AC%BE%EE.png
1083405900,11,타코 쉬림프 샐러디 세트,13400,13400,13400,타코 쉬림프 샐러디 세트 + 카사바칩 + 코크제로,false,https://ldb-phinf.pstatic.net/20260310_158/1773112771589fxFDQ_PNG/%C5%B0%BF%C0%BD%BA%C5%A9_%BF%C3%B5%A5%C0%CC_%BB%F8%B7%AF%B5%F0_%C5%B8%C4%DA%C4%FB%B8%B2%C7%C1.png
1083405900,12,노릇두부단호박 샐러디 세트,11700,11700,11700,노릇두부단호박 샐러디 + 카사바칩 + 코크제로,false,https://ldb-phinf.pstatic.net/20260310_277/17731127916039L2nN_PNG/%C5%B0%BF%C0%BD%BA%C5%A9_%BF%C3%B5%A5%C0%CC_%C6%F7%C4%C9%BA%BC_%B3%EB%B8%A9%B5%CE%BA%CE.png
1083405900,13,우삼겹메밀면 누들볼 세트,11800,11800,11800,우삼겹메밀면 누들볼 세트 + 카사바칩 + 코크제로,false,https://ldb-phinf.pstatic.net/20260310_47/17731128218037CM5w_PNG/%C5%B0%BF%C0%BD%BA%C5%A9_%BF%C3%B5%A5%C0%CC_%B4%A9%B5%E9%BA%BC_%BF%EC%BB%EF%B0%E3%B8%DE%B9%D0%B8%E9.png
1083405900,14,비빔메밀면 누들볼 세트,9400,9400,9400,비빔메밀면 누들볼 + 카사바칩 + 코크제로,false,https://ldb-phinf.pstatic.net/20260310_204/17731128433890s3Dj_PNG/%C5%B0%BF%C0%BD%BA%C5%A9_%BF%C3%B5%A5%C0%CC_%B4%A9%B5%E9%BA%BC_%BA%F1%BA%F6%B8%DE%B9%D0%B8%E9.png
1083405900,15,그라브락스 연어 파스타 누들볼 세트,14400,14400,14400,그라브락스 연어 파스타 누들볼 + 카사바칩 + 코크제로,false,https://ldb-phinf.pstatic.net/20260310_9/1773112863420rlD1n_PNG/%C5%B0%BF%C0%BD%BA%C5%A9_%BF%C3%B5%A5%C0%CC_%B4%A9%B5%E9%BA%BC_%B1%D7%B6%F3%BA%EA%B6%F4%BD%BA%BF%AC%BE%EE.png
1083405900,16,고소삼겹 들기름파스타 누들볼 세트,12400,12400,12400,고소삼겹 들기름파스타 누들볼 세트 + 카사바칩 + 코크제로,false,https://ldb-phinf.pstatic.net/20260310_199/1773112880475OJ5UI_PNG/%C5%B0%BF%C0%BD%BA%C5%A9_%BF%C3%B5%A5%C0%CC_%B4%A9%B5%E9%BA%BC_%B0%ED%BC%D2%BB%EF%B0%E3.png
1083405900,17,칠리베이컨 포케볼 세트,11400,11400,11400,칠리베이컨 포케볼 세트 + 카사바칩 + 코크제로,false,https://ldb-phinf.pstatic.net/20260310_243/1773112900821TP4ys_PNG/%C5%B0%BF%C0%BD%BA%C5%A9_%BF%C3%B5%A5%C0%CC_%C6%F7%C4%C9%BA%BC_%C4%A5%B8%AE%BA%A3%C0%CC%C4%C1.png
1083405900,18,우삼겹 포케볼 세트,11900,11900,11900,우삼겹 포케볼 + 카사바칩 + 코크제로,false,https://ldb-phinf.pstatic.net/20260310_297/17731129227271WypX_PNG/%C5%B0%BF%C0%BD%BA%C5%A9_%BF%C3%B5%A5%C0%CC_%C6%F7%C4%C9%BA%BC_%BF%EC%BB%EF%B0%E3.png
1083405900,19,노릇노릇두부 포케볼 세트,11400,11400,11400,노릇노릇두부 포케볼 + 카사바칩 + 코크제로,false,https://ldb-phinf.pstatic.net/20260310_270/177311294117059FfV_PNG/%C5%B0%BF%C0%BD%BA%C5%A9_%BF%C3%B5%A5%C0%CC_%C6%F7%C4%C9%BA%BC_%B3%EB%B8%A9%B5%CE%BA%CE.png
1083405900,20,바베큐닭다리살 포케볼 세트,12400,12400,12400,바베큐닭다리살 포케볼 + 카사바칩 + 코크제로,false,https://ldb-phinf.pstatic.net/20260310_26/1773112974135WHqB0_PNG/%C5%B0%BF%C0%BD%BA%C5%A9_%BF%C3%B5%A5%C0%CC_%C6%F7%C4%C9%BA%BC_%B9%D9%BA%A3%C5%A5%B4%DF%B4%D9%B8%AE%BB%EC.png
1083405900,21,그라브락스 연어 포케볼 세트,13900,13900,13900,그라브락스 연어 포케볼 세트 + 카사바칩 + 코크제로,false,https://ldb-phinf.pstatic.net/20260310_194/1773112995540mrvum_PNG/%C5%B0%BF%C0%BD%BA%C5%A9_%BF%C3%B5%A5%C0%CC_%C6%F7%C4%C9%BA%BC_%B1%D7%B6%F3%BA%EA%B6%F4%BD%BA%BF%AC%BE%EE.png
1083405900,22,로스트삼겹 포케볼 세트,12400,12400,12400,로스트삼겹 포케볼 + 카사바칩 + 코크제로,false,https://ldb-phinf.pstatic.net/20260310_72/1773113021792qbNvl_PNG/%C5%B0%BF%C0%BD%BA%C5%A9_%BF%C3%B5%A5%C0%CC_%C6%F7%C4%C9%BA%BC_%B7%CE%BD%BA%C6%AE%BB%EF%B0%E3.png
1083405900,23,바베큐삼겹 덮밥 세트,10400,10400,10400,바베큐삼겹 덮밥 세트 + 카사바칩 + 코크제로,false,https://ldb-phinf.pstatic.net/20260310_98/17731130412586pmJp_PNG/%C5%B0%BF%C0%BD%BA%C5%A9_%BF%C3%B5%A5%C0%CC_%B5%A4%B9%E4_%B9%D9%BA%A3%C5%A5%BB%EF%B0%E3.png
1083405900,24,로스트닭다리살마요 덮밥 세트,10900,10900,10900,로스트닭다리살마요 덮밥 세트 + 카사바칩 + 코크제로,false,https://ldb-phinf.pstatic.net/20260310_85/1773113064135neoqx_PNG/%C5%B0%BF%C0%BD%BA%C5%A9_%BF%C3%B5%A5%C0%CC_%B5%A4%B9%E4_%B4%DF%B4%D9%B8%AE%BB%EC.png
1083405900,25,닭다리살 MAX 프로틴 박스 세트,15400,15400,15400,닭다리살 MAX 프로틴 박스 세트 + 카사바칩 + 코크제로,false,https://ldb-phinf.pstatic.net/20260310_134/1773113084267V14ec_PNG/%C5%B0%BF%C0%BD%BA%C5%A9_%BF%C3%B5%A5%C0%CC_%C7%C1%B7%CE%C6%BE%B9%DA%BD%BA_%B4%DF%B4%D9%B8%AE%BB%ECMAX.png
1083405900,26,치킨 MAX 프로틴 파스타 세트,15400,15400,15400,치킨 MAX 프로틴 파스타 세트 + 카사바칩 + 코크제로,false,https://ldb-phinf.pstatic.net/20260310_34/17731131067566k0rw_PNG/%C5%B0%BF%C0%BD%BA%C5%A9_%BF%C3%B5%A5%C0%CC_%C7%C1%B7%CE%C6%BE%B9%DA%BD%BA_%C4%A1%C5%B2MAX.png
1083405900,27,우삼겹 MAX 프로틴 박스 세트,15400,15400,15400,우삼겹 MAX 프로틴 박스 + 카사바칩 + 코크제로,false,https://ldb-phinf.pstatic.net/20260310_142/1773113121717933IQ_PNG/%C5%B0%BF%C0%BD%BA%C5%A9_%BF%C3%B5%A5%C0%CC_%C7%C1%B7%CE%C6%BE%B9%DA%BD%BA_%BF%EC%BB%EF%B0%E3MAX.png
1083405900,28,에그마요 랩 세트,8000,8000,8000,에그마요 랩 + 카사바칩 + 코크제로,false,https://ldb-phinf.pstatic.net/20260310_37/1773113142674y69Xf_PNG/%C5%B0%BF%C0%BD%BA%C5%A9_%BF%C3%B5%A5%C0%CC_%B7%A6_%BF%A1%B1%D7%B8%B6%BF%E4.png
1083405900,29,멕시칸 랩 세트,9700,9700,9700,멕시칸 랩+카사바칩+코크제로,false,https://ldb-phinf.pstatic.net/20260310_270/17731131621855yeSo_PNG/%C5%B0%BF%C0%BD%BA%C5%A9_%BF%C3%B5%A5%C0%CC_%B7%A6_%B8%DF%BD%C3%C4%AD%B7%A6.png
1083405900,30,시저치킨 랩 세트,9700,9700,9700,시저치킨 랩 + 카사바칩 + 코크제로,false,https://ldb-phinf.pstatic.net/20260310_55/17731132209056QxxQ_PNG/%C5%B0%BF%C0%BD%BA%C5%A9_%BF%C3%B5%A5%C0%CC_%B7%A6_%BD%C3%C0%FA%C4%A1%C5%B2.png
1083405900,31,바질치킨 랩 세트,10400,10400,10400,바질치킨 랩 + 카사바칩 + 코크제로,false,https://ldb-phinf.pstatic.net/20260310_218/1773113195546v0WLy_PNG/%C5%B0%BF%C0%BD%BA%C5%A9_%BF%C3%B5%A5%C0%CC_%B7%A6_%B9%D9%C1%FA%C4%A1%C5%B2.png
1083405900,32,타코 쉬림프 랩 세트,11700,11700,11700,타코 쉬림프 랩 세트 + 카사바칩 + 코크제로,false,https://ldb-phinf.pstatic.net/20260310_97/1773113215910qkjzh_PNG/%C5%B0%BF%C0%BD%BA%C5%A9_%BF%C3%B5%A5%C0%CC_%B7%A6_%C5%B8%C4%DA%BD%AC%B8%B2%C7%C1.png
1083405900,33,그라브락스 연어 랩 세트,11700,11700,11700,그라브락스 연어 랩 + 카사바칩 + 코크제로,false,https://ldb-phinf.pstatic.net/20260310_35/1773113240149f49V8_PNG/%C5%B0%BF%C0%BD%BA%C5%A9_%BF%C3%B5%A5%C0%CC_%B7%A6_%B1%D7%B6%F3%BA%EA%B6%F4%BD%BA%BF%AC%BE%EE.png
1083405900,34,로스트닭다리살 랩 세트,11400,11400,11400,로스트닭다리살 랩 세트 + 카사바칩 + 코크제로,false,https://ldb-phinf.pstatic.net/20260310_170/1773113261762X8py6_PNG/%C5%B0%BF%C0%BD%BA%C5%A9_%BF%C3%B5%A5%C0%CC_%B7%A6_%B7%CE%BD%BA%C6%AE%B4%DF%B4%D9%B8%AE%BB%EC.png
1083405900,35,칠리베이컨 곡물랩 세트,9900,9900,9900,칠리베이컨 곡물랩 + 카사바칩 + 코크제로,false,https://ldb-phinf.pstatic.net/20260310_107/1773113292945YLJ6b_PNG/%C5%B0%BF%C0%BD%BA%C5%A9_%BF%C3%B5%A5%C0%CC_%B7%A6_%C4%A5%B8%AE%BA%A3%C0%CC%C4%C1.png
1083405900,36,고소우삼겹 곡물랩 세트,10900,10900,10900,고소우삼겹 곡물랩 + 카사바칩 + 코크제로,false,https://ldb-phinf.pstatic.net/20260310_101/1773113312504tkuhH_PNG/%C5%B0%BF%C0%BD%BA%C5%A9_%BF%C3%B5%A5%C0%CC_%B7%A6_%B0%ED%BC%D2%BF%EC%BB%EF%B0%E3.png
1083405900,37,바베큐닭다리살 곡물랩 세트,10900,10900,10900,바베큐닭다리살 곡물랩 + 카사바칩 + 코크제로,false,https://ldb-phinf.pstatic.net/20260310_277/1773113355944qB8yJ_PNG/%C5%B0%BF%C0%BD%BA%C5%A9_%BF%C3%B5%A5%C0%CC_%B7%A6_%B9%D9%BA%A3%C5%A5%B4%DF%B4%D9%B8%AE%BB%EC%B0%EE%B9%B0%B7%A6.png
1083405900,38,치즈스크램블 온브레드,3900,3900,3900,치즈스크램블 에그에 톡톡 튀는 옥수수와 달콤한 화이트치즈가 어우러진 샐러디의 모닝 온브레드,false,https://ldb-phinf.pstatic.net/20260310_42/1773106129209wggfu_PNG/%BB%F8%B8%F0%B4%D7_%C5%B0%BF%C0%BD%BA%C5%A9_%BF%C2%BA%EA%B7%B9%B5%E5_%C4%A1%C1%EE%BD%BA%C5%A9%B7%A5%BA%ED_%B9%E8%B0%E6.png
1083405900,39,베이컨스크램블 온브레드,4900,4900,4900,치즈스크램블이 달콤한 화이트치즈와 만나 풍미 가득한 샐러디의 모닝 온브레드,false,https://ldb-phinf.pstatic.net/20260310_144/1773106164852INVyW_PNG/%BB%F8%B8%F0%B4%D7_%C5%B0%BF%C0%BD%BA%C5%A9%BF%C2%BA%EA%B7%B9%B5%E5_%BA%A3%C0%CC%C4%C1%BD%BA%C5%A9%B7%A5%BA%ED_%B9%E8%B0%E6.png
1083405900,40,치즈스크램블 온브레드 세트,4900,4900,4900,치즈스크램블 온브레드+아메리카노,false,https://ldb-phinf.pstatic.net/20260310_165/1773106208770qtFn0_JPEG/%BB%F8%B8%F0%B4%D7_%BF%C2%BA%EA%B7%B9%B5%E5_%C4%A1%C1%EE%BD%BA%C5%A9%B7%A5%BA%ED_%BC%BC%C6%AE.jpg
1083405900,41,베이컨스크램블 온브레드 세트,5900,5900,5900,베이컨스크램블 온브레드+아메리카노,false,https://ldb-phinf.pstatic.net/20260310_249/1773106246115OzFU9_JPEG/%BB%F8%B8%F0%B4%D7_%BF%C2%BA%EA%B7%B9%B5%E5_%BA%A3%C0%CC%C4%C1%BD%BA%C5%A9%B7%A5%BA%ED_%BC%BC%C6%AE.jpg
1083405900,42,클래식 치킨 샌드위치,5900,5900,5900,"부드러운 닭가슴살과 상큼한 크랜베리, 치즈의 풍미가 어우러진 치아바타 샌드위치",false,https://ldb-phinf.pstatic.net/20260310_175/1773105746260RxfCj_PNG/%C5%B0%BF%C0%BD%BA%C5%A9%BB%F7%B5%E5%C0%A7%C4%A1_%C5%AC%B7%A1%BD%C4%C4%A1%C5%B2_%B5%FC%C1%F6.png
1083405900,43,비프에그마요 치아바타 샌드위치,7600,7600,7600,단짝 우삼겹과 고소하고 부드러운 에그마요가 어우러진 치아바타 샌드위치!,false,https://ldb-phinf.pstatic.net/20251104_186/17622138930173VK61_PNG/2025-%B8%DE%B4%BA%B0%B3%C6%ED-%B4%A9%B3%A2-%BA%F1%C7%C1%BF%A1%B1%D7%B8%B6%BF%E4_%C4%A1%BE%C6%B9%D9%C5%B8.png
1083405900,44,잠봉 샌드위치,8200,8200,8200,잠봉과 토마토에 더블 치즈 풍미가 가득한 치아바타 샌드위치,false,https://ldb-phinf.pstatic.net/20260310_113/1773105819893q4yVU_PNG/%C5%B0%BF%C0%BD%BA%C5%A9%BB%F7%B5%E5%C0%A7%C4%A1_%C7%C1%B7%B9%BD%C3%C0%E1%BA%C0.png
1083405900,45,BELT 시저 샌드위치,7400,7400,7400,신선한 잠봉과 토마토에 더블 치즈 풍미가 가득한 치아바타 샌드위치,false,https://ldb-phinf.pstatic.net/20260310_273/1773105781686euDFY_PNG/%C5%B0%BF%C0%BD%BA%C5%A9%BB%F7%B5%E5%C0%A7%C4%A1_BELT%BD%C3%C0%FA.png
1083405900,46,바질연어 샌드위치,8900,8900,8900,바질의 풍미가 가득한 연어와 달콤한 스윗포테이토가 어우러진 치아바타 샌드위치!,false,https://ldb-phinf.pstatic.net/20260310_78/1773105855238oy4uu_PNG/%C5%B0%BF%C0%BD%BA%C5%A9%BB%F7%B5%E5%C0%A7%C4%A1_%B9%D9%C1%FA%B7%B9%B8%F3.png
1083405900,47,불고기 반미 샌드위치,7400,7400,7400,"불고기와 당근라페, 적채, 양파가 어우러진 반미 스타일의 치아바타 샌드위치",false,https://ldb-phinf.pstatic.net/20260310_106/17731058766766kEsl_PNG/%C5%B0%BF%C0%BD%BA%C5%A9%BB%F7%B5%E5%C0%A7%C4%A1_%BA%D2%B0%ED%B1%E2%B9%DD%B9%CC_%B5%FC%C1%F6.png
1083405900,48,스파이시 쉬림프 샌드위치,8900,8900,8900,"케이준 쉬림프, 할라피뇨, 크리미칠리 드레싱이 어우러진 스파이시 쉬림프 치아바타 샌드위치",false,https://ldb-phinf.pstatic.net/20260310_11/1773105951204UiqzI_PNG/%C5%B0%BF%C0%BD%BA%C5%A9%BB%F7%B5%E5%C0%A7%C4%A1_%BD%BA%C6%C4%C0%CC%BD%C3%BD%AC%B8%B2%C7%C1.png
1083405900,49,탄단지 샐러디,8600,8600,8600,"닭가슴살, 고구마무스, 견과류, 크랜베리가 들어간 탄·단·지가 골고루 있는 스테디 메뉴",false,https://ldb-phinf.pstatic.net/20250918_159/17581734512064byO0_PNG/2025-%B8%DE%B4%BA%B0%B3%C6%ED-%B4%A9%B3%A2-%BB%F8%B7%AF%B5%F0_%C5%BA%B4%DC%C1%F6.png
1083405900,50,콥 샐러디,8900,8900,8900,"닭가슴살, 삶은 계란, 베이컨, 옥수수, 양파 등 다채로운 토핑의 샐러디 콥샐러드",false,https://ldb-phinf.pstatic.net/20250918_201/1758173406492psQkh_PNG/2025-%B8%DE%B4%BA%B0%B3%C6%ED-%B4%A9%B3%A2-%BB%F8%B7%AF%B5%F0_%C4%DF.png
1083405900,51,로스트닭다리살 샐러디,10400,10400,10400,"닭다리살과 단호박 무스, 할라피뇨, 옥수수 등 다양한 토핑이 어우러진 샐러디 베스트메뉴",false,https://ldb-phinf.pstatic.net/20250918_143/1758173266587D82QB_PNG/2025-%B8%DE%B4%BA%B0%B3%C6%ED-%B4%A9%B3%A2-%BB%F8%B7%AF%B5%F0_%B7%CE%B4%DF%BB%F8.png
1083405900,52,그라브락스 연어 샐러디,11900,11900,11900,"그라브락스 연어와 계란, 양파 등 토핑이 어우려저 신선한 풍미가 살아있는 샐러디 인기 메뉴",false,https://ldb-phinf.pstatic.net/20250918_55/1758173238552kohL4_PNG/2025-%B8%DE%B4%BA%B0%B3%C6%ED-%B4%A9%B3%A2-%BB%F8%B7%AF%B5%F0_%B1%D7%B6%F3%BA%EA%B6%F4%BD%BA%BF%AC%BE%EE-%B6%EC%C1%F6.png
1083405900,53,노릇두부단호박 샐러디,9200,9200,9200,노릇하게 익혀 고소한 두부와 달콤한 단호박이 조화롭게 어우러진 비건 탄·단·지 메뉴,false,https://ldb-phinf.pstatic.net/20250918_235/1758173220892xBsLl_PNG/2025-%B8%DE%B4%BA%B0%B3%C6%ED-%B4%A9%B3%A2-%BB%F8%B7%AF%B5%F0_%B5%CE%BA%CE%B4%DC%C8%A3%B9%DA.png
1083405900,54,비빔메밀면 누들볼,6400,6400,6400,"신선한 채소와 계란, 고소한 메밀면에 매콤달콤한 고추장비빔 드레싱이 어우러진 비빔메밀면",false,https://ldb-phinf.pstatic.net/20250918_241/1758173195915LfpEU_PNG/2025-%B8%DE%B4%BA%B0%B3%C6%ED-%B4%A9%B3%A2-%B4%A9%B5%E9%BA%BC_%BA%F1%BA%F6%B8%DE%B9%D0%B8%E9.png
1083405900,55,우삼겹메밀면 누들볼,9300,9300,9300,감칠맛의 간장소스로 양념한 우삼겹과 고소한 메밀면 조합의 풍부한 맛의 샐러디 인기메뉴,false,https://ldb-phinf.pstatic.net/20250918_229/1758173137278XqJLy_PNG/2025-%B8%DE%B4%BA%B0%B3%C6%ED-%B4%A9%B3%A2-%B4%A9%B5%E9%BA%BC_%BF%EC%BB%EF%B0%E3%B8%DE%B9%D0%B8%E9.png
1083405900,56,그라브락스 연어 파스타 누들볼,11900,11900,11900,그라브락스 연어에 향긋한 바질파스타를 곁들인 지중해풍 파스타 샐러드,false,https://ldb-phinf.pstatic.net/20250918_288/1758173114563CKAzd_PNG/2025-%B8%DE%B4%BA%B0%B3%C6%ED-%B4%A9%B3%A2-%B4%A9%B5%E9%BA%BC_%BF%AC%BE%EE%C6%C4%BD%BA%C5%B8.png
1083405900,57,고소삼겹 들기름파스타 누들볼,9900,9900,9900,듀럼밀 누들과 들기름이 만나 고소하고 로스트삼겹이 더해져 다채로운 감칠맛이 매력적인 메뉴,false,https://ldb-phinf.pstatic.net/20260310_215/1773104556844AhD3Y_PNG/%C5%B0%BF%C0%BD%BA%C5%A9%B4%A9%B5%E9%BA%BC_%B0%ED%BC%D2%BB%EF%B0%E3.png
1083405900,58,칠리베이컨 포케볼,8900,8900,8900,"베이컨, 계란, 옥수수의 고소함과 통곡물, 적채, 후리가케 등 풍성한 토핑의 포케볼",false,https://ldb-phinf.pstatic.net/20260310_238/1773104576530jO2U3_PNG/%C5%B0%BF%C0%BD%BA%C5%A9%C6%F7%C4%C9%BA%BC_%C4%A5%B8%AE%BA%A3%C0%CC%C4%C1_%B5%FC%C1%F6.png
1083405900,59,우삼겹 포케볼,9400,9400,9400,"간장 소스로 양념한 우삼겹에 고소한 견과류, 통곡물, 적채, 후리가케 토핑의 포케볼",false,https://ldb-phinf.pstatic.net/20260310_213/1773104610850RLkJM_PNG/%C5%B0%BF%C0%BD%BA%C5%A9%C6%F7%C4%C9%BA%BC_%BF%EC%BB%EF%B0%E3.png
1083405900,60,노릇노릇두부 포케볼,8900,8900,8900,"고소한 두부와 쫄깃한 버섯에 통곡물, 적채, 견과류 등 담백하고 든든한 포케볼",false,https://ldb-phinf.pstatic.net/20260310_156/1773104634719ci65u_PNG/%C5%B0%BF%C0%BD%BA%C5%A9%C6%F7%C4%C9%BA%BC_%B3%EB%B8%A9%B5%CE%BA%CE_%B5%FC%C1%F6.png
1083405900,61,바베큐닭다리살 포케볼,9900,9900,9900,"닭다리살에 매콤달콤한 바베큐소스를 곁들인 계란, 통곡물, 적채 후리가케 토핑의 포케볼",false,https://ldb-phinf.pstatic.net/20260310_71/17731046688676Gr4r_PNG/%C5%B0%BF%C0%BD%BA%C5%A9%C6%F7%C4%C9%BA%BC_%B9%D9%BA%A3%C5%A5%B4%DF%B4%D9%B8%AE%BB%EC.png
1083405900,62,그라브락스 연어 포케볼,11400,11400,11400,"그라브락스 연어와 통곡물, 적채, 후리가케 등 풍성한 토핑의 포케볼",false,https://ldb-phinf.pstatic.net/20260310_103/177310468633274CmG_PNG/%C5%B0%BF%C0%BD%BA%C5%A9%C6%F7%C4%C9%BA%BC_%B1%D7%B6%F3%BA%EA%B6%F4%BD%BA_%BF%AC%BE%EE_%B5%FC%C1%F6.png
1083405900,63,로스트삼겹 포케볼,9900,9900,9900,"로스트 삼겹살에 양파플레이크, 통곡물, 후리가케 등 풍성한 토핑 포케볼",false,https://ldb-phinf.pstatic.net/20260310_34/1773104725538RmCNo_PNG/%C5%B0%BF%C0%BD%BA%C5%A9%C6%F7%C4%C9%BA%BC_%B7%CE%BD%BA%C6%AE%BB%EF%B0%E3.png
1083405900,64,바베큐삼겹 덮밥,7900,7900,7900,"간장 베이스 곡물밥에 바베큐삽겹, 스크램블 에그, 적채 양파를 더한 덮밥",false,https://ldb-phinf.pstatic.net/20260310_108/1773104774735USppd_PNG/%C5%B0%BF%C0%BD%BA%C5%A9%B5%A4%B9%E4_%B9%D9%BA%A3%C5%A5%BB%EF%B0%E3.png
1083405900,65,로스트닭다리살마요 덮밥,8400,8400,8400,"간장 베이스 곡물밥에 닭다리살 마요, 스크램블 에그, 적채, 양파를 더한 덮밥",false,https://ldb-phinf.pstatic.net/20260310_137/1773104889284eMYfM_PNG/%C5%B0%BF%C0%BD%BA%C5%A9%B5%A4%B9%E4_%B7%CE%BD%BA%C6%AE%B4%DF%B4%D9%B8%AE%BB%EC_%B5%FC%C1%F6.png
1083405900,66,닭다리살 MAX 프로틴 박스,12900,12900,12900,3배 가득 풍성하게 올린 닭다리살에 1.5배 든든한 곡물밥의 프로틴 도시락,false,https://ldb-phinf.pstatic.net/20260310_133/17731049684563QNCD_PNG/%C5%B0%BF%C0%BD%BA%C5%A9%C7%C1%B7%CE%C6%BE%B9%DA%BD%BA_%B4%DF%B4%D9%B8%AE%BB%ECMAX_%B5%FC%C1%F6.png
1083405900,67,치킨 MAX 프로틴 파스타,12900,12900,12900,3배 가득 풍성하게 올린 닭가슴살에 2배 든든한 바질파스타의 프로틴 박스,false,https://ldb-phinf.pstatic.net/20260310_291/1773105058495a78Bz_PNG/%C5%B0%BF%C0%BD%BA%C5%A9%C7%C1%B7%CE%C6%BE%B9%DA%BD%BA_%C4%A1%C5%B2MAX_%B5%FC%C1%F6.png
1083405900,68,우삼겹 MAX 프로틴 박스,12900,12900,12900,3배 가득 풍성하게 올린 우삼겹에 1.5배 든든한 곡물밥의 프로틴 도시락,false,https://ldb-phinf.pstatic.net/20260310_190/17731050310533Fs0X_PNG/%C5%B0%BF%C0%BD%BA%C5%A9%C7%C1%B7%CE%C6%BE%B9%DA%BD%BA_%BF%EC%BB%EF%B0%E3MAX_%B5%FC%C1%F6.png
1083405900,69,에그마요 랩,5500,5500,5500,"부드러운 에그마요와 톡톡 터지는 옥수수, 바삭한 나쵸가 토핑된 스낵 스타일의 랩 샌드위치",false,https://ldb-phinf.pstatic.net/20260310_170/1773105118624JwTll_PNG/%C5%B0%BF%C0%BD%BA%C5%A9%B7%A6_%BF%A1%B1%D7%B8%B6%BF%E4.png
1083405900,70,멕시칸 랩,7200,7200,7200,"매콤달콤한 크리미칠리 드레싱과 그라운드비프, 나쵸 토핑이 어우러진 스테디 랩 샌드위치",false,https://ldb-phinf.pstatic.net/20260310_179/1773105129953oOCOM_PNG/%C5%B0%BF%C0%BD%BA%C5%A9%B7%A6_%B8%DF%BD%C3%C4%AD%B7%A6_%B5%FC%C1%F6.png.png
1083405900,71,시저치킨 랩,7200,7200,7200,"닭가슴살과 상큼한 크랜베리, 치즈풍미의 시저드레싱이 어우러진 랩 샌드위치",false,https://ldb-phinf.pstatic.net/20260310_226/1773105146677BWWTX_PNG/%C5%B0%BF%C0%BD%BA%C5%A9%B7%A6_%BD%C3%C0%FA%C4%A1%C5%B2.png
1083405900,72,바질치킨 랩,7900,7900,7900,바질페스토와 부드러운 닭가슴살이 어우러진 랩 샌드위치,false,https://ldb-phinf.pstatic.net/20260310_281/1773105163242bGTCl_PNG/%C5%B0%BF%C0%BD%BA%C5%A9%B7%A6_%B9%D9%C1%FA%C4%A1%C5%B2.png
1083405900,73,타코 쉬림프 랩,9200,9200,9200,"케이준 쉬림프, 나쵸칩, 사워크림, 신선한 채소를 가득 담은 타코 스타일의 랩 샌드위치",false,https://ldb-phinf.pstatic.net/20260310_161/1773105203602hQCKl_PNG/%C5%B0%BF%C0%BD%BA%C5%A9%B7%A6_%C5%B8%C4%DA%BD%AC%B8%B2%C7%C1_%B5%FC%C1%F6.png
1083405900,74,그라브락스 연어 랩,9200,9200,9200,그라브락스 연어와 양파 등 토핑과 산뜻한 크리미할라피뇨 드레싱이 어우러진 랩 샌드위치,false,https://ldb-phinf.pstatic.net/20260310_208/17731052703554bmJq_PNG/%C5%B0%BF%C0%BD%BA%C5%A9%B7%A6_%B1%D7%B6%F3%BA%EA%B6%F4%BD%BA%BF%AC%BE%EE.png
1083405900,75,로스트 닭다리살 랩,8900,8900,8900,"닭다리살과 토마토, 할라피뇨, 사워크림 토핑이 어우러져 중독성이 강한 랩 샌드위치",false,https://ldb-phinf.pstatic.net/20260310_91/1773105342109p3GkV_PNG/%C5%B0%BF%C0%BD%BA%C5%A9%B7%A6_%B7%CE%BD%BA%C6%AE%B4%DF%B4%D9%B8%AE%BB%EC.png
1083405900,76,칠리베이컨 곡물랩,7400,7400,7400,"베이컨, 에그, 옥수수의 고소하고 매콤달콤한 소스 조합과 통곡물이 만나 든든한 랩 샌드위치",false,https://ldb-phinf.pstatic.net/20260310_235/1773105358652bIKF1_PNG/%C5%B0%BF%C0%BD%BA%C5%A9%B7%A6_%C4%A5%B8%AE%BA%A3%C0%CC%C4%C1_%B5%FC%C1%F6.png
1083405900,77,고소우삼겹 곡물랩,8400,8400,8400,"저당 들기름소이 소스로 양념한 우삼겹과 견과류, 통곡물이 만나 더욱 든든한 랩 샌드위치",false,https://ldb-phinf.pstatic.net/20260310_236/1773105369494WsDun_PNG/%C5%B0%BF%C0%BD%BA%C5%A9%B7%A6_%B0%ED%BC%D2%BF%EC%BB%EF%B0%E3%B0%EE%B9%B0%B7%A6_%B5%FC%C1%F6.png
1083405900,78,바베큐닭다리살 곡물랩,8400,8400,8400,"닭다리살, 매콤달콤 바베큐소스로 중독성 강한 조합에, 통곡물이 만나 든든한 랩 랩 샌드위치",false,https://ldb-phinf.pstatic.net/20260310_293/1773105387616Hji2z_PNG/%C5%B0%BF%C0%BD%BA%C5%A9%B7%A6_%B9%D9%BA%A3%C5%A5%B4%DF%B4%D9%B8%AE%BB%EC.png
1086988618,0,에그마요,5900,5900,5900,고소한 맛남!,false,https://ldb-phinf.pstatic.net/20250401_64/1743470013072ITuJS_JPEG/1000074876.jpg
1086988618,1,로티세리 바비큐 치킨,7800,7800,7800,부드럽고 촉촉한 맛!,false,https://ldb-phinf.pstatic.net/20250401_175/1743470145231xs0Tn_JPEG/1000074879.jpg
1086988618,2,스테이크&치즈,8500,8500,8500,풍미 가득한 맛!,false,https://ldb-phinf.pstatic.net/20250401_279/1743470256869FRkPu_JPEG/1000074882.jpg
1096319161,0,1인,9000,9000,9000,,false,https://ldb-phinf.pstatic.net/20230908_114/1694159910239LvPIT_JPEG/KakaoTalk_20230908_165418323_04.jpg
1098964052,0,겨울한정 대방어 상차림,,,,겨울 한정으로 제공되는 대방어 세트입니다.,true,
1098964052,1,대방어 2인 상차림,65000,65000,65000,"대방어 중간 접시, 기본 상차림",true,
1098964052,2,대방어 3~4인 상차림,109000,109000,109000,"대방어 큰 접시, 기본 상차림, 문어해물라면",true,
1098964052,3,돌문어 + 대방어 2~3인 상차림,89000,89000,89000,"돌문어 중간 접시, 대방어 중간 접시, 기본 상차림",true,
1098964052,4,돌문어 + 대방어 5~6인 상차림,149000,149000,149000,"돌문어 큰 접시, 대방어 큰 접시, 기본 상차림, 돌문어해물라면",true,
1098964052,5,대방어 + 생굴 2인 상차림,85000,85000,85000,"대방어 중간 접시, 생굴 한접시, 기본 상차림",true,
1098964052,6,대방어 + 생굴 3~4인 상차림,129000,129000,129000,"대방어 큰 접시, 생굴 한접시, 기본 상차림, 문어해물라면",true,
1098964052,7,돌문어 간단 술차림,32000,32000,32000,"돌문어 작은 접시, 기본 상차림",true,https://ldb-phinf.pstatic.net/20220528_282/1653747625730gOKLp_JPEG/KakaoTalk_20220528_231150291_02.jpg
1098964052,8,돌문어 세트 中 2-3인분,47000,47000,47000,"돌문어 중간 접시, 기본 상차림",true,https://ldb-phinf.pstatic.net/20220528_31/16537476410378rega_JPEG/KakaoTalk_20220528_231150291_01.jpg
1098964052,9,돌문어 세트 大 3-4인분,62000,62000,62000,"돌문어 큰 접시, 기본 상차림, 문어해물라면",true,https://ldb-phinf.pstatic.net/20220528_54/16537476521982znFh_JPEG/KakaoTalk_20220528_231150291.jpg
1098964052,10,돌문어 + 수육 세트 小,43000,43000,43000,"돌문어 작은 접시, 돼지수육 작은 접시, 기본 상차림",true,
1098964052,11,돌문어 + 수육 세트 中,63000,63000,63000,"돌문어 중간 접시, 돼지수육 중간 접시, 기본 상차림",true,
1098964052,12,돌문어 + 수육 세트 大,85000,85000,85000,"돌문어 큰 접시, 돼지수육 큰 접시, 기본 상차림, 문어해물라면",true,
1098964052,13,기본 상차림,1,,,"한 메뉴당 기본 상차림 한 셋트가 제공되며, 기본 상차림에는 두부전, 김치, 초밥, 김, 우동국물이 제공 됩니다.
초밥을 제외한 상차림은 리필 가능합니다.",false,
1098964052,14,맑은 백합탕,39000,39000,39000,백합이 듬뿍들어있는 시원한 맑은 백합탕.,false,
1099442759,0,바지락수제비,11000,11000,11000,,false,https://ldb-phinf.pstatic.net/20220425_225/16508672349957h6JN_JPEG/1650866286728.jpg
1099442759,1,바지락칼국수,11000,11000,11000,,false,https://ldb-phinf.pstatic.net/20220425_259/1650867186669rM4sd_JPEG/1650866292653.jpg
1099442759,2,멸치 칼국수,9000,9000,9000,,false,https://ldb-phinf.pstatic.net/20220425_5/16508672777296e0lF_JPEG/JPEG_20210126_205426.jpg
1099442759,3,멸치수제비,9000,9000,9000,,false,https://ldb-phinf.pstatic.net/20220425_33/1650867439620N6e4U_JPEG/JPEG_20210126_205407.jpg
1099442759,4,얼큰칼국수,10000,10000,10000,,false,https://ldb-phinf.pstatic.net/20220425_240/1650867302441H8xUe_JPEG/JPEG_20210126_205440.jpg
1099442759,5,얼큰해물수제비,10000,10000,10000,,false,https://ldb-phinf.pstatic.net/20220425_17/1650867456995l1PIB_JPEG/JPEG_20210126_205452.jpg
1099442759,6,열무칼국수,10000,10000,10000,,false,https://ldb-phinf.pstatic.net/20230530_71/1685443465362X5KPb_JPEG/20210518_140804.jpg
1099442759,7,콩칼국수,11000,11000,11000,국내산 검은콩,false,https://ldb-phinf.pstatic.net/20230530_213/1685443419377EogYx_JPEG/JPEG_20210518_150034.jpg
1099442759,8,비빔칼국수,10000,10000,10000,,false,https://ldb-phinf.pstatic.net/20220425_100/1650867336742teGtc_JPEG/JPEG_20210126_205503.jpg
1099442759,9,제육뚝배기,10000,10000,10000,,false,https://ldb-phinf.pstatic.net/20220425_206/1650867416572M1imQ_JPEG/JPEG_20210126_205517.jpg
1099442759,10,만두,6000,6000,6000,,false,https://ldb-phinf.pstatic.net/20220425_263/1650867361022NlDzH_JPEG/JPEG_20210126_205555.jpg
1102164767,0,팟타이,14000,14000,14000,타마린드소스로 맛을 낸 태국대표볶음면,true,https://ldb-phinf.pstatic.net/20220930_105/16645340937327owwl_JPEG/1658213040776.jpg
1102164767,1,소고기쌀국수,13000,13000,13000,깊고 진한 육수로 맛을 낸 소고기쌀국수,false,https://ldb-phinf.pstatic.net/20220930_101/1664534245431wrOPX_JPEG/20220909_143050.jpg
1102164767,2,똠얌쌀국수,13000,13000,13000,똠얌베이스와 쌀국수만남,true,https://ldb-phinf.pstatic.net/20220930_238/1664534194129twl5c_JPEG/1660717078534.jpg
1102164767,3,뿌팟풍커리,20000,20000,20000,부드러운 게튀김위에 커리소스가 올라간요리,true,https://ldb-phinf.pstatic.net/20220930_299/1664534018007Atk2K_JPEG/1660717089835.jpg
1102164767,4,나시고랭,14000,14000,14000,해산물과숙주를 넣은 인도네시아식볶음밥,false,https://ldb-phinf.pstatic.net/20220930_274/1664533908763ffhDv_JPEG/1660717078302.jpg
1102164767,5,카오팟뿌,12000,12000,12000,부드러운게살이들어간볶음밥,false,https://ldb-phinf.pstatic.net/20220930_157/1664533704676JW7pU_JPEG/1658213040968.jpg
1102164767,6,카오팟꿍,13000,13000,13000,새우볶음밥,false,https://ldb-phinf.pstatic.net/20240304_44/1709547554210RhyxS_JPEG/1000015874.jpg
1102164767,7,카오팟사파롯,16000,16000,16000,은은한 커리향과 파인애플의달콤한 볶음밥,false,https://ldb-phinf.pstatic.net/20220930_104/16645339593312SlSU_JPEG/1654590413119.jpg
1102164767,8,쏨땀,11000,11000,11000,파파야로 만든 태국 대표 샐러드,false,https://ldb-phinf.pstatic.net/20231028_76/1698480926018ukgTA_JPEG/17838.jpg
1102164767,9,카이룩커이,7000,7000,7000,삶은계란을 튀교 타마란드소스를 곁들인 계란요리,false,https://ldb-phinf.pstatic.net/20220930_211/1664534400921RCi7i_JPEG/20220909_164359.jpg
1102164767,10,짜죠 4p,10000,10000,10000,러이스페이퍼를 이용한 튀김만두,false,https://ldb-phinf.pstatic.net/20220930_229/1664534344896Wwd9X_JPEG/1655191868448.jpg
1102164767,11,텃만꿍 3개,12000,12000,12000,직접새우를 다져 만든 태국식새우 고로케(수제),false,https://ldb-phinf.pstatic.net/20231028_278/1698480894718YL5k9_JPEG/17821.jpg
1105115941,0,점심 수육+막국수 정식,17900,17900,17900,살살녹는 가브리살 수육 + 새콤달콤매콤 막국수 !!,false,https://ldb-phinf.pstatic.net/20240601_7/1717209039398IPg6G_PNG/IMG_2050.png
1105115941,1,점심 수육정식,14900,14900,14900,살살녹는 가브리살 수육,false,https://ldb-phinf.pstatic.net/20240601_84/1717208951377vHrwR_PNG/IMG_2050.png
1105115941,2,족발 앞발,47000,47000,47000,"대한민국에서 제일 야들야들한 해가옥 족발! 핑크솔트,홀그레인 머스타드,와사비와 곁들여드세요",true,https://ldb-phinf.pstatic.net/20241029_212/1730170535943JFE2s_JPEG/%C0%CF%B9%DD.jpeg
1105115941,3,족발 뒷발,42000,42000,42000,"대한민국에서 제일 야들야들한 해가옥 족발! 핑크솔트,홀그레인 머스타드,와사비와 곁들여드세요",false,https://ldb-phinf.pstatic.net/20241029_257/173017061933359IYR_JPEG/%C0%CF%B9%DD.jpeg
1105115941,4,불 족발,47000,47000,47000,매콤달달 불족,false,https://ldb-phinf.pstatic.net/20240519_208/1716101036979NjIb0_JPEG/1000006446.jpg
1105115941,5,마늘 족발,47000,47000,47000,단짠단짠 마늘족,false,https://ldb-phinf.pstatic.net/20240519_16/17161010308803NXhQ_JPEG/1000006445.jpg
1105115941,6,갈비 족발,47000,47000,47000,"이것은 갈비인가 족발인가?
단짠의 정점!!",true,https://ldb-phinf.pstatic.net/20240708_66/1720431663277JtxMf_JPEG/%B0%A5%BA%F1%C1%B7%B9%DF1.jpg
1105115941,7,마라 족발,47000,47000,47000,마라샹궈 베이스의 족발. 마라MZ 모여라 ~~,false,https://ldb-phinf.pstatic.net/20241029_69/1730170180993kkKwT_JPEG/1000050461561_i1_1200.jpg
1105115941,8,반반족발(일반+양념),47000,47000,47000,일반족발과 양념족발을 모두 맛보실 수 있습니다.,false,https://ldb-phinf.pstatic.net/20241029_44/1730170512586bFaUd_JPEG/%B9%DD%B9%DD.jpeg
1105115941,9,반반 족발 (양념+양념),47000,47000,47000,"두가지 양념족발을 맛보실 수 있습니다.
(마늘, 불족, 갈비, 마라 중 2가지 선택)",false,
1105115941,10,가브리살 수육 (소),32000,32000,32000,살살녹는 가브리살 수육(1~2인분),false,https://ldb-phinf.pstatic.net/20240602_206/1717318515570li6wg_JPEG/IMG_2127.jpeg
1105115941,11,가브리살 수육 (중),39000,39000,39000,살살녹는 가브리살 수육 (2~3인분),false,https://ldb-phinf.pstatic.net/20240602_216/1717318645133HU79f_JPEG/IMG_2127.jpeg
1105115941,12,가브리살 수육 (대),47000,47000,47000,살살녹는 가브리살 수육(3~4인분),false,https://ldb-phinf.pstatic.net/20240602_286/1717318731055f4zyw_JPEG/IMG_2127.jpeg
1105115941,13,들기름막국수,12000,12000,12000,해가옥의 특제소스 들기름에 고소한 메밀면의 만남,false,https://ldb-phinf.pstatic.net/20240601_13/1717209675681U85J5_JPEG/IMG_2060.jpeg
1105115941,14,쟁반막국수,12000,12000,12000,"매콤한 국물이 자작자작 시원한 쟁반막국수 ~
족발과 최고의 궁합",false,https://ldb-phinf.pstatic.net/20241029_220/1730169296915GV6cU_GIF/IMG_6041.gif
1105115941,15,해물부추전,12000,12000,12000,"매콤한 간장에 톡 찍어먹으면 환상 ~
해물이 가득 들어간 순정 해물부추전",false,https://ldb-phinf.pstatic.net/20240604_30/1717466225584ytWYG_JPEG/IMG_9333.jpeg
1105115941,16,해물김치전,12000,12000,12000,아삭아삭 김치와 해물이 가득 들어가있는 혜자 김치전,false,https://ldb-phinf.pstatic.net/20240604_183/1717466169311vKmVn_JPEG/IMG_2157.jpeg
1111119137,0,돈까스+메밀국수,10000,10000,10000,,false,
1111119137,1,돈까스+우동,11000,11000,11000,,false,
1111119137,2,라면+주먹밥,6000,6000,6000,,false,
1111119137,3,막국수+주먹밥,9000,9000,9000,,false,
1111370028,0,꼬막비빔밥,13000,13000,13000,,false,
1111370028,1,알탕,12000,12000,12000,,false,
1111370028,2,알찜(1인),20000,20000,20000,통통한 알이 가득! 매콤한 양념으로 밥도둑 완성!,true,
1111370028,3,아구찜(1인),20000,20000,20000,쫄깃한 아구와 아삭한 야채의 얼큰한 만남!,true,
1111370028,4,회무침(2인),41000,41000,41000,신선한 회에 새콤달콤 양념 더한 입맛 돋우는 별미!,true,https://ldb-phinf.pstatic.net/20250623_248/1750645256571Yipio_JPEG/DSC_6399_%BA%B9%BB%E7.jpg
1111370028,5,해물찜2~3인,75000,75000,75000,"전복, 낙지, 새우 등 해물 가득 매콤한 풍미 폭발!",true,https://ldb-phinf.pstatic.net/20250623_274/1750645512397U83Rx_JPEG/DSC_6444_%BA%B9%BB%E7.jpg
1111370028,6,메로찜(1인),30000,30000,30000,부드러운 메로살에 깊은 양념이 스며든 진한 맛!,false,https://ldb-phinf.pstatic.net/20250623_260/1750645587843xT9kN_JPEG/DSC_6433_%BA%B9%BB%E7.jpg
1111370028,7,해물찜3~4인,98000,98000,98000,"전복, 낙지, 새우 등 해물 가득 매콤한 풍미 폭발!",false,https://ldb-phinf.pstatic.net/20250623_126/1750645526010LMyfT_JPEG/DSC_6450_%BA%B9%BB%E7.jpg
1111370028,8,메로전골(1인),33000,33000,33000,메로의 고소함 가득! 깊고 진한 국물 맛이 일품!,false,
1111370028,9,알전골(1인),20000,20000,20000,알이 퐁퐁 터지는 국물 맛! 얼큰하고 진한 전골!,false,
1111370028,10,꽃게탕2~3인,67000,67000,67000,꽃게 속살과 시원한 육수가 어우러진 별미 탕!,true,https://ldb-phinf.pstatic.net/20250623_219/1750644651659zyzB0_JPEG/DSC_6492_%BA%B9%BB%E7.jpg
1111370028,11,꽃게탕3~4인,81000,81000,81000,꽃게 속살과 시원한 육수가 어우러진 별미 탕!,false,https://ldb-phinf.pstatic.net/20250623_160/1750645190678UMctE_JPEG/DSC_6488_%BA%B9%BB%E7.jpg
1111370028,12,해물탕2~3인,78000,78000,78000,싱싱한 해물로 우려낸 국물! 개운한 바다의 맛!,false,
1111370028,13,해물탕3~4인,100000,100000,100000,싱싱한 해물로 우려낸 국물! 개운한 바다의 맛!,false,
1111370028,14,간장게장,41000,41000,41000,"밥 비벼 먹기 딱 좋은 깊고 짭조름한 밥도둑 게장!
하루전 예약주문만 받습니다",false,https://ldb-phinf.pstatic.net/20220130_121/1643543673957WXhYl_JPEG/20210914_143712.jpg
1112808726,0,고추장불백,10000,10000,10000,,false,https://ldb-phinf.pstatic.net/20211109_78/1636455835164Nipy1_JPEG/6t7kC36mwgrBYD_ZKsQ6I_fe.jpg
1112808726,1,간장불백,10000,10000,10000,,false,
1112808726,2,맵콩우삼겹,12000,12000,12000,,false,
1112808726,3,뚝배기제육,10000,10000,10000,,false,
1112808726,4,옛날삼겹살(저녁메뉴),10000,10000,10000,,false,
1112808726,5,삼겹살 쭈꾸미볶음,12000,12000,12000,,false,
1112808726,6,우삼겹쭈꾸미볶음,13000,13000,13000,,false,
1112808726,7,새우 쭈구미 삼겹살볶음,14000,14000,14000,,false,
1112808726,8,새우 쭈구미 우삼겹볶음,15000,15000,15000,,false,
1127351030,0,삼겹수육찜,15000,15000,15000,돼지고기를 물에 삶지 않고 찜기를 이용해 쪄내 수분과 육즙이 덜 빠져나가서 촉촉한 수육찜,false,https://ldb-phinf.pstatic.net/20260401_113/1775001957692l6vHV_PNG/%BB%EF%B0%E3%BC%F6%C0%B0%C2%F2.png
1127351030,1,삼겹수육&모둠순대찜,15000,15000,15000,촉촉한 수육찜과 통통한 순대 모둠찜,false,https://ldb-phinf.pstatic.net/20260401_198/1775001977913Q7m1b_PNG/%BB%EF%B0%E3%B8%F0%B5%D2%BC%F8%B4%EB%C2%F2.png
1127351030,2,토속 맑은 순대국 정식,14000,14000,14000,1인 삼겹수육찜 + 토속 맑은 순대국 정식 세트,false,https://ldb-phinf.pstatic.net/20260401_36/1775002079340pMpfS_JPEG/1%C0%CE%C1%A4%BD%C4%B8%DE%B4%BA.jpg
1127351030,3,(특)토속 맑은 순대국 정식,16000,16000,16000,1인 삼겹수육찜 + (특)토속 맑은 순대국 정식 세트,false,https://ldb-phinf.pstatic.net/20260401_101/1775002173244721yd_JPEG/1%C0%CE%C1%A4%BD%C4%B8%DE%B4%BA.jpg
1127351030,4,얼큰 해장 순대국 정식,15000,15000,15000,1인 삼겹수육찜 + 얼큰 해장 순대국 정식 세트,false,https://ldb-phinf.pstatic.net/20260401_72/1775002144318QM3Cv_JPEG/1%C0%CE%C1%A4%BD%C4%B8%DE%B4%BA.jpg
1127351030,5,(특)얼큰 해장 순대국 정식,17000,17000,17000,1인 삼겹수육찜 + (특)얼큰 해장 순대국 정식 세트,false,https://ldb-phinf.pstatic.net/20260401_287/1775002198766Ojcmd_JPEG/1%C0%CE%C1%A4%BD%C4%B8%DE%B4%BA.jpg
1127351030,6,돼지국밥 정식,15000,15000,15000,1인 삼겹수육찜 + 돼지국밥 정식 세트,false,https://ldb-phinf.pstatic.net/20260401_114/1775002221977qCDRU_JPEG/1%C0%CE%C1%A4%BD%C4%B8%DE%B4%BA.jpg
1127351030,7,(특)돼지국밥 정식,17000,17000,17000,1인 삼겹수육찜 + 돼지국밥 정식 세트,false,https://ldb-phinf.pstatic.net/20260401_288/1775002237869jRd40_JPEG/1%C0%CE%C1%A4%BD%C4%B8%DE%B4%BA.jpg
1127351030,8,토속 맑은 순대국,11000,11000,11000,쇠고기 뼈를 우려낸 육수로 7회 이상 정성을 가득 담아 토렴한 순대국밥,true,https://ldb-phinf.pstatic.net/20250604_267/1749012671979VS2Y4_JPEG/%C5%E4%BC%D3%B8%BC%C0%BA%BC%F8%B4%EB%B1%B9.jpg
1127351030,9,토속 맑은 순대국 (특),13000,13000,13000,쇠고기 뼈를 우려낸 육수로 7회 이상 정성을 가득 담아 토렴한 순대국밥,false,https://ldb-phinf.pstatic.net/20250604_218/1749014708982hiINO_JPEG/%C5%E4%BC%D3%B8%BC%C0%BA%BC%F8%B4%EB%B1%B9.jpg
1127351030,10,얼큰 해장 순대국,12000,12000,12000,"칼칼한 국물, 든든한 고기와 순대 청양고추,깻잎순,당면이 듬뿍 들어간 해장 순대국밥",true,https://ldb-phinf.pstatic.net/20250604_201/1749012660572hLN2Y_JPEG/%BE%F3%C5%AB%C7%D8%C0%E5%BC%F8%B4%EB%B1%B9.jpg
1127351030,11,얼큰 해장 순대국 (특),14000,14000,14000,"칼칼한 국물, 든든한 고기와 순대 청양고추,깻잎순,당면이 듬뿍 들어간 해장 순대국밥",false,https://ldb-phinf.pstatic.net/20250604_202/1749014731399hId7u_JPEG/%BE%F3%C5%AB%C7%D8%C0%E5%BC%F8%B4%EB%B1%B9.jpg
1127351030,12,경상도 돼지국밥,12000,12000,12000,"구수한 국물에 잡내 없는 돼지고기와 당면이 들어간 돼지국밥의 원조, 경상도식 돼지국",true,https://ldb-phinf.pstatic.net/20250604_34/1749014803260h6SVQ_JPEG/%B0%E6%BB%F3%B5%B5%B5%C5%C1%F6%B1%B9%B9%E4.jpg
1127351030,13,경상도 돼지국밥 (특),14000,14000,14000,"구수한 국물에 잡내 없는 돼지고기와 당면이 들어간 돼지국밥의 원조, 경상도식 돼지국",false,https://ldb-phinf.pstatic.net/20250604_150/1749014794091ntU0m_JPEG/%B0%E6%BB%F3%B5%B5%B5%C5%C1%F6%B1%B9%B9%E4.jpg
1127351030,14,뼈해장국,14000,14000,14000,국내산 돼지 등뼈와 우거지를 넣어 깔끔하고 얼큰한 뼈해장국,false,https://ldb-phinf.pstatic.net/20250604_103/1749014578962ODLEB_JPEG/%BB%C0%C7%D8%C0%E5%B1%B9.jpg
1127351030,15,통순대 철판 구이 (저녁한정),12000,12000,12000,,false,https://ldb-phinf.pstatic.net/20260401_235/1775002108418b56OK_PNG/%C5%EB%BC%F8%B4%EB%C3%B6%C6%C7%B1%B8%C0%CC.png
1127351030,16,편육,5000,5000,5000,돼지 머리나 내장 등을 삶아 눌러 굳힌 후 얇게 썬 편육,false,https://ldb-phinf.pstatic.net/20251211_181/1765412998349xqnFC_JPEG/%C6%ED%C0%B0.jpg
1128796253,0,그랑감태&샌드 샐러드,14400,14400,14400,밥도먹고 빵도먹고 가벼운 리코타치즈 샐러드로 마음도 챙기세요,false,https://ldb-phinf.pstatic.net/20250729_112/1753774173395KAdnq_JPEG/IMG_1051-EDIT.jpg
1128796253,1,그랑 왕눈이 세트,11900,11900,11900,햄치즈샌드위치 & 감태밥 그랑샌드 인기 메뉴의 만남~ 든든한 한끼 왕눈이가 책임져요,true,https://ldb-phinf.pstatic.net/20250729_99/17537746296516nDeh_JPEG/32._%B1%D7%B6%FB%BF%D5%B4%AB%C0%CCset.jpg
1128796253,2,아보카도 샐러드,14900,14900,14900,"부드러운 아보카도와 담백한 두부, 병아리콩, 버섯, 계란까지 영양 가득한 균형잡힌 한 끼",false,https://ldb-phinf.pstatic.net/20250729_234/1753775033695Y7W8M_JPEG/IMG_1040-EDIT.jpg
1128796253,3,수비드 닭가슴살 샐러드-닭고기100g,14900,14900,14900,"수비드로 부드럽게 익힌 닭가슴살에 병아리콩, 계란, 두부, 버섯 등 영양을 꽉 채운 샐러드",false,https://ldb-phinf.pstatic.net/20250503_30/1746262809899DVxVc_JPEG/%BC%F6%BA%F1%B5%E5_%B4%DF%B0%A1%BD%BF%BB%EC_%BB%F8%B7%AF%B5%E5.jpg
1128796253,4,그랑샌드 반반샐러드,10900,10900,10900,"든든하게, 상큼하게! 입은 즐겁게, 몸은 가볍게!
샌드위치와 리코타샐러드의 찰떡궁합",false,https://ldb-phinf.pstatic.net/20250503_23/17462621905797pCtE_JPEG/23._%B9%DD%B9%DD%BB%F8%B7%AF%B5%E5.jpg
1128796253,5,시그니처 - 블랙올리브 치킨 샌드위치,12500,12500,12500,"지중해의 건강한 맛
블랙 올리브와 풍미 가득 머금은 버섯이 듬뿍
그랑샌드 시그니처 샌드위치",true,https://ldb-phinf.pstatic.net/20250504_20/1746326511795OTzdF_JPEG/01._%BD%C3%B1%D7%B4%CF%C3%B3%29%BA%ED%B7%A2%BF%C3%B8%AE%BA%EA%C6%E4%BD%BA%C5%E4_%C4%A1%C5%B2%BB%F7%B5%E5%C0%A7%C4%A102.jpg
1128796253,6,나홀로 감태주먹밥,5400,5400,5400,"현미곤약밥에 담백한 참치무스를 감태로 싼 주먹밥, 하나만 먹어도 든든합니다.",false,https://ldb-phinf.pstatic.net/20250503_215/1746261365948IzP0k_JPEG/22._%B3%AA%C8%A6%B7%CE_%B0%A8%C5%C2%C1%D6%B8%D4%B9%E4.jpg
1128796253,7,그랑볼_샐러드,10900,10900,10900,각종 계절 야채를 베이스로 맛있게 숙성된 당근라페/구운두부/반숙란까지 건강하고 든든한 한끼,false,https://ldb-phinf.pstatic.net/20250320_18/17424818584278c1nL_JPEG/%B1%D7%B6%FB%BA%BC_%BB%F8%B7%AF%B5%E5.jpg
1128796253,8,명란마요찍고 참치품은 그랑감태(3개),10800,10800,10800,"고급스러운 감태와 짭조롬한 명란, 부드러운 참치, 고소한 마요네즈가 어우러진 특별한 주먹밥",true,https://ldb-phinf.pstatic.net/20250813_21/17550741581781J5Ds_JPEG/%B1%D7%B6%FB%B0%A8%C5%C202.jpg
1128796253,9,생연어 볼 샐러드 (연어100g),18500,18500,18500,"연어 러버를 위한 신선하고 든든한 한 끼!
비린내를 잡은 생연어를 큼직하게 담았습니다.",false,https://ldb-phinf.pstatic.net/20250414_115/1744587519425yFcKf_JPEG/%BF%AC%BE%EE%BA%BC.jpg
1128796253,10,감태밥_볼 샐러드,14400,14400,14400,현미/곤약/찰현미/납짝보리/혈당잡는 파로에 감태주먹밥을 담아 건강한 든든함을 함께 했어요,true,https://ldb-phinf.pstatic.net/20250320_44/17424821643207iAaI_JPEG/%B0%A8%C5%C2%B9%E4_%BA%BC_%BB%F8%B7%AF%B5%E5.jpg
1128796253,11,[단체 도시락] 그랑 타코볼,,,,"그랑타코볼(아보카도포함)+나초칲
현미잡곡밥으로 비벼드세요~ (아보카도 제외 가능)",false,https://ldb-phinf.pstatic.net/20250729_90/17537767780706jBjK_JPEG/%B4%DC%C3%BC_%B5%B5%BD%C3%B6%F4_%B1%D7%B6%FB%C5%B8%C4%DA%BA%BC_1.jpg
1128796253,12,[단체 도시락] 그랑 왕눈이 세트,,,,감태밥2알과 햄치즈 하프로 구성된 단체 도시락 인기 메뉴 (샌드위치 변경 가능),true,https://ldb-phinf.pstatic.net/20250729_222/1753776149653MAh08_JPEG/%B1%D7%B6%FB%BF%D5%B4%AB%C0%CC_%B4%DC%C3%BC_1.jpg
1128796253,13,[단체] 김밥세트(최소 20개 이상),,,,"단체 김밥 세트에는 주문 가능 제한이 있습니다
(6~8월 불가, 최소 주문 20개 이상)",false,https://ldb-phinf.pstatic.net/20250317_67/1742200812398R1xqh_JPEG/%B4%DC%C3%BC_%B5%B5%BD%C3%B6%F4_02.JPG
1128796253,14,크랜베리 치킨 샌드위치,10500,10500,10500,새콤달콤 크랜베리와 부드러운 치킨의 완벽 조합! 국내산 냉장 닭가슴살을 직접 수비드합니다,false,https://ldb-phinf.pstatic.net/20250315_28/1742049994728zJltr_JPEG/02.%C5%A9%B7%A3%BA%A3%B8%AE_%BC%F6%BA%F1%B5%E5%C4%A1%C5%B2_%BB%F7%B5%E5%C0%A7%C4%A1.jpg
1128796253,15,아보카도 BLT 샌드위치,11500,11500,11500,"잘 익은 아보카도의 부드러움과 고소한 베이컨, 매장에서 직접 수비드한 냉장 닭가슴살의 조합",false,https://ldb-phinf.pstatic.net/20250316_271/17420888186889SoM7_JPEG/04._%BE%C6%BA%B8%C4%AB%B5%B5BLT_%BB%F7%B5%E5%C0%A7%C4%A1.jpg
1128796253,16,에그무스 샌드위치,7900,7900,7900,부드럽고 촉촉한 에그무스를 가득 채운 담백한 한 끼! 가볍지만 든든한 클래식 샌드위치,false,https://ldb-phinf.pstatic.net/20250316_195/1742051023883xK16F_JPEG/03._%BF%A1%B1%D7%B9%AB%BD%BA_%BB%F7%B5%E5%C0%A7%C4%A1.jpg
1128796253,17,햄치즈 에그 샌드위치,9800,9800,9800,"클래식 조합, 실패 없는 맛!
담백한 에그와 짭조름한 햄, 고소한 치즈가 어우러진 영양만점",false,https://ldb-phinf.pstatic.net/20250422_128/1745302652948rbtGV_JPEG/05._%C7%DC%C4%A1%C1%EE_%BF%A1%B1%D7_%BB%F7%B5%E5%C0%A7%C4%A1_0422.jpg
1128796253,18,Half)블랙올리브페스토 치킨샌드위치,6300,6300,6300,"가격은 절반, 만족은 두 배!
고소한 블랙올리브페스토와 촉촉한 수비드 치킨의 풍미",false,https://ldb-phinf.pstatic.net/20250729_129/17537737767661pXr4_JPEG/07._Half%29%BA%ED%B7%A2%BF%C3%B8%AE%BA%EA%C6%E4%BD%BA%C5%E4_%C4%A1%C5%B2%BB%F7%B5%E5%C0%A7%C4%A1.jpg
1128796253,19,Half) 크린베리 치킨 샌드위치,5300,5300,5300,"매장에서 직접 수비드한 부드러운 치킨과 새콤달콤 크랜베리, 하프버전으로 가볍게 드셔보세요",false,https://ldb-phinf.pstatic.net/20250414_276/1744588355296SKGFz_JPEG/%C4%A1%C5%B2%C7%CF%C7%C1.jpg
1128796253,20,Half) 햄치즈 에그 샌드위치,4900,4900,4900,"담백한 에그와 햄치즈, 반값에 즐기는 영양만점 한 끼!",false,https://ldb-phinf.pstatic.net/20250320_84/1742480383055XEeMu_JPEG/Half%29_%C7%DC%C4%A1%C1%EE_%BF%A1%B1%D7_%BB%F7%B5%E5%C0%A7%C4%A1.jpg
1128796253,21,Half) 에그무스 샌드위치,4000,4000,4000,"부드러운 에그무스와 담백한 맛, 하프로 간편하게 즐기세요",false,https://ldb-phinf.pstatic.net/20250320_179/1742480315696G5yz9_JPEG/Half%29_%BF%A1%B1%D7%B9%AB%BD%BA_%BB%F7%B5%E5%C0%A7%C4%A1.jpg
1128796253,22,에그당근라페치아바타 샌드위치,5800,5800,5800,"신선한 채소와 달콤한 당근라페, 고소한 비건 마요와 오믈렛이 쫄깃한 치아바타에 담긴 한 끼",false,https://ldb-phinf.pstatic.net/20250422_157/1745303169251cgmWs_JPEG/06._%BA%F1%B0%C7%B8%B6%BF%E4-%BF%A1%B1%D7%B4%E7%B1%D9%B6%F3%C6%E4%C4%A1%BE%C6%B9%D9%C5%B8_%BB%F7%B5%E5%C0%A7%C4%A1_half.jpg
1128796253,23,Half) 아보카도 BLT 샌드위치,5800,5800,5800,아보카도·베이컨·수비드 치킨! 하프로 즐기는 BLT 샌드위치,false,https://ldb-phinf.pstatic.net/20250422_15/1745304486919oHfNE_JPEG/10._Half%29_%BE%C6%BA%B8%C4%AB%B5%B5_BLT_%BB%F7%B5%E5%C0%A7%C4%A1.jpg
1128796253,24,그릭요거 생연어 샌드위치,8800,8800,8800,"알룰로스와 레몬즙, 허브, 수제그릭 요거트에 생연어의 조합! 칼로리 걱정없는 건강한 한 끼",false,https://ldb-phinf.pstatic.net/20250422_216/1745305942823TrXfv_JPEG/20._Half%29_%B1%D7%B8%AF%BF%E4%B0%C5_%BB%FD%BF%AC%BE%EE_%BB%F7%B5%E5%C0%A7%C4%A1.jpg
1128796253,25,HOT) 아메리카노,3000,3000,3000,"묵직한 바디감, 복합적인 단맛, 에스프레소 2샷으로 완성한 산뜻함, 그랑샌드 아메리카노",false,https://ldb-phinf.pstatic.net/20250503_188/1746269706648cqHqO_PNG/25._HOT%29_%BE%C6%B8%DE%B8%AE%C4%AB%B3%EB.png
1128796253,26,ICE) 아메리카노,3500,3500,3500,"에스프레소 2샷으로 완성한 차가움 속 깊은 향,
그랑샌드만의 아이스 아메리카노",false,https://ldb-phinf.pstatic.net/20250503_139/1746269807870COiVk_JPEG/ICE%29_%BE%C6%B8%DE%B8%AE%C4%AB%B3%EB.jpg
1128796253,27,HOT) 카페라떼,4000,4000,4000,"부드러운 우유 거품 위로 퍼지는 따뜻한 향기,
오늘 하루 시작을 그랑샌드 라떼와 함께하세요",false,https://ldb-phinf.pstatic.net/20250503_185/1746270618509pASJo_PNG/27._HOT%29_%C4%AB%C6%E4%B6%F3%B6%BC.png
1128796253,28,ICE) 카페라떼,4500,4500,4500,달지 않게 균형 잡힌 에스프레소와 고소한 우유가 어우러진 그랑샌드 아이스카페라떼,false,https://ldb-phinf.pstatic.net/20250503_137/1746270890592yXAF2_JPEG/28._ICE%29_%C4%AB%C6%E4%B6%F3%B6%BC.jpg
1128796253,29,HOT) 바닐라라떼,4300,4300,4300,은은한 바닐라 향과 부드러운 우유가 어우러진 따뜻한 바닐라 라떼,false,https://ldb-phinf.pstatic.net/20250503_15/1746277038538sOfy6_PNG/29._HOT%29_%B9%D9%B4%D2%B6%F3%B6%F3%B6%BC.png
1128796253,30,ICE) 바닐라라떼,4800,4800,4800,"진한 에스프레소에 바닐라의 달콤한을 더해, 시원하고 부드럽게 즐기는 그랑샌드 아바라",false,https://ldb-phinf.pstatic.net/20250503_233/1746277618482th8vK_PNG/30._ICE%29_%B9%D9%B4%D2%B6%F3%B6%F3%B6%BC.png
1133096736,0,시그니처 블랙 트러플 북경오리,190000,190000,190000,최상의 맛을 전달드리기 위해 미리 조리해놓지 않으니 최소 2일전 사전 예약 부탁드립니다.,true,https://ldb-phinf.pstatic.net/20250514_168/1747209613222yQEuz_JPEG/qmffordhfl.jpg
1133096736,1,시그니처 북경오리(베이징덕),120000,120000,120000,최상의 맛을 전달드리기 위해 미리 조리해놓지 않으니 최소 2일전 사전 예약 부탁드립니다.,true,https://ldb-phinf.pstatic.net/20240404_265/1712218319903S0USd_JPEG/KakaoTalk_20240109_190023052_07.jpg
1133096736,2,소홍주 칠리새우,45000,45000,45000,홍콩 현지의 현대적인 느낌이 가미된 시그니처 소홍주 칠리새우 입니다.,false,https://ldb-phinf.pstatic.net/20240404_104/1712219217494iNLGt_JPEG/15-2.jpg
1133096736,3,비퐁당 마늘소스 쉘크랩,45000,45000,45000,홍콩 현지 느낌의 현대적인 메뉴로 비퐁당 마늘소스가 일품인 시그니처 요리 입니다.,false,https://ldb-phinf.pstatic.net/20240404_228/1712219327470d2yLd_JPEG/16-2.jpg
1133096736,4,어니언 버터 꿔바로우,38000,38000,38000,꿔바로우(탕수육)에 버터를 올려 풍미를 높인 시그니처 탕수육 메뉴 입니다.,false,https://ldb-phinf.pstatic.net/20240404_5/1712219381191eGWf5_JPEG/19-2.jpg
1133096736,5,간장소스 유자 유린기,40000,40000,40000,간장과 유자로 만든 특제소스가 일품인 유린기 입니다.,false,https://ldb-phinf.pstatic.net/20240404_17/1712219840112J1wBH_JPEG/21-3.jpg
1133096736,6,사천식 라즈지,40000,40000,40000,정통 중화요리에 사천 현지 느낌이 가미된 매콤한 요리 입니다.,false,https://ldb-phinf.pstatic.net/20240404_107/1712219737666v6qVz_JPEG/20-3.jpg
1133096736,7,새우볼 마파두부,35000,35000,35000,매콤새콤한 마파 소스에 새우볼과 두부를 정성스럽게 담은 요리 입니다.,false,https://ldb-phinf.pstatic.net/20240404_259/17122194984324Un5C_JPEG/23-2.jpg
1133096736,8,황비홍 깐풍기,40000,40000,40000,정통 중화요리 느낌의 황비홍 깐풍기 입니다.,false,https://ldb-phinf.pstatic.net/20240404_52/1712219679249Hc3U4_JPEG/18-4.jpg
1133096736,9,런치 세트,48000,48000,48000,런치 세트는 평일 런치 / 주말 및 공휴일은 모든 시간대 주문 가능합니다.,false,https://ldb-phinf.pstatic.net/20241010_293/1728540323579kBVTO_JPEG/%C6%E4%C0%CC%B5%F5_%B8%DE%B4%BA%C6%C7_%C4%DA%BD%BA%C3%DF%B0%A1_%C7%D1%C0%DA%B8%ED_%C3%E2%B7%C2%BF%EB_4p.jpg
1133096736,10,올 데이 코스,78000,78000,78000,,false,https://ldb-phinf.pstatic.net/20241010_264/1728540315338yvrVt_JPEG/%C6%E4%C0%CC%B5%F5_%B8%DE%B4%BA%C6%C7_%C4%DA%BD%BA%C3%DF%B0%A1_%C7%D1%C0%DA%B8%ED_%C3%E2%B7%C2%BF%EB_3p.jpg
1133096736,11,시그니처 코스,168000,168000,168000,,false,https://ldb-phinf.pstatic.net/20241010_222/1728540307395Hhgkk_JPEG/%C6%E4%C0%CC%B5%F5_%B8%DE%B4%BA%C6%C7_%C4%DA%BD%BA%C3%DF%B0%A1_%C7%D1%C0%DA%B8%ED_%C3%E2%B7%C2%BF%EB_2p.jpg
1133096736,12,바베큐 & 딤섬,,,,4/6 부터 딤섬 판매 재개합니다. 이용에 참고 부탁드립니다. 감사합니다.,false,https://ldb-phinf.pstatic.net/20260401_101/1775019464050ApwXE_JPEG/KakaoTalk_20260401_110056108_04.jpg
1133096736,13,탕,,,,,false,https://ldb-phinf.pstatic.net/20260401_241/1775019501156MQGgX_JPEG/KakaoTalk_20260401_110056108_03.jpg
1133096736,14,냉채 & 채소 & 두부,,,,,false,https://ldb-phinf.pstatic.net/20260401_128/1775019524821qmic7_JPEG/KakaoTalk_20260401_110056108_02.jpg
1133096736,15,해산물,,,,,false,https://ldb-phinf.pstatic.net/20260401_64/1775019542963ycVod_JPEG/KakaoTalk_20260401_110056108_01.jpg
1133096736,16,식사,,,,,false,https://ldb-phinf.pstatic.net/20260401_43/1775019567142Xz75q_JPEG/KakaoTalk_20260401_110056108_12.jpg
1133096736,17,육류,,,,,false,https://ldb-phinf.pstatic.net/20260401_4/1775019552494CE4ly_JPEG/KakaoTalk_20260401_110056108.jpg
1133096736,18,와인,,,,,false,https://ldb-phinf.pstatic.net/20241007_66/1728305627577hGI0Y_JPEG/%C6%E4%C0%CC%B5%F5_%B8%DE%B4%BA%C6%C7_%C4%DA%BD%BA%C3%DF%B0%A1_%C3%E2%B7%C2%BF%EB_11p.jpg
1133096736,19,음료 & 주류,,,,,false,https://ldb-phinf.pstatic.net/20241007_70/1728305636245YklnQ_JPEG/%C6%E4%C0%CC%B5%F5_%B8%DE%B4%BA%C6%C7_%C4%DA%BD%BA%C3%DF%B0%A1_%C3%E2%B7%C2%BF%EB_12p.jpg
1146075553,0,자장면,10000,10000,10000,,false,
1146075553,1,매운고추자장면,11000,11000,11000,,false,
1146075553,2,짬뽕,13000,13000,13000,,false,
1146075553,3,해물탕면,14000,14000,14000,,false,
1146075553,4,차돌마라탕면,15000,15000,15000,,false,
1146075553,5,짬뽕밥,13000,13000,13000,,false,
1146075553,6,마늘볶음밥,14000,14000,14000,,false,
1146075553,7,해산물볶음밥,14000,14000,14000,,false,
1146075553,8,차슈볶음밥,14000,14000,14000,,false,
1146075553,9,XO계살볶음밥,15000,15000,15000,,false,
1146075553,10,가지두부덮밥,14000,14000,14000,,false,
1146075553,11,해물덮밥,18000,18000,18000,,false,
1146075553,12,칠리삼겹덮밥,15000,15000,15000,,true,
1146075553,13,양장피,38000,38000,38000,,false,
1146075553,14,닭고기양상추쌈,43000,43000,43000,,false,https://ldb-phinf.pstatic.net/20191215_224/1576383428727ipJig_JPEG/yBfjKWbpMwFAnS54kEBeKEv1.jpg
1146075553,15,마파두부(대),35000,35000,35000,,false,
1146075553,16,공심채볶음,18000,18000,18000,,false,
1146075553,17,양배추볶음,16000,16000,16000,,false,
1146075553,18,누룽지탕,45000,45000,45000,,false,
1146075553,19,산라탕,45000,45000,45000,,false,
1146075553,20,가지튀김,16000,16000,16000,,false,
1146075553,21,고수무침,12000,12000,12000,,false,
1146075553,22,오이무침,12000,12000,12000,,false,
1146075553,23,해산물바스켓,48000,48000,48000,,false,
1146075553,24,꿀호두크림새우,45000,45000,45000,,false,
1146075553,25,마늘소금새우,45000,45000,45000,,true,
1146075553,26,마라새우,45000,45000,45000,,true,
1146075553,27,탕수육(L),38000,38000,38000,,true,
1146075553,28,동파육,50000,50000,50000,,false,
1146075553,29,마라오향장육,63000,63000,63000,,false,
1146075553,30,칠리삼겹살,40000,40000,40000,,false,
1146075553,31,소고기브로콜리,45000,45000,45000,,false,
1146075553,32,XO소스 소고기,45000,45000,45000,,false,
1146075553,33,무슈비프,48000,48000,48000,,false,
1146075553,34,공보기정,43000,43000,43000,,false,
1146075553,35,유린기,38000,38000,38000,,false,
1146075553,36,매운마라닭고기,38000,38000,38000,,false,
1152105461,0,진짜 ''김치찌개'',10000,10000,10000,두툼한 국내산 전지와 숙성 김치를 듬뿍 넣고 끓여낸 시원하고 칼칼한 김치찌개,true,https://ldb-phinf.pstatic.net/20210609_221/1623215842270HeeTa_JPEG/48CNjvcZXTQMtSxnzmYoREZm.jpeg.jpg
1152105461,1,중독 ''김치짜박이'',10000,10000,10000,국물을 자박자박하게 듬박이 대표메뉴 김치짜박이 입니다 매콤 달달하게 만들어 밥도둑입니다!,true,https://ldb-phinf.pstatic.net/20210609_220/16232159709081bBPO_JPEG/JZKd0u-VDux8SZE60mVlHAfc.jpeg.jpg
1152105461,2,매운 ''돼지김치찜'',26000,26000,26000,듬박이만의 특별한 맛! 매콤하면서도 계속 끌리는맛 돼지김치찜입니다. 빠지면 헤어나올수없어요,true,https://ldb-phinf.pstatic.net/20210612_100/1623488762946KSDqu_JPEG/sWEQOmgqfJrXcAWPwzl8eqEs.jpeg.jpg
1152105461,3,보들 ''계란말이'',8000,8000,8000,모든 메뉴와 찰떡 궁합 보들보들 모두가 아는 행복한 그 맛,false,https://ldb-phinf.pstatic.net/20210612_148/162348877597162zDc_JPEG/54W6EVLaJMxzTHzlTl_6Uq1c.jpeg.jpg
1152105461,4,볶음 ''그~잡채'',8000,8000,8000,"입안 가득 감칠맛과 불향, 잡채의 새로운 해석",false,https://ldb-phinf.pstatic.net/20240417_18/17133615799211eU33_JPEG/%BA%BA%C0%BD%C0%E2%C3%A4.jpg
1152105461,5,직화 ''제육볶음'',9000,9000,9000,매콤 달콤 맛깔스러운 양념에 직화 방식의 불맛 인생 제육볶음,false,https://ldb-phinf.pstatic.net/20240417_171/1713361484519v6nKK_JPEG/%C1%A6%C0%B0%BA%BA%C0%BD.jpg
1152105461,6,낭만 ''돈불고기'',9000,9000,9000,낭만 돈불고기 드신분들은 따른 사이드메뉴 안 찾으십니다 온니 돈불고기 정말 맛나요.,false,https://ldb-phinf.pstatic.net/20210612_29/1623488789006seoU4_JPEG/cXHJfj3gzLFuPvK_U-Fc8v5S.jpeg.jpg
1153831976,0,마라해물짜장,12000,12000,12000,,false,https://ldb-phinf.pstatic.net/20221105_66/1667647293050jQpPx_JPEG/1667646882283-1.jpg
1153831976,1,전가복,50000,50000,50000,,false,https://ldb-phinf.pstatic.net/20221105_167/1667647214532IPiK7_JPEG/1667646054055.jpg
1153831976,2,차엔짜장,9000,9000,9000,,false,https://ldb-phinf.pstatic.net/20221105_38/166764702828827rtI_JPEG/1667646882283-3.jpg
1153831976,3,차엔짬뽕,11000,11000,11000,,false,https://ldb-phinf.pstatic.net/20180629_15/1530240982568PRrsq_JPEG/cffUM8zxeZfRNWkQ5-0et5eA.JPG.jpg
1153831976,4,해물볶음짜장,11000,11000,11000,,false,https://ldb-phinf.pstatic.net/20221105_283/1667647076392IgY9z_JPEG/1667646067030.jpg
1153831976,5,와인탕수육,24000,24000,24000,,true,https://ldb-phinf.pstatic.net/20221105_232/1667647049390CImMQ_JPEG/1667646882283-0.jpg
1153831976,6,사천안심탕수육,24000,24000,24000,,false,
1153831976,7,짬뽕밥,11000,11000,11000,,false,
1153831976,8,차돌짬뽕,13000,13000,13000,,true,https://ldb-phinf.pstatic.net/20221105_6/1667647097430wd5zE_JPEG/1667646882283-2.jpg
1153831976,9,깐풍기,28000,28000,28000,,false,
1153831976,10,마늘볶음밥,11000,11000,11000,,false,
1153831976,11,해물잡채밥,13000,13000,13000,,false,
1153831976,12,고추잡채밥,13000,13000,13000,,false,
1153831976,13,동파육,37000,37000,37000,,false,https://ldb-phinf.pstatic.net/20221105_219/1667647120676kcBw8_JPEG/1667645984894.jpg
1153831976,14,오향장육,39000,39000,39000,,false,
1153831976,15,양장피,34000,34000,34000,,false,https://ldb-phinf.pstatic.net/20221105_172/1667651977694o8pvN_JPEG/1667651919638.jpg
1164953099,0,하츠도시락 등심카츠(포장만가능),13000,13000,13000,"자른 등심카츠 6피스, 밥, 양배추샐러드, 단무지, 산고추, 갓김치,장국으로 구성된 도시락",false,https://ldb-phinf.pstatic.net/20241022_35/1729574118055PVs0g_PNG/20241022_133050.png
1164953099,1,하츠도시락 안심카츠(포장만가능),13000,13000,13000,"자른안심카츠 6피스, 밥, 양배추샐러드, 단무지, 산고추, 갓김치, 장국으로 구성된 도시락",false,https://ldb-phinf.pstatic.net/20241021_169/17294995674786FhkR_PNG/20241021_172725.png
1164953099,2,등심돈카츠우동정식,15000,15000,15000,일본식으로 빵가루를 입혀 두툼하게 튀겨낸 쫄깃한 돈카츠,false,https://ldb-phinf.pstatic.net/20250407_230/174399264205763XBK_PNG/1707558523408_remastered.png
1164953099,3,안심돈카츠우동정식,15000,15000,15000,일본식으로 빵가루를 입혀 동그랗게 튀겨낸 부드러운 돈카츠,false,https://ldb-phinf.pstatic.net/20250407_39/1743992691819LMsx7_PNG/Screenshot_20240211_154904_NAVER.png
1164953099,4,치즈돈카츠 우동정식,18000,18000,18000,한돈등심 슬라이스로 통모짜렐라치즈를 감싸 빵가루를 묻혀 튀긴 치즈카츠 4피스(단품선택가능),false,https://ldb-phinf.pstatic.net/20250714_219/1752453207100gVJFX_PNG/74aec99a-65db-4586-a349-4bf549a7e1a9_%281%29.png
1164953099,5,믹스카츠우동정식,22000,22000,22000,"등심, 안심, 새우를 한번에 즐길 수 있는 모듬카츠",false,https://ldb-phinf.pstatic.net/20250407_291/17439927766983gJwu_PNG/Screenshot_20240211_154651_NAVER.png
1164953099,6,등심카레 우동정식,16000,16000,16000,두툼한 등심카츠와 함께 즐기는 일본식으로 끓여 낸 카레,false,https://ldb-phinf.pstatic.net/20240211_24/1707647873347ruAyP_PNG/Screenshot_20231008_154145_NAVER.png
1164953099,7,안심카레 우동정식,16000,16000,16000,부드러운 안심카츠와 함께 즐기는 일본식으로 끓여 낸 카레,false,https://ldb-phinf.pstatic.net/20240211_9/1707647890305krhES_PNG/Screenshot_20240211_154346_NAVER.png
1164953099,8,치킨카레 우동정식,15000,15000,15000,수제 치킨가라아게와 함께 즐기는 일본식으로 끓여 낸 카레,false,https://ldb-phinf.pstatic.net/20240218_110/1708215679875DrWDQ_PNG/20240216_181140.png
1164953099,9,갈릭꽃등심 스테이크 우동정식,20000,20000,20000,하츠의 특제 마늘소스로 구워 낸 꽃등심 스테이크,false,https://ldb-phinf.pstatic.net/20240211_298/1707647931601UVhJC_PNG/1707558523091.png
1164953099,10,칠리 찹스테이크 우동정식,20000,20000,20000,야채와 함께 매콤달콤한 칠리소스를 입힌 직화 스테이크,false,https://ldb-phinf.pstatic.net/20240211_72/17076479534135En37_PNG/1707558523526.png
1164953099,11,페퍼 찹스테이크 우동정식,20000,20000,20000,통후추의 풍미을 입힌 직화 스테이크,false,https://ldb-phinf.pstatic.net/20240211_167/1707647973050CIERi_PNG/1707558523018.png
1164953099,12,훈재연어 샐러드,33000,33000,33000,훈재연어와 참치 각종 샐러드를 믹스하여 상큼한 드레싱으로 맛을낸 샐러드안주,false,https://ldb-phinf.pstatic.net/20250528_238/1748365860998zGXI9_PNG/20250415_194211.png
1164953099,13,참치타다키,34000,34000,34000,황새치 몸통부위를 직사각형 모양으로 얇게자른후 겉면만 살짝익혀 양파드레싱과 곁들여먹는 안주,false,https://ldb-phinf.pstatic.net/20250405_114/1743851823008D5L7q_PNG/20250325_213318.png
1164953099,14,아이스황도,17000,17000,17000,황도와 후르츠 칵테일을 믹스하고 각얼음으로 맛을낸 시원한 술안주,false,https://ldb-phinf.pstatic.net/20250405_162/1743852162503MrYtF_PNG/20250402_224907.png
1164953099,15,모찌리도후,12000,12000,12000,생크림 우유 크림치즈를 믹스하여 찹살 모찌모양으로 만들어낸 일본의 대표술안주,false,https://ldb-phinf.pstatic.net/20250405_198/17438520869616yV2Q_PNG/20250403_200512.png
1164953099,16,메로구이,36000,36000,36000,맥반석 직화 그릴위에서 구워내는 메로구이,false,https://ldb-phinf.pstatic.net/20250106_254/1736153546872ldSbl_PNG/20241216_203531.png
1164953099,17,카츠 모리아와세(모듬 돈카츠),27000,27000,27000,"돈등심, 돈안심, 치즈, 새우를 빵가루를 입혀 일본식으로 튀겨낸 하츠의 카츠 모듬 구성",false,https://ldb-phinf.pstatic.net/20241123_269/1732352917673zEE0u_PNG/%C4%AB%C3%F7%B8%F0%B8%AE%BE%C6%BF%CD%BC%BC.png
1164953099,18,테바사키 가라아게(닭날개튀김)12ps,23000,23000,23000,간장향과 후추향이 어우러진 얇은 튀김옷의 나고야식 닭날개튀김 12ps,false,https://ldb-phinf.pstatic.net/20240913_179/1726216631826ERceL_PNG/%C5%D7%B9%D9%BB%E7%C5%B0.png
1164953099,19,치킨 난반,26000,26000,26000,"숙성된 닭다리살과 허벅지살을 저온에서 튀겨낸뒤, 타르타르소스를 덮어먹는 미야자키식 닭튀김",false,https://ldb-phinf.pstatic.net/20240211_104/1707644259350AOGWF_PNG/1707558523461.png
1164953099,20,에비후라이,25000,25000,25000,새우 8마리를 빵가루를 입혀 튀겨낸 일본식 새우카츠,false,https://ldb-phinf.pstatic.net/20240211_77/1707644208577YtUMQ_PNG/20240211_183544.png
1164953099,21,소삼겹 숙주 데판야키,24000,24000,24000,소의 삼겹 부위를 센불에서 숙주와 함께 빠르게 볶아낸 일본식 철판요리,false,https://ldb-phinf.pstatic.net/20240211_191/1707643922855xWnLT_PNG/1707558523876.png
1164953099,22,반건조 오징어와 믹스너트,21000,21000,21000,반건조오징어 1마리와 믹스너트가 포함된 간단한 마른안주,false,https://ldb-phinf.pstatic.net/20241101_299/1730469664144mV74r_PNG/20241029_202932.png
1164953099,23,야키소바 오믈렛,26000,26000,26000,매운 특제야끼소바로 맛을 낸 일본식 볶음국수를 계란과 함께 곁들여 먹는 오믈렛,false,https://ldb-phinf.pstatic.net/20250528_132/1748366718236vGvmm_PNG/20250325_211423.png
1164953099,24,간사이 오뎅탕,25000,25000,25000,"가쓰오다시 국물에 일본식 간장과 다양한 어묵, 해물을 넣고 끓여내어 깔끔한 국물의 오뎅탕",false,https://ldb-phinf.pstatic.net/20240211_40/1707652730586cBBTe_PNG/Screenshot_20240211_154248_NAVER.png
1164953099,25,나가사키 짬뽕,25000,25000,25000,일본식 중화요리 나가사키 짬뽕의 하얀 돈코츠 육수에 칼칼한 맛을 추가한 퓨전일식,false,https://ldb-phinf.pstatic.net/20240225_211/1708872489892rOPTY_PNG/Screenshot_20240225_234552_NAVER.png
1164953099,26,맥반석 야키토리 7종(소금맛),27000,27000,27000,"소금시즈닝을한넙적다리살,목살,어깨살,무릎연골,날개,염통,가슴연골,은행을맥반석에구운닭꼬치7종",false,https://ldb-phinf.pstatic.net/20240301_89/1709291096035XuAQp_PNG/20240301_192629.png
1164953099,27,소고기 타다키,28000,28000,28000,특제 갈릭소스로 숙성시킨 꽃등심을 직화로 구운후 얇게 포를뜬 일본식 소고기요리,false,https://ldb-phinf.pstatic.net/20240913_217/1726216464890VvNtK_PNG/20240830_210103.png
1164953099,28,갈릭 꽃등심 스테이크,36000,36000,36000,특제 갈릭소스로 숙성시킨 꽃등심을 직화로 구워내 마늘의 풍미가 가득한 스테이크,false,https://ldb-phinf.pstatic.net/20250604_180/17489750233565S0ml_PNG/20250603_222319.png
1164953099,29,페퍼 찹스테이크,36000,36000,36000,통후추의 풍미을 입힌 직화 스테이크,false,https://ldb-phinf.pstatic.net/20250405_220/1743851648268YYBns_PNG/20250306_192732.png
1164953099,30,칠리 찹스테이크,36000,36000,36000,야채와 함께 매콤달콤한 칠리소스를 입힌 직화 스테이크,false,https://ldb-phinf.pstatic.net/20241021_297/1729487815045vMT4w_PNG/20241017_185123.png
1164953099,31,스테이크&새우 바베큐플레터,42000,42000,42000,갈릭꽃등심 스테이크와 직화로 구운 칠리새우를 함께 즐길수있는 스페셜 플래터,false,https://ldb-phinf.pstatic.net/20250405_286/174385167712733Vnu_PNG/20250402_203327.png
1165109972,0,매생이 순두부 라국밥,11000,11000,11000,매생이와순두부의환상의조화,false,https://ldb-phinf.pstatic.net/20260530_110/1780094828685JmolD_JPEG/34674.jpg
1165109972,1,공ㆍ진ㆍ떡(공방진국떡볶이),8000,8000,8000,공방의 비법 소스를 결합한 우려낸 깊은 육수에 공방에서만 맛볼수 있는 특별식,false,https://ldb-phinf.pstatic.net/20260530_205/1780094946017jmBGx_JPEG/34443.jpg
1165109972,2,돼ㆍ두ㆍ김국밥(돼지고기두부김치찌개국밥,10000,10000,10000,모든메뉴는 밥과 수란이 따로 나옵니다ㆍ수란은 콩나물과 국물을 조금 넣어서 먼저 드세요~,false,https://ldb-phinf.pstatic.net/20250929_273/1759128990944x8N3Q_JPEG/1000061804.jpg
1165109972,3,애호박돼지공방국밥,12000,12000,12000,"다양한 건강한 육수로 만든 국밥공방만의 보양식같은 한끼 식사
든든하게 드시러 오세요!~",true,https://ldb-phinf.pstatic.net/20260530_102/1780098098117T0JaG_JPEG/34677.jpg
1165109972,4,공방 순두부 찌개 라국밥,11000,11000,11000,공방만의 특색있는 순두부찌개 국밥을 드셔보세요!~,false,https://ldb-phinf.pstatic.net/20250106_159/1736093884858SHoQ8_JPEG/1000047588.jpg
1165109972,5,공방 부대찌개 라국밥,12000,12000,12000,"공방에서 맛볼스 있는 나만의 특별한 일인 부대찌개
라국밥 드시러 오세요!",false,https://ldb-phinf.pstatic.net/20250108_39/1736291730533ztrwW_JPEG/1000047777.jpg
1165109972,6,공방 내장탕 라국밥,11000,11000,11000,"공방에서 맛볼수 있는 정말 맛있는 내장탕 라국밥
드시러 오세요!",false,https://ldb-phinf.pstatic.net/20250108_160/1736291803047rBD5K_JPEG/1000047776.jpg
1165109972,7,황태콩나물국밥,10000,10000,10000,깊은 국물로 우려낸 시원한 황태콩콩나물 국밥 수락놔 함께하는환상조합,false,https://ldb-phinf.pstatic.net/20260530_7/1780098324895wEXLe_JPEG/34678.jpg
1165109972,8,공방스페셜돈까스,11000,11000,11000,"공방에서만 맛볼수 있는 입안에서 느껴보는 풍미를
즐길 수 있는 돈까스 맛보러 오세요!~",false,https://ldb-phinf.pstatic.net/20250106_38/1736094097532EJI7G_JPEG/1000047594.jpg
1165109972,9,물밀면 + 직화고기,12000,12000,12000,호불호 없는 시원한 육수속 밀면,false,https://ldb-phinf.pstatic.net/20250531_270/1748678470258TVEhH_JPEG/1000052176.jpg
1165109972,10,비빔밀면 + 직화고기,12000,12000,12000,새콤달콤 공방소스에 맛있는 비빔밀면,false,https://ldb-phinf.pstatic.net/20250531_48/1748678688729QJR5u_JPEG/1000052167.jpg
1165109972,11,김치말이물밀면 + 직화고기,12000,12000,12000,새콤달콤 공방만의 무침김치에 호불호없는 냉육수에 김치말이 물밀면,false,https://ldb-phinf.pstatic.net/20250531_25/1748678853300I8aiJ_JPEG/1000052162.jpg
1165109972,12,김치말이 비빔밀면 + 직화고기,12000,12000,12000,공방만의 무침김치와 함께 곁들이는 김치말이비빔밀면,false,https://ldb-phinf.pstatic.net/20250531_262/1748678956426ijpdT_JPEG/1000052156.jpg
1165109972,13,들기름비빔밀면 + 직화고기,12000,12000,12000,"고솜고솜한 향긋한 들기름비빔밀면
후회없는 특별한맛",false,https://ldb-phinf.pstatic.net/20250531_49/1748679186457nPHxT_JPEG/1000052146.jpg
1165109972,14,겉바속촉 떡갈비바 (2bar),7000,7000,7000,특재소스에 폭 찍어서 먹는 맛있는 맛,false,https://ldb-phinf.pstatic.net/20250608_16/1749390101226r2kox_JPEG/1000056975.jpg
1168399901,0,치폴레 치킨버거,10000,10000,10000,,false,
1168399901,1,온플릭 클래식,10000,10000,10000,"소고기패티,아메리칸치즈,베이컨,딜피클,양파,토마토,로메인",true,https://ldb-phinf.pstatic.net/20240621_183/17189616664557YGK2_JPEG/SmartSelect_20230327_133520.jpg
1168399901,2,치즈버거,9000,9000,9000,"소고기패티,아메리칸치즈x2,피클랠리쉬,양파,토마토, 로메인,케첩,머스타드",false,https://ldb-phinf.pstatic.net/20240621_199/1718961804077DVOBg_JPEG/SmartSelect_20230327_133554.jpg
1168399901,3,아보카도치즈버거,11000,11000,11000,"소고기패티,아메리칸치즈,구운양파,아보카도,토마토,로메인,랜치",false,https://ldb-phinf.pstatic.net/20240621_19/1718961833645lemJE_JPEG/SmartSelect_20230327_133618.jpg
1168399901,4,트러플모짜버거,12000,12000,12000,"소고기패티,아메리칸치즈,구운양파,썬드라이토마토,모짜렐라,할라피뇨,트러플오일,루꼴라발사믹마요",true,https://ldb-phinf.pstatic.net/20240621_191/17189618582684WHNw_JPEG/SmartSelect_20230327_133647.jpg
1168399901,5,비프칠리버거,9500,9500,9500,"소고기패티,아메리칸치즈,구운양파,비프칠리,스파이시치즈소스,로메인",false,https://ldb-phinf.pstatic.net/20240621_134/1718961883398gnPIJ_JPEG/SmartSelect_20230327_133710.jpg
1168399901,6,하와이안버거,9500,9500,9500,"소고기패티,아메리칸치즈,파인애플,베이컨,로메인,데리야끼",false,https://ldb-phinf.pstatic.net/20240621_300/1718961910410VKnI0_JPEG/SmartSelect_20230327_133738.jpg
1168553145,0,설렁탕,11000,11000,11000,사골육수와 고기육수의 절묘한 조화가 일품인 설렁탕,true,https://ldb-phinf.pstatic.net/20230727_172/1690414990444CFYvd_PNG/%C7%D1%C3%CC_%BC%B3%B7%B7%C5%C1.png
1168553145,1,[백숙] 누룽지 반마리 삼계탕,16000,16000,16000,야들야들 고아낸 닭 반마리와 고소한 누룽지의 적절한 조화,true,https://ldb-phinf.pstatic.net/20230727_235/1690415007140lXPsK_PNG/%C7%D1%C3%CC_%B4%A9%B7%EE%C1%F6%B9%DD%B0%E8%C5%C1.png
1168553145,2,얼큰설렁탕,13000,13000,13000,특제 양념으로 맛을 낸 얼큰한 설렁탕,true,https://ldb-phinf.pstatic.net/20230727_250/1690415041159qa1Qr_PNG/%C7%D1%C3%CC_%BE%F3%C5%AB%BC%B3%B7%B7%C5%C1.png
1168553145,3,양곰탕,17000,17000,17000,소 내장의 쫄깃한 식감이 일품인 개운하고 매콤한 소 양곰탕,true,https://ldb-phinf.pstatic.net/20230727_140/16904150330481Sa1m_PNG/%C7%D1%C3%CC_%BE%E7%B0%F5%C5%C1.png
1168553145,4,[신메뉴] 왕(王) 갈비탕,20000,20000,20000,담백하고 깊은 맛의 갈비탕 육수에 살밥 많은 대형 갈비를 아낌없이 넣고 끓인 왕갈비탕,true,https://ldb-phinf.pstatic.net/20240911_247/1726030998418ownvb_JPEG/%BF%D5%B0%A5%BA%F1%C5%C1_%B9%E8%B9%CE_%BF%E4%B1%E2%BF%E4.jpg
1168553145,5,떡국설렁탕,12000,12000,12000,진한 사골육수에 쫄깃한 쌀떡의 식감이 어우러진 떡국설렁탕,true,https://ldb-phinf.pstatic.net/20240115_234/1705297997585fY5eA_PNG/%C7%D1%C3%CC_%B6%B1%B1%B9%BC%B3%B7%B7%C5%C1.png
1168553145,6,수만두설렁탕,13000,13000,13000,속이 꽉 찬 왕만두와 쌀떡을 넣고 끓여낸 명품 사골떡만두국,true,https://ldb-phinf.pstatic.net/20230727_102/1690415070416SJ2bw_PNG/%C7%D1%C3%CC_%BC%F6%B8%B8%B5%CE%BC%B3%B7%B7%C5%C1.png
1168553145,7,[보양] 도가니탕,21000,21000,21000,콜라겐 덩어리 쫀득한 도가니가 잔뜩 들어간 정통 보양식,true,https://ldb-phinf.pstatic.net/20230727_2/1690415019989WQDxw_PNG/%C7%D1%C3%CC_%B5%B5%B0%A1%B4%CF%C5%C1.png
1168553145,8,김치전,15000,15000,15000,설렁탕집 김치로 맛을 낸 새콤바삭한 김치전,true,https://ldb-phinf.pstatic.net/20220124_162/1643000268979S09Ca_JPEG/%B1%E8%C4%A1%C0%FC%28%B9%E8%B9%CE%29.jpg
1168553145,9,돌판모듬수육,52000,52000,52000,"수육양지, 머리고기, 도가니 돌판에서 끓여 더욱 부드러운 모듬수육",true,https://ldb-phinf.pstatic.net/20240115_199/1705297846796JgEok_PNG/%C7%D1%C3%CC_%B5%B9%C6%C7%BC%F6%C0%B0%C0%FC%B0%F1.png
1178059229,0,리듬앤버거,10800,10800,10800,"쇠고기패티 120g, 베이컨, 피클, 적양파, 토마토, 로메인, 체다치즈, 브리오슈번",true,https://ldb-phinf.pstatic.net/20240312_5/17102440226916O1q8_JPEG/new_rhythm.jpg
1178059229,1,더블리듬앤버거,14800,14800,14800,"쇠고기패티120g 두장, 베이컨, 피클, 적양파, 토마토, 로메인, 체다치즈, 브리오슈번",false,https://ldb-phinf.pstatic.net/20240312_154/1710244445755794EC_JPEG/new_DoubleRhythmAndBurger.jpg
1178059229,2,치즈버거,8800,8800,8800,"쇠고기패티 100g, 피클, 적양파, 슈레디드치즈, 체다 치즈, 브리오슈번",false,https://ldb-phinf.pstatic.net/20240312_148/1710244355496WzKba_JPEG/new_cheese.jpg
1178059229,3,더블치즈버거,12800,12800,12800,"쇠고기패티 100g 두장, 피클, 적양파, 슈레디드 치즈, 체다 치즈, 참깨번",false,https://ldb-phinf.pstatic.net/20240312_208/1710244501972AVbeM_JPEG/new_double.jpg
1178059229,4,소울 BBQ 버거,10800,10800,10800,"쇠고기패티 120g, 베이컨, 피클, 적양파, 로메인, 체다치즈, 마늘후레이크, 브리오슈번",false,https://ldb-phinf.pstatic.net/20240312_228/1710244600431rBsG5_JPEG/new_SoulBBQBurger.jpg
1178059229,5,프렌치프라이즈,3500,3500,3500,,false,https://ldb-phinf.pstatic.net/20240312_240/1710244690118zcQ45_JPEG/new_fries.jpg
1178059229,6,베이컨치즈후라이,6000,6000,6000,,false,https://ldb-phinf.pstatic.net/20240312_163/1710244728044Cwa08_JPEG/new_BaconFries.jpg
1178059229,7,포테이토스킨 2개,6000,6000,6000,,false,https://ldb-phinf.pstatic.net/20240312_165/1710244769502aMW9Q_JPEG/new_PotatoSkins.jpg
1178059229,8,크리스피윙,9000,9000,9000,소금과 후추로 기본간만 되어있는 윙. 딜피클과 바베큐딥 함께 제공.,false,https://ldb-phinf.pstatic.net/20240312_12/1710244948492vQjkN_PNG/CrispyWings.png
1178059229,9,버펄로윙,9500,9500,9500,미국식 핫소스맛 윙. 랜치와 샐러리 함께 제공.,false,https://ldb-phinf.pstatic.net/20240312_20/17102448420865HcrL_PNG/BuffaloWings.png
1178059229,10,허니갈릭윙,9500,9500,9500,달콤하고 감칠맛이 느껴지는 윙. 랜치와 샐러리 함께 제공.,false,https://ldb-phinf.pstatic.net/20240312_227/1710245034573AlOAU_PNG/HoneyGarlicWings.png
1187143647,0,전복물회,20000,20000,20000,*밥 또는 면 선택,true,https://ldb-phinf.pstatic.net/20240529_289/1716915142710BsVX5_JPEG/Snapseed_18.jpg
1187143647,1,물회,14000,14000,14000,밥 또는 면 선택,false,https://ldb-phinf.pstatic.net/20240529_285/1716913574474mTxqA_JPEG/Snapseed_16.jpg
1187143647,2,회덮밥,13000,13000,13000,,false,https://ldb-phinf.pstatic.net/20240529_85/1716913952663Bdw2u_JPEG/Snapseed_19.jpg
1187143647,3,회 정식 런치(1인),38000,38000,38000,"전채, 제철회, 튀김 또는 초무침, 낙지볶음, 연포탕
*2인이상 주문가능",true,
1187143647,4,회 정식 디너(1인),43000,43000,43000,"전채, 제철회, 튀김 또는 초무침, 낙지볶음, 연포탕
*2인이상 주문가능",false,
1187143647,5,특정식 A(1인),70000,70000,70000,"전채, 특 제철회, 제철해산물, 튀김, 낙지볶음, 연포탕
*2인이상",false,https://ldb-phinf.pstatic.net/20240221_12/1708522657431m8viw_JPEG/Snapseed_2.jpg
1187143647,6,특정식 B(1인),95000,95000,95000,"전채, 특 제철회, 특 제철해산물, 튀김, 초밥, 낙지볶음, 연포탕
*2인이상 주문가능",false,
1187143647,7,낙지덮밥,14000,14000,14000,2인 이상 주문가능,false,
1187143647,8,연포탕,23000,23000,23000,2인 이상 주문가능,false,
1187143647,9,산낙지볶음,23000,23000,23000,2인 이상 주문가능,false,
1187143647,10,산낙탕탕이,35000,35000,35000,2인 이상 주문가능,false,
1193167455,0,김치찌개 낮&밤,9000,9000,9000,"국내산 돼지고기or참치or섞어 메뉴주문 가능
-사리추가 라면사리1.0 / 고기사리4.0",true,https://ldb-phinf.pstatic.net/20240219_100/17083165164182mzEy_JPEG/%C0%CC%B9%CC%C1%F6_%C1%D8%BA%F1%C1%DF.jpg
1193167455,1,목살김치찜 (2인이상) 낮&밤,12000,12000,12000,국내산 돼지고기 100% 사용,false,https://ldb-phinf.pstatic.net/20240219_59/1708316630631pWU6u_JPEG/BT9A0337.jpg
1193167455,2,직화제육 낮&밤,10000,10000,10000,국내산 돼지고기 100% 사용,false,https://ldb-phinf.pstatic.net/20240219_234/17083167603270FWl9_JPEG/BT9A0393.jpg
1193167455,3,숯붗고기 낮&밤,10000,10000,10000,국내산 돼지고기 100%,false,https://ldb-phinf.pstatic.net/20240219_97/17083167909946zTGa_JPEG/BT9A0400.jpg
1193167455,4,치즈계란말이 낮&밤,8000,8000,8000,,false,https://ldb-phinf.pstatic.net/20240219_229/1708316842931SiwBY_JPEG/BT9A0632.jpg
1193167455,5,"生삼겹살 (국내산, 170g) 밤",16000,16000,16000,밤에만 주문가능한 메뉴,false,https://ldb-phinf.pstatic.net/20240219_298/1708316922974RoWxU_JPEG/BT9A0168.jpg
1193167455,6,"초벌목살 (국내산, 170g) 밤",16000,16000,16000,밤에만 주문가능한 메뉴,false,https://ldb-phinf.pstatic.net/20240219_94/1708316987205BexOS_JPEG/BT9A0178.jpg
1193167455,7,"生항정살 (국내산, 170g) 밤",18000,18000,18000,밤에만 주문가능한 메뉴,false,https://ldb-phinf.pstatic.net/20240219_157/1708317010394DQdUO_JPEG/BT9A0179.jpg
1193167455,8,볶음밥 밤,4000,4000,4000,밤에만 주문 가능한 메뉴,false,https://ldb-phinf.pstatic.net/20240219_115/1708317042432Joh5Y_JPEG/BT9A1091.jpg
1193434429,0,콤보플래터,37900,37900,37900,,false,https://ldb-phinf.pstatic.net/20230915_64/1694777659767QQ32C_JPEG/%C4%DE%BA%B8%C7%C3%B7%A1%C5%CD.jpg
1193434429,1,이터스 파히타,39800,39800,39800,,false,https://ldb-phinf.pstatic.net/20230915_15/1694777673560YgplN_JPEG/%C7%C3%B7%A1%C5%CD%BB%E7%C1%F8.jpg
1193434429,2,까르니따스 퀘사디아,16900,16900,16900,,false,https://ldb-phinf.pstatic.net/20230915_44/1694777643543lkVnr_JPEG/%C4%A1%C5%B2%C4%F9%BB%E7%B5%F0%BE%C6.jpg
1193434429,3,버섯 아보카도 샐러드,15400,15400,15400,,false,https://ldb-phinf.pstatic.net/20230915_19/1694777595432OlVBi_JPEG/%B9%F6%BC%B8%BB%F8%B7%AF%B5%E5.jpg
1193434429,4,칠리치킨타코,8900,8900,8900,,false,https://ldb-phinf.pstatic.net/20240226_119/1708950056446oKDLW_JPEG/6%C4%A1%C5%B2%C5%B8%C4%DA.jpg
1193434429,5,까르니따스 타코,9900,9900,9900,,false,https://ldb-phinf.pstatic.net/20240226_139/17089501661425UfRs_JPEG/7%B1%EE%B8%A3%B4%CF%B5%FB%BD%BA%C5%B8%C4%DA.jpg
1193434429,6,쉬림프타코,10900,10900,10900,,false,https://ldb-phinf.pstatic.net/20240226_31/1708950200155VucpE_JPEG/8%BD%AC%B8%B2%C7%C1%C5%B8%C4%DA.jpg
1193434429,7,치킨퀘사디아,16500,16500,16500,,false,https://ldb-phinf.pstatic.net/20230915_87/1694777629121LDGxV_JPEG/%C4%A1%C5%B2%C4%F9%BB%E7%B5%F0%BE%C6.jpg
1193434429,8,쉬림프 샐러드,15400,15400,15400,,false,https://ldb-phinf.pstatic.net/20230915_244/1694777611178S8dUC_JPEG/%BB%F5%BF%EC-%BB%F8%B7%AF%B5%E5.jpg
1193434429,9,칠리치킨보울,9900,9900,9900,,false,https://ldb-phinf.pstatic.net/20230915_56/1694777562660YeTpi_JPEG/189z3UUwizhx5iWNVZ7PZMau.jpg
1206680968,0,두쫀쿠 [라클렛 드신 분들만 예약가능,9900,9900,9900,"라클렛 / 어글리 / 콩그래츄세트
드신 분들만 구매가능
라클렛 1세트 당 두쫀쿠 2ea",true,https://ldb-phinf.pstatic.net/20260121_171/1768971653582Xh4mR_JPEG/IMG_4196.jpeg
1206680968,1,Congrats Set,159000,159000,159000,"[할인] 콩그래츄세트 (18만원X) 15.9만O
( 라클렛+꽃다발+생일빵+와인1병+카드 )",true,https://ldb-phinf.pstatic.net/20250309_259/1741501212849UQhbN_JPEG/%C4%E1%B1%D7%B7%A1%C3%F2%BC%BC%C6%AE.jpg
1206680968,2,Raclette,99000,99000,99000,"라클렛 치즈 블럭, 스테이크, 9가지 볶은채소, 감자, 고구마, 버터롤 구성",true,https://ldb-phinf.pstatic.net/20250125_27/1737797486033vqmtg_JPEG/IMG_4117.jpeg
1206680968,3,Not Cola It's Rucola,17000,17000,17000,"콜라 아닌 루콜라 샐러드 / 리코타의 포근함, 파인애플 콤포트의 상큼함을 담은 샐러드",false,https://ldb-phinf.pstatic.net/20240711_105/1720659287726kfjjg_JPEG/IMG_1434.jpeg
1206680968,4,rrata rrata Burrata,27000,27000,27000,라타 라타 부라타 / 프리미엄 제철 과일과 부라타치즈 (과일은 시즌마다 바뀝니다),false,https://ldb-phinf.pstatic.net/20240225_1/1708828004459UavP9_JPEG/20240225_%B6%F3%B5%FB%B6%F3%B5%FB_%BA%CE%B6%F3%C5%B8.jpg
1206680968,5,Sweet Pumpkin Sujebi,19000,19000,19000,단호박 수제비 by. Erin / 사워크림 곁들인 단호박 스프에 퐁당 빠진 감자수제비,false,https://ldb-phinf.pstatic.net/20250118_213/1737194974885Lhegc_JPEG/%B4%DC%C8%A3%B9%DA%BC%F6%C1%A6%BA%F1_4.jpg
1206680968,6,Oh! Lasagna,21000,21000,21000,"[한정수량] 라자냐 맛있자냐! / 화이트 라구, 청양고추, 고수가 들어간 구우트표 라자냐",false,https://ldb-phinf.pstatic.net/20241015_144/1728963493576hDvoh_JPEG/240321_%B6%F3%C0%DA%B3%C4.jpg
1206680968,7,More veggies pasta,24000,24000,24000,모어 베지스 파스타 / 구운 마늘과 새우가 올라간 구우트만의 샐러드 파스타,false,https://ldb-phinf.pstatic.net/20240711_147/1720658717146DBDHS_JPEG/IMG_1432.jpeg
1206680968,8,Baji ROCK&ROLL Pasta,21000,21000,21000,바지락앤롤 오일파스타 / 부추와 바지락으로 만든 감칠맛 가득 오일 파스타,false,https://ldb-phinf.pstatic.net/20240711_207/1720658986122Edogd_JPEG/IMG_6721.jpeg
1206680968,9,Muggerbo Ragu Pasta,21000,21000,21000,먹어보-라구 파스타 / 4가지 치즈와 구우트의 수제 라구 소스가 들어간 미트 스파게티,false,https://ldb-phinf.pstatic.net/20231129_55/170125891541486Fs6_JPEG/IMG_5704.jpeg
1206680968,10,Ulleung rice,25000,25000,25000,울릉 라이스 / 울릉도 부지갱이 나물볶음밥과 고소한 들깨크림소스,false,https://ldb-phinf.pstatic.net/20240711_260/1720659251772EGjWM_JPEG/IMG_0867.jpeg
1206680968,11,Hangover stew,27000,27000,27000,행오버 스튜 / 다양한 채소와 쟌슨빌 소시지를 함께 즐기는 칼칼한 토마토 스튜,false,https://ldb-phinf.pstatic.net/20240711_187/1720659385759jWJhb_JPEG/IMG_1425.jpeg
1206680968,12,Grape and Olive,11000,11000,11000,"포도샐러드와 올리브 / 바질페스토에 버무린 포도샐러드와 올리브, 그리고 크래커",false,https://ldb-phinf.pstatic.net/20240305_12/1709617504337fJYD4_JPEG/240305_%C6%F7%B5%B5%BB%F8%B7%AF%B5%E5%BF%CD%BF%C3%B8%AE%BA%EA.jpg
1206680968,13,Just mushrooms,6000,6000,6000,저스트 머쉬룸 / 정성과 사랑을 가득 담아 버터에 맛있게 구운 그냥 버섯,false,https://ldb-phinf.pstatic.net/20240305_219/1709617517207PzbYn_JPEG/240305_%C0%FA%BD%BA%C6%AE%B8%D3%BD%AC%B7%EB.jpg
1206680968,14,Dried snack,7000,7000,7000,"드라이 스낵 / 워터크래커, 표고버섯칩, 컬리플라워칩, 견과류",false,https://ldb-phinf.pstatic.net/20240305_254/1709617530855DrNkn_JPEG/240305_%B5%E5%B6%F3%C0%CC%BD%BA%B3%BC.jpg
1206680968,15,Very Berry Cream,8000,8000,8000,"베리 베리 크림 / 세가지 베리, 와인잼, 치즈딥크림과 크래커",false,https://ldb-phinf.pstatic.net/20240305_16/1709617545999Df6uR_JPEG/240305_%BA%A3%B8%AE%BA%A3%B8%AE%C5%A9%B8%B2.jpg
1206680968,16,Happy birthday bread,6000,6000,6000,생일빵 / 생일인데 케이크를 미처 준비하지 못하신 분들께 추천드리는 미니 생일빵,false,https://ldb-phinf.pstatic.net/20241015_279/1728963572922YvXGn_JPEG/240305_%BB%FD%C0%CF%BB%A7_%281%29.jpg
1206680968,17,Monkey Brulee,9000,9000,9000,"몽키 브륄레 / 스푼으로 톡톡 두드려 먹는 즐거움, 달콤한 바나나 브륄레",false,https://ldb-phinf.pstatic.net/20240321_36/1711023329872TXtoi_JPEG/240321_%B9%D9%B3%AA%B3%AA%BA%EA%B7%F5%B7%B9.jpg
1206680968,18,Salty Ice cream,14000,14000,14000,"솔티 아이스크림 / 말돈솔트, 벌집꿀, 엑스트라버진 올리브오일이 들어간 하겐다즈 아이스크림",false,https://ldb-phinf.pstatic.net/20240305_33/1709617630538Ljjww_JPEG/240305_%BC%D6%C6%BC%BE%C6%C0%CC%BD%BA%C5%A9%B8%B2.jpg
1206680968,19,House Wine (Red),13000,13000,13000,,false,https://ldb-phinf.pstatic.net/20240305_213/17096176577182OHuu_JPEG/240305_%B7%B9%B5%E5%C7%CF%BF%EC%BD%BA%BF%CD%C0%CE.jpg
1206680968,20,House Wine (White),13000,13000,13000,,false,https://ldb-phinf.pstatic.net/20240305_145/1709617697794C04oe_JPEG/240305_%C8%AD%C0%CC%C6%AE%C7%CF%BF%EC%BD%BA%BF%CD%C0%CE.jpg
1206680968,21,Non Alcohol Riesling,11000,11000,11000,,false,https://ldb-phinf.pstatic.net/20240305_146/1709617711392v7o8o_JPEG/240305_%B3%ED%BE%CB%C4%DD%B8%AE%BD%BD%B8%B5.jpg
1206680968,22,Red Wine Ade,9000,9000,9000,,false,https://ldb-phinf.pstatic.net/20240116_209/17053915236180ADh1_JPEG/20240116_%B7%B9%B5%E5%BF%CD%C0%CE%BF%A1%C0%CC%B5%E5.jpg
1206680968,23,White Wine Ade,9000,9000,9000,,false,https://ldb-phinf.pstatic.net/20240116_259/1705391586527S1uPV_JPEG/20240116_%C8%AD%C0%CC%C6%AE%BF%CD%C0%CE%BF%A1%C0%CC%B5%E5.jpg
1206680968,24,Galvanina Lemonade,8000,8000,8000,,false,https://ldb-phinf.pstatic.net/20240305_148/1709617728215IbQYb_JPEG/240305_%B0%A5%B9%D9%B4%CF%B3%AA%B7%B9%B8%F0%B3%D7%C0%CC%B5%E5.jpg
1206680968,25,guut drip coffee(H),5400,5400,5400,,false,https://ldb-phinf.pstatic.net/20240305_39/17096177642317CfmW_JPEG/240305_%B1%B8%BF%EC%C6%AE%B5%E5%B8%B3%C4%BF%C7%C7.jpg
1206680968,26,guut drip coffee(I),5900,5900,5900,,false,https://ldb-phinf.pstatic.net/20240305_194/1709617778465WSjza_JPEG/240305_%B1%B8%BF%EC%C6%AE%B5%E5%B8%B3%C4%BF%C7%C7_%BE%C6%C0%CC%BD%BA.jpg
1207262616,0,찐꼬마김밥 6줄,5000,5000,5000,,false,https://ldb-phinf.pstatic.net/20250602_253/1748873336042MbaBc_JPEG/1000016411.jpg
1207262616,1,찐꼬마김밥 10줄,7800,7800,7800,,false,https://ldb-phinf.pstatic.net/20250602_140/174887337109988l6Y_JPEG/1000016412.jpg
1207262616,2,매콤어묵꼬마김밥 6줄,5500,5500,5500,,false,https://ldb-phinf.pstatic.net/20250602_235/1748873390016SMizK_JPEG/1000016429.jpg
1207262616,3,매콤어묵꼬마김밥 10줄,8300,8300,8300,,false,https://ldb-phinf.pstatic.net/20250602_173/1748873457361MyCMT_JPEG/1000016427.jpg
1207262616,4,날치알꼬마김밥 6줄,8000,8000,8000,,false,https://ldb-phinf.pstatic.net/20250602_274/1748873651017nl2OK_JPEG/1000016409.jpg
1207262616,5,날치알꼬마김밥 10줄,12000,12000,12000,,false,https://ldb-phinf.pstatic.net/20250602_198/1748873674441V5btg_JPEG/1000016410.jpg
1207262616,6,스페셜 1 6줄,7000,7000,7000,,false,https://ldb-phinf.pstatic.net/20250602_92/1748873481318tsY9S_JPEG/1000016425.jpg
1207262616,7,스페셜 1 10줄,11000,11000,11000,,false,https://ldb-phinf.pstatic.net/20250602_283/1748873513800YjSHj_JPEG/1000016426.jpg
1207262616,8,스페셜 2 6줄,10500,10500,10500,,false,https://ldb-phinf.pstatic.net/20250602_128/1748873546751EBNiA_JPEG/1000016413.jpg
1207262616,9,스페셜 2 10줄,16500,16500,16500,,false,https://ldb-phinf.pstatic.net/20250602_147/1748873608313dyzB2_JPEG/1000016414.jpg
1207262616,10,신라면,5000,5000,5000,,false,https://ldb-phinf.pstatic.net/20250602_175/1748874538054Lf5ym_JPEG/1000016419.jpg
1207262616,11,진라면,5000,5000,5000,,false,https://ldb-phinf.pstatic.net/20250602_122/17488748477796ivjY_JPEG/1000016465.jpg
1207262616,12,치즈라면,5500,5500,5500,,false,https://ldb-phinf.pstatic.net/20250602_112/1748874596096cOYjV_JPEG/1000016422.jpg
1207262616,13,깻잎듬뿍라면,6000,6000,6000,,false,https://ldb-phinf.pstatic.net/20250602_83/1748874613646e4kRe_JPEG/1000016420.jpg
1207262616,14,짜파게티,5500,5500,5500,,false,https://ldb-phinf.pstatic.net/20250602_212/1748874583142gX5uW_JPEG/1000016408.jpg
1207262616,15,떡볶이,8000,8000,8000,,false,https://ldb-phinf.pstatic.net/20250602_180/1748873975099D9auO_JPEG/1000016405.jpg
1207262616,16,치즈떡볶이,9000,9000,9000,,false,https://ldb-phinf.pstatic.net/20250602_1/1748874011155giMXf_JPEG/1000016404.jpg
1207262616,17,라볶이,8500,8500,8500,,false,https://ldb-phinf.pstatic.net/20250602_81/1748874088826GoB6e_JPEG/1000016415.jpg
1207262616,18,치즈라볶이,9500,9500,9500,,false,https://ldb-phinf.pstatic.net/20250602_119/1748874123111P0qqx_JPEG/1000016407.jpg
1207262616,19,짜장떡볶이,8500,8500,8500,,false,https://ldb-phinf.pstatic.net/20250602_202/1748874145033NSTYp_JPEG/1000016406.jpg
1207262616,20,쫄면,9000,9000,9000,,false,https://ldb-phinf.pstatic.net/20250602_110/1748874392423XhNdc_JPEG/1000016428.jpg
1207262616,21,우동,6500,6500,6500,,false,https://ldb-phinf.pstatic.net/20250602_98/1748874409016h0QWg_JPEG/1000016424.jpg
1207262616,22,미도어묵탕,7000,7000,7000,,false,https://ldb-phinf.pstatic.net/20250602_191/1748874718218gEtrs_JPEG/1000016416.jpg
1207262616,23,스팸오므라이스,9500,9500,9500,,false,https://ldb-phinf.pstatic.net/20250602_193/1748874736477NrRfi_JPEG/1000016417.jpg
1207262616,24,소고기오므라이스,10000,10000,10000,,false,https://ldb-phinf.pstatic.net/20250602_121/1748874822380oBGYP_JPEG/1000016464.jpg
1207262616,25,제육덮밥,10000,10000,10000,,false,https://ldb-phinf.pstatic.net/20250602_279/1748874871616c0v5F_JPEG/1000016421.jpg
1207262616,26,오징어덮밥,10000,10000,10000,,false,https://ldb-phinf.pstatic.net/20250602_64/1748874883709UqcjK_JPEG/1000016418.jpg
1224444563,0,카이센동,18000,18000,18000,신선한 갖은 해산물이 들어간 덮밥 !!,true,https://ldb-phinf.pstatic.net/20240517_126/1715939123636ViMkL_JPEG/%C4%AB%C0%CC%BC%BE%B5%BF.jpg
1238642457,0,[대표 메뉴] 아랫고기,18000,18000,18000,방문 손님 70%는 무조건 추가 주문하는 336시간 숙성 시킨 '국대급' 한돈 生삼겹살,false,https://ldb-phinf.pstatic.net/20200608_18/1591607046732S7z3i_JPEG/91UT_vw-Mv5I0rGfuJmNnqt_.jpg
1238642457,1,[대표 메뉴] 윗고기,18000,18000,18000,방문 손님 3팀 중 2팀이 만족하는 336시간 숙성 시킨 '국대급' 한돈 生목등심,false,https://ldb-phinf.pstatic.net/20200615_108/1592185080923vJMJL_JPEG/tJNnmS7eyjZEsXeXbqk8K5wv.jpg
1238642457,2,[특수부위] 가브리살,22000,22000,22000,,false,https://ldb-phinf.pstatic.net/20260515_259/1778821186422SGzaN_JPEG/e4f2d9f0-4dc5-4835-829f-851a270d8074.jpg
1238642457,3,[특수부위] 항정살,22000,22000,22000,,false,https://ldb-phinf.pstatic.net/20260515_27/1778821196150qiOdp_JPEG/e4f2d9f0-4dc5-4835-829f-851a270d8074.jpg
1238642457,4,[시그니쳐] 특수부위모둠,24000,24000,24000,주문 1위! 만족도 1위! 가성비 메뉴,false,https://ldb-phinf.pstatic.net/20240827_30/1724751207434nSVmU_PNG/%B4%D9%BF%EE%B7%CE%B5%E5_%281%29.png
1238642457,5,[점심新메뉴] 生돼지김치찌개,11000,11000,11000,'국대급' 점심 新메뉴 출시,false,https://ldb-phinf.pstatic.net/20260511_80/1778460698023WmHI3_JPEG/%B5%B7%BA%ED%B6%FB_%B9%E8%B3%CA_%B1%E8%C4%A1%C2%EE%B0%B3_600x1800_240903.jpg
1238642457,6,[점심新메뉴] 제육된장찌개 한상,15000,15000,15000,돈블랑 특제 양념으로 맛을 낸 제육볶음과 된장찌개,false,https://ldb-phinf.pstatic.net/20240827_77/1724751345201uUEVB_JPEG/KakaoTalk_20240823_163820060_02.jpg
1238642457,7,[인기메뉴] 토종한우육회,32000,32000,32000,급이 다른 최상급 한우,false,https://ldb-phinf.pstatic.net/20240827_284/17247512724389wENv_JPEG/%C0%B0%C8%B8%C0%CC%B9%CC%C1%F6_copy.jpg
1238642457,8,[별미] 돈블랑 국수,8000,8000,8000,비빔 / 잔치,false,https://ldb-phinf.pstatic.net/20260511_159/17784623575388JDbi_JPEG/e4f2d9f0-4dc5-4835-829f-851a270d8074.jpg
1238642457,9,[별미] 해장라면,8000,8000,8000,"돈블랑 신메뉴, 얼큰한 해장라면 출시",false,https://ldb-phinf.pstatic.net/20260511_10/1778462363942XCWT9_JPEG/e4f2d9f0-4dc5-4835-829f-851a270d8074.jpg
1238642457,10,[별미] 임실치즈,10000,10000,10000,6pcs,false,https://ldb-phinf.pstatic.net/20260511_113/1778462368745sGDYo_JPEG/e4f2d9f0-4dc5-4835-829f-851a270d8074.jpg
1238642457,11,[후식] 된장죽,15000,15000,15000,2인분,false,https://ldb-phinf.pstatic.net/20240827_298/1724751437558hzLky_JPEG/3.jpg
1238642457,12,[후식] 된장찌개,5000,5000,5000,2인분,false,https://ldb-phinf.pstatic.net/20240827_297/17247514484140ykPU_PNG/4.png
1244088313,0,구룡포 과메기,,,,겨울맛집 계절메뉴,false,https://ldb-phinf.pstatic.net/20240203_193/1706967544979bJIqT_JPEG/IMG_3542.jpeg
1249368340,0,육계장,11000,11000,11000,,false,https://ldb-phinf.pstatic.net/20240506_170/1714965955644R3rsP_JPEG/menu01.jpg
1249368340,1,육개장칼국수,12000,12000,12000,,false,https://ldb-phinf.pstatic.net/20240506_7/1714965932831gB6mm_JPEG/menu02.jpg
1249368340,2,만두육개장,12000,12000,12000,,false,https://ldb-phinf.pstatic.net/20240506_38/171496597275347rQD_JPEG/all_img03_over.jpg
1249368340,3,전복육개장,18000,18000,18000,,false,https://ldb-phinf.pstatic.net/20240506_72/17149659971129iJzg_JPEG/all_img06_over.jpg
1249368340,4,설렁탕,11000,11000,11000,,false,https://ldb-phinf.pstatic.net/20240506_22/1714966018345dS6X9_JPEG/all_img07_over.jpg
1249368340,5,설렁탕떡국,11000,11000,11000,,false,
1255379622,0,난축맛돈 흑돼지곰탕(특),15000,15000,15000,,true,https://ldb-phinf.pstatic.net/20230627_281/1687872283147Svd7g_JPEG/1687872115155.jpg
1255379622,1,난축맛돈 흑돼지곰탕(보통),11000,11000,11000,,true,https://ldb-phinf.pstatic.net/20230627_117/1687872293216yAvuq_JPEG/1687872115155.jpg
1255379622,2,난축맛돈 유자수육,7000,7000,7000,,true,https://ldb-phinf.pstatic.net/20231113_121/1699882900849uhzxc_JPEG/%C0%AF%C0%DA%BC%F6%C0%B0.jpg
1255379622,3,잔술,,,,"그날의 온도와 습도, 주인장의 기분에 따라 술이 바뀝니다.",false,https://ldb-phinf.pstatic.net/20231201_129/1701356440001sa9VX_JPEG/shutterstock_1156013158.jpg
1257992992,0,등심돈카츠,9000,9000,9000,,false,
1257992992,1,고르곤졸라치즈돈카츠,11000,11000,11000,,false,
1257992992,2,매운철판치즈돈카츠,11000,11000,11000,,false,
1257992992,3,극한마라철판돈카츠,12000,12000,12000,,false,
1257992992,4,와사비크림돈카츠,11000,11000,11000,,false,
1261877961,0,텐리얼더블슈림프버거세트,13400,13400,13400,,false,https://ldb-phinf.pstatic.net/20260519_64/1779175005090mfzVp_JPEG/25180.jpg
1261877961,1,텐리얼더블슈프림버거,9900,9900,9900,,false,https://ldb-phinf.pstatic.net/20260519_55/1779174967378bkjcr_JPEG/25181.jpg
1261877961,2,텐크리스피치킨버거세트,11400,11400,11400,,false,https://ldb-phinf.pstatic.net/20260519_38/17791749363176Bzhv_JPEG/25178.jpg
1261877961,3,텐크리스피치킨버거,7900,7900,7900,,false,https://ldb-phinf.pstatic.net/20260519_286/1779174904419IMKla_JPEG/25179.jpg
1261877961,4,통새우비프버거세트,12400,12400,12400,,false,https://ldb-phinf.pstatic.net/20260519_211/1779174869970loDkg_JPEG/25176.jpg
1261877961,5,텐통새우비프버거,8900,8900,8900,,false,https://ldb-phinf.pstatic.net/20260519_261/17791748314340NiM5_JPEG/25177.jpg
1261877961,6,텐버거세트,9400,9400,9400,텐버거의 가장 기본메뉴,true,https://ldb-phinf.pstatic.net/20230810_259/1691616317487i6EWj_JPEG/Screenshot_20230810_061946_NAVER.jpg
1261877961,7,텐갈릭불고기버거세트,10400,10400,10400,,true,https://ldb-phinf.pstatic.net/20231130_176/1701319116319uQTEa_JPEG/temp_file.jpg
1261877961,8,텐해쉬브라운버거,7400,7400,7400,,false,https://ldb-phinf.pstatic.net/20251106_244/1762399991369LcaM6_JPEG/16650.jpg
1261877961,9,텐치즈버거세트,10400,10400,10400,,true,https://ldb-phinf.pstatic.net/20230810_131/1691616222398r01FD_JPEG/Screenshot_20230810_062008_NAVER.jpg
1261877961,10,텐새우버거세트,10400,10400,10400,,true,https://ldb-phinf.pstatic.net/20230810_300/1691635644048Yfi0Y_JPEG/Screenshot_20230810_063033_NAVER.jpg
1261877961,11,텐통살치킨버거세트,10400,10400,10400,,true,https://ldb-phinf.pstatic.net/20230810_17/1691635606623wbUKL_JPEG/Screenshot_20230810_063137_NAVER.jpg
1261877961,12,텐멕시칸버거세트,11400,11400,11400,"매콤한소스와 할라피뇨의
환상의조합",true,https://ldb-phinf.pstatic.net/20230810_51/1691633204939T0EQj_JPEG/Screenshot_20230810_063050_NAVER.jpg
1261877961,13,텐베이컨치즈버거세트,11900,11900,11900,,true,https://ldb-phinf.pstatic.net/20230810_121/1691616326014AUSSl_JPEG/Screenshot_20230810_062018_NAVER.jpg
1261877961,14,텐해시브라운버거세트,10900,10900,10900,,false,https://ldb-phinf.pstatic.net/20251106_90/1762400014471Y72J9_JPEG/16651.jpg
1261877961,15,텐하와이안버거세트,11400,11400,11400,,true,https://ldb-phinf.pstatic.net/20230810_71/1691633281956c77ok_JPEG/Screenshot_20230810_063106_NAVER.jpg
1261877961,16,텐더블치즈버거세트,13400,13400,13400,,true,https://ldb-phinf.pstatic.net/20230810_157/1691635572770GTiMt_JPEG/Screenshot_20230810_063117_NAVER.jpg
1261877961,17,텐버거,5900,5900,5900,,false,https://ldb-phinf.pstatic.net/20230810_134/1691663087702xdo4e_JPEG/Screenshot_20230810_063314_NAVER.jpg
1261877961,18,텐갈릭불고기버거,6900,6900,6900,,false,https://ldb-phinf.pstatic.net/20231130_9/1701319139087xL5tv_JPEG/temp_file.jpg
1261877961,19,텐치즈버거,6900,6900,6900,,false,https://ldb-phinf.pstatic.net/20230810_32/1691663122625Tf2mf_JPEG/Screenshot_20230810_065248_Gallery.jpg
1261877961,20,텐새우버거,6900,6900,6900,,false,https://ldb-phinf.pstatic.net/20230810_16/1691663352317EQzN3_JPEG/Screenshot_20230810_063458_NAVER.jpg
1261877961,21,텐통살치킨버거,6900,6900,6900,,false,https://ldb-phinf.pstatic.net/20230810_66/1691663325942aYaQA_JPEG/Screenshot_20230810_063339_NAVER.jpg
1261877961,22,텐멕시칸버거,7900,7900,7900,,false,https://ldb-phinf.pstatic.net/20230810_47/1691663255000W2xKz_JPEG/Screenshot_20230810_063414_NAVER.jpg
1261877961,23,텐하와이안버거,7400,7400,7400,,false,https://ldb-phinf.pstatic.net/20230810_97/1691663277510XryEE_JPEG/Screenshot_20230810_063441_NAVER.jpg
1261877961,24,텐베이컨치즈버거,8400,8400,8400,,false,https://ldb-phinf.pstatic.net/20230810_160/1691663182486FGyO1_JPEG/Screenshot_20230810_063400_NAVER.jpg
1261877961,25,텐더블치즈버거,9900,9900,9900,,false,https://ldb-phinf.pstatic.net/20230810_292/16916633030049X3E2_JPEG/Screenshot_20230810_063429_NAVER.jpg
1261877961,26,오징어링,3300,3300,3300,,false,https://ldb-phinf.pstatic.net/20251107_88/1762478873009tN7JO_JPEG/16652.jpg
1261877961,27,새우링,3900,3900,3900,,false,https://ldb-phinf.pstatic.net/20251106_72/1762400056026CmRnM_JPEG/16653.jpg
1261877961,28,아메리카노(아이스/핫),2500,2500,2500,,false,
1261877961,29,순살치킨,4500,4500,4500,,false,https://ldb-phinf.pstatic.net/20230810_234/1691663494276D3nyS_JPEG/Screenshot_20230810_062950_NAVER.jpg
1261877961,30,치즈스틱(3개),2900,2900,2900,,false,https://ldb-phinf.pstatic.net/20230810_5/1691663441182Dh2Dy_JPEG/Screenshot_20230810_063207_NAVER.jpg
1261877961,31,리얼어니어링(5개),3300,3300,3300,,false,https://ldb-phinf.pstatic.net/20230810_23/1691663461096lljrc_JPEG/Screenshot_20230810_063222_NAVER.jpg
1261877961,32,프렌치포테이토,2900,2900,2900,,false,https://ldb-phinf.pstatic.net/20230810_105/1691663377746T0Ra0_JPEG/Screenshot_20230810_062937_NAVER.jpg
1261877961,33,수제콘샐러드,2900,2900,2900,,false,https://ldb-phinf.pstatic.net/20230810_75/1691663612394slXpQ_JPEG/Screenshot_20230810_063734_NAVER.jpg
1265025465,0,고등어 필렛구이,15000,15000,15000,,true,https://ldb-phinf.pstatic.net/20250302_113/1740866110978E5smu_JPEG/GJF04328.jpg
1265025465,1,자반 고등어구이,18000,18000,18000,,true,https://ldb-phinf.pstatic.net/20250302_19/1740866139700cWxtY_JPEG/GJF04320.jpg
1265025465,2,임연수 구이,18000,18000,18000,,true,https://ldb-phinf.pstatic.net/20251105_46/17623414347491kCwX_JPEG/%C0%D3%BF%AC%BC%F6_%C1%A4%BD%C4-001.jpg
1265025465,3,삼치구이,17000,17000,17000,,true,https://ldb-phinf.pstatic.net/20250302_111/1740866170882R7249_JPEG/GJF04322.jpg
1265025465,4,갈치구이,20000,20000,20000,,true,https://ldb-phinf.pstatic.net/20250302_53/1740866223159TvQrV_JPEG/GJF04325.jpg
1265025465,5,(어린이)자반 고등어 구이 1PCS,9000,9000,9000,,false,https://ldb-phinf.pstatic.net/20250302_271/1740866297618jTmNA_JPEG/GJF04421.jpg
1265025465,6,(어린이)삼치 구이 1PCS,8500,8500,8500,,false,https://ldb-phinf.pstatic.net/20250302_288/1740866373528htVxk_JPEG/GJF04417.jpg
1265025465,7,(어린이)갈치 구이 1PCS,9500,9500,9500,,false,https://ldb-phinf.pstatic.net/20250302_210/1740866349925MvfB6_JPEG/GJF04419.jpg
1265025465,8,(어린이)보성 녹돈 오돌갈비,15000,15000,15000,,false,https://ldb-phinf.pstatic.net/20250302_255/17408663967140n2JD_JPEG/GJF04409.jpg
1265025465,9,묵은지 고등어조림,17000,17000,17000,,false,https://ldb-phinf.pstatic.net/20250302_247/17408664336062cfcF_JPEG/GJF04341.jpg
1265025465,10,갈치조림,23000,23000,23000,,false,https://ldb-phinf.pstatic.net/20250302_15/174086645959775bOe_JPEG/GJF04343.jpg
1265025465,11,[한정판매] 스텔라마리스 4pcs,40000,40000,40000,"PREMIUM OYSTER
한입 가득 넘치는 큼직한 크기와 크리미한 풍미를 경험해보세요",false,https://ldb-phinf.pstatic.net/20260206_256/177035095011736wwR_JPEG/%BD%BA%C5%DA%B6%F3%B8%B6%B8%AE%BD%BA_%C6%BC%BF%C0%B4%F5.jpg
1265025465,12,뚝배기 알곤이탕,20000,20000,20000,,false,https://ldb-phinf.pstatic.net/20250619_77/17503314576389tpCi_JPEG/GJF04384.jpg
1265025465,13,가자미전,28000,28000,28000,,false,https://ldb-phinf.pstatic.net/20250302_71/1740866489199QnVrO_JPEG/GJF04398.jpg
1265025465,14,모듬 생선구이,52000,52000,52000,,false,https://ldb-phinf.pstatic.net/20250302_41/17408665298348ns32_JPEG/GJF04413.jpg
1265025465,15,알곤이탕(얼큰),39000,39000,39000,,false,https://ldb-phinf.pstatic.net/20250302_105/17408665908982m1U4_JPEG/GJF04395.jpg
1265025465,16,알곤이탕(지리),39000,39000,39000,,false,https://ldb-phinf.pstatic.net/20250302_249/1740866641325W828C_JPEG/GJF04378.jpg
1265025465,17,연평도 꽃게탕,49000,49000,49000,,false,https://ldb-phinf.pstatic.net/20250302_53/1740866679839vcOuA_JPEG/GJF04444.jpg
1265025465,18,보성 녹돈 오돌갈비,29000,29000,29000,,false,https://ldb-phinf.pstatic.net/20250302_57/1740866709147iFoDc_JPEG/GJF04407.jpg
1265025465,19,미나리 오징어 통찜,29000,29000,29000,,false,https://ldb-phinf.pstatic.net/20250302_296/1740866907247p5S8N_JPEG/GJF04480.jpg
1265025465,20,뼈째 먹는 코다리찜,39000,39000,39000,,false,https://ldb-phinf.pstatic.net/20250302_209/1740866810591kuV2O_JPEG/GJF04441.jpg
1265025465,21,낙곱새,39000,39000,39000,,false,https://ldb-phinf.pstatic.net/20250619_13/1750331570697JgbVH_PNG/%B3%AB%B0%F6%BB%F5.png
1265025465,22,아구수육,59000,59000,59000,,false,https://ldb-phinf.pstatic.net/20250619_186/1750331589466FLEwq_PNG/%BE%C6%B1%B8%BC%F6%C0%B0.png
1265025465,23,민물장어와 화덕통삼겹,50000,50000,50000,,false,https://ldb-phinf.pstatic.net/20250302_63/1740866944987qk777_JPEG/GJF04455.jpg
1265025465,24,문어숙회와 화덕통삼겹,50000,50000,50000,,false,https://ldb-phinf.pstatic.net/20250302_105/1740866970279CJW4N_JPEG/GJF04437.jpg
1270378270,0,해장국,12000,12000,12000,,true,https://ldb-phinf.pstatic.net/20210331_149/16171747097656xQdc_JPEG/-cTUpcxcQtgK77XI0b8KbyYI.jpg
1270378270,1,내장탕,13000,13000,13000,,true,https://ldb-phinf.pstatic.net/20210331_184/1617174739560m871w_JPEG/ruskV4RDbAPzbnqWtk3psoSP.jpg
1270378270,2,"돔베고기 (소, 중, 대)",,,,,false,https://ldb-phinf.pstatic.net/20210331_224/1617174754730MAtvR_JPEG/-hzn2dCCMcXKuCqJ4cuSMsCK.jpg
1270378270,3,양무침,16000,16000,16000,,false,https://ldb-phinf.pstatic.net/20210331_161/1617174761154M6VfY_JPEG/AbMY46PLu-fjXTSsUAFBHf_m.jpg
1273523273,0,비프타코,10500,10500,10500,,true,https://ldb-phinf.pstatic.net/20221227_247/1672147073461sVlYg_JPEG/985EEC6B-A6DA-419D-BF8E-62F33A9E9436.jpeg
1281176265,0,국산콩국수,11000,11000,11000,국산 최상급 서리태와 백태를 매장에서 직접 갈아 만듭니다,true,https://ldb-phinf.pstatic.net/20240512_122/17155136762440Dnir_JPEG/1000000539.jpg
1281176265,1,비냉+떡갈비,12000,12000,12000,,false,https://ldb-phinf.pstatic.net/20240512_202/17155135938124TM69_JPEG/1000000551.jpg
1281176265,2,비빔냉면,9000,9000,9000,,false,https://ldb-phinf.pstatic.net/20240512_205/1715513549594lhjTB_JPEG/1000000536.jpg
1281176265,3,물냉+떡갈비,12000,12000,12000,,false,https://ldb-phinf.pstatic.net/20240512_174/1715513515747YY1gq_JPEG/1000000550.jpg
1281176265,4,물냉면,9000,9000,9000,,false,https://ldb-phinf.pstatic.net/20240512_89/171551345457689IGO_JPEG/1000000549.jpg
1281176265,5,비빔국수,9000,9000,9000,직접만든수제양념이 맛있어요,false,https://ldb-phinf.pstatic.net/20250718_130/17528448916497CGHL_JPEG/1000013051.jpg
1281176265,6,해물파전,15000,15000,15000,싱싱한 해물이 가득 들었어요 ^^,false,https://ldb-phinf.pstatic.net/20231018_225/1697633810745K7LpK_JPEG/20230602_223036.jpg
1281176265,7,한그릇바지락칼국수,10000,10000,10000,1인한그릇바지락칼국수,true,https://ldb-phinf.pstatic.net/20231018_68/1697632974816K3RMq_JPEG/20231018_214240.jpg
1281176265,8,한그릇바지락수제비,10000,10000,10000,손수제비에 싱싱한 바지락을 넣고 끓였어요,true,https://ldb-phinf.pstatic.net/20231018_135/16976330333080FI7N_JPEG/20231018_214240.jpg
1281176265,9,만두전골얼큰/담백,12000,12000,12000,2인이상주문가능,true,https://ldb-phinf.pstatic.net/20230213_61/1676298053150Oehrx_JPEG/20211225_055026.jpg
1281176265,10,담백한바지락칼국수,10000,10000,10000,2인이상 냄비에 끓여먹는 메뉴,true,https://ldb-phinf.pstatic.net/20211225_58/1640379150585PkDy0_JPEG/20211225_055004.jpg
1281176265,11,얼큰바지락칼국수,10000,10000,10000,2인이상 냄비에 끓여먹는 메뉴,true,https://ldb-phinf.pstatic.net/20211225_95/1640379094846cUXTE_JPEG/20211225_054932.jpg
1281176265,12,칼제비만두,10000,10000,10000,칼제비+손만두2개가 들어있어요,true,https://ldb-phinf.pstatic.net/20230213_271/1676298094165AkQaW_JPEG/SH4_1665.jpg
1281176265,13,칼제비,8500,8500,8500,칼국수에 수제비가 들어있어요,true,https://ldb-phinf.pstatic.net/20230213_66/1676297967933JgM7O_JPEG/SH4_1663.jpg
1281176265,14,칼만두,9000,9000,9000,칼국수에 직접만든 손만두 2개가 들어있어요,true,https://ldb-phinf.pstatic.net/20211121_203/1637502407784TYCBF_JPEG/SH4_1665.jpg
1281176265,15,칼국수,7000,7000,7000,최고급 밀가루와 통밀가루 옥수수가루를 배합해 직접 만든 건강한 생면입니다,false,https://ldb-phinf.pstatic.net/20211121_119/1637502346186HtonT_JPEG/SH4_1663.jpg
1281176265,16,잔치국수,7000,7000,7000,,false,https://ldb-phinf.pstatic.net/20211121_179/1637502454865G9551_JPEG/SH4_1667.jpg
1281176265,17,잔치만두,9000,9000,9000,잔치국수에 직접만든 손만두2개가 들어 있어요,false,https://ldb-phinf.pstatic.net/20211121_270/1637502530356kj7Xq_JPEG/SH4_1668.jpg
1281176265,18,손만두국,9500,9500,9500,직접만든 손만두5개와 공깃밥이 나옵니다,false,https://ldb-phinf.pstatic.net/20211121_126/1637502759592B7KPQ_JPEG/SH4_1699.jpg
1281176265,19,손만두한판,9000,9000,9000,만두소와 만두피도 모두 직접만듭니다,false,https://ldb-phinf.pstatic.net/20211121_144/1637502825029i2tne_JPEG/SH4_1657.jpg
1281176265,20,공깃밥,1000,1000,1000,,false,https://ldb-phinf.pstatic.net/20211121_208/16375032846331NGQA_JPEG/SH4_1696.jpg
1289073820,0,재상이삼겹 150g,16000,16000,16000,,true,https://ldb-phinf.pstatic.net/20240417_170/1713339783660In16k_JPEG/%C1%A6%B8%F1%C0%BB-%C0%D4%B7%C2%C7%D8%C1%D6%BC%BC%BF%E4_-001.jpg
1289073820,1,급냉오겹 150g,15000,15000,15000,,true,https://ldb-phinf.pstatic.net/20220916_230/16633074658998gJtx_JPEG/C293DAA6-58DF-4F6F-AD9A-2CB81A58A3D8.jpeg
1289073820,2,급냉목살 150g,15000,15000,15000,,true,https://ldb-phinf.pstatic.net/20230428_214/1682661928322PMTTF_PNG/%B8%F1%BB%EC.png
1289073820,3,눈꽃항정 150g,20000,20000,20000,,true,https://ldb-phinf.pstatic.net/20230428_103/16826619402917FHu7_PNG/%C7%D7%C1%A4.png
1289073820,4,대구소막창,21000,21000,21000,,true,https://ldb-phinf.pstatic.net/20220916_95/1663307542932V0RuN_JPEG/75EF7780-4188-4D04-A384-782C8AF55663.jpeg
1289073820,5,한방 벌집껍데기,10000,10000,10000,,true,https://ldb-phinf.pstatic.net/20220916_148/1663307507159cPUSf_JPEG/6630E88A-F7E9-4FC8-A479-387994A3ED4D.jpeg
1289073820,6,양푼이쫄면,8000,8000,8000,,false,https://ldb-phinf.pstatic.net/20220916_63/1663307568093StoqO_JPEG/1DCAB4D7-4006-4FC3-9D7E-5F68A57574B7.jpeg
1289073820,7,물냉면,8000,8000,8000,,false,https://ldb-phinf.pstatic.net/20240521_259/1716257457191s43dB_PNG/%BD%BA%C5%A9%B8%B0%BC%A6_2024-05-21_%BF%C0%C0%FC_11.07.27.png
1289073820,8,비빔냉면,8000,8000,8000,,false,https://ldb-phinf.pstatic.net/20240521_241/1716257477367TN5bE_PNG/%BD%BA%C5%A9%B8%B0%BC%A6_2024-05-21_%BF%C0%C0%FC_11.07.53.png
1289073820,9,해물순두부찌개,8000,8000,8000,,false,https://ldb-phinf.pstatic.net/20220916_250/1663307594810iyWpL_JPEG/16CE57DC-56B0-4E47-BCBF-A48E17798285.jpeg
1289073820,10,차돌된장찌개,8000,8000,8000,,false,https://ldb-phinf.pstatic.net/20220916_49/1663307612866Gt3FJ_JPEG/AC46BFA5-05F6-4348-80CD-99F05346E307.jpeg
1289073820,11,차돌된장술밥,9000,9000,9000,,false,https://ldb-phinf.pstatic.net/20220916_235/1663307650006hMmiU_JPEG/76D0FAD0-9799-40E4-AD9D-993D7AA37848.jpeg
1289073820,12,볶음밥,3000,3000,3000,,false,https://ldb-phinf.pstatic.net/20220916_81/1663307627988gg4fu_JPEG/9392C809-E4F9-4512-BA05-5C55E4A4E230.jpeg
1289073820,13,계란후라이,1000,1000,1000,,false,https://ldb-phinf.pstatic.net/20220916_272/1663307705902ViRJY_JPEG/B113533B-528A-4974-B693-3ACCFAB57B8E.jpeg
1289073820,14,[점심특선] 물냉면제육정식,12000,12000,12000,,false,https://ldb-phinf.pstatic.net/20240417_192/1713340062699JdW9e_JPEG/%C1%A6%B8%F1%C0%BB-%C0%D4%B7%C2%C7%D8%C1%D6%BC%BC%BF%E4_-001_%281%29.jpg
1289073820,15,[점심특선] 비빔냉면제육정식,12000,12000,12000,,false,https://ldb-phinf.pstatic.net/20240417_14/1713340072886N3ij8_JPEG/%C1%A6%B8%F1%C0%BB-%C0%D4%B7%C2%C7%D8%C1%D6%BC%BC%BF%E4_-002.jpg
1289073820,16,[점심특선] 순두부찌개제육정식,12000,12000,12000,,false,https://ldb-phinf.pstatic.net/20230620_102/1687228537572dSLiD_PNG/%C1%A1%BD%C9%C6%AF%BC%B1_%BC%F8%B5%CE%BA%CE%C2%EE%B0%B3_%C1%A6%C0%B0%C1%A4%BD%C4.PNG
1289073820,17,[점심특선] 김치찌개제육정식,12000,12000,12000,,false,https://ldb-phinf.pstatic.net/20230620_137/1687228561429jDgJo_PNG/%C1%A1%BD%C9%C6%AF%BC%B1_%B1%E8%C4%A1%C2%EE%B0%B3_%C1%A6%C0%B0%C1%A4%BD%C4.PNG
1289073820,18,[점심특선] 된장찌개제육정식,12000,12000,12000,,false,https://ldb-phinf.pstatic.net/20230620_85/1687228582012vWA1i_PNG/%C1%A1%BD%C9%C6%AF%BC%B1_%B5%C8%C0%E5%C2%EE%B0%B3_%C1%A6%C0%B0%C1%A4%BD%C4.PNG
1289308630,0,떡볶이,0,,,떡볶이는 셀프입니다.,false,https://ldb-phinf.pstatic.net/20251127_171/1764207265264UTV8R_JPEG/1000016276.jpg
1289308630,1,오늘의한그릇,11000,11000,11000,메뉴가 매일 바뀝니다 :),true,https://ldb-phinf.pstatic.net/20251127_52/1764207310145p5mbU_JPEG/1000020065.jpg
1289746436,0,🐟 고퀄리티 참치 무한리필 🐟,0,,,퀄리티가 기준에 못 미치면 판매하지 않습니다.,true,https://ldb-phinf.pstatic.net/20251223_133/1766479275427ABHrb_PNG/%B4%EB%C1%F8%B5%B5%BF%F8%C2%FC%C4%A1_%2825%29.png
1289746436,1,혼마구로,80000,80000,80000,"참다랑어 100%로 구성된 무한리필 코스 / 참치회와 함께 전복버터구이, 간장게장이 제공",true,https://ldb-phinf.pstatic.net/20251223_124/1766478870715JBjD5_PNG/%B4%EB%C1%F8%B5%B5%BF%F8%C2%FC%C4%A1_%2810%29.png
1289746436,2,일품,59000,59000,59000,참다랑어 65% 이상 사용한 무한리필 코스 / 눈다랑어와 간장게장이 제공되어 균형 잡힌구성,true,https://ldb-phinf.pstatic.net/20251223_17/1766478888301U53TK_PNG/%B4%EB%C1%F8%B5%B5%BF%F8%C2%FC%C4%A1_%286%29.png
1289746436,3,혼골드,100000,100000,100000,최상급 참다랑어 특수부위를 중심으로 선별해 구성한 프리미엄 코스 ⭐,false,https://ldb-phinf.pstatic.net/20251223_275/1766478876333jRRcD_PNG/%B4%EB%C1%F8%B5%B5%BF%F8%C2%FC%C4%A1_%2811%29.png
1289746436,4,대진참치,49000,49000,49000,"참다랑어 30%, 눈다랑어 뱃살, 황새치 등 다양한 부위를 포함한 무한리필 코스",false,https://ldb-phinf.pstatic.net/20251223_73/1766478892581n4nf6_PNG/%B4%EB%C1%F8%B5%B5%BF%F8%C2%FC%C4%A1_%287%29.png
1289746436,5,혼마정식,40000,40000,40000,참다랑어 80% 이상으로 구성된 고급 정식 메뉴 🐟,false,https://ldb-phinf.pstatic.net/20251223_78/17664786895035TnRq_PNG/%B4%EB%C1%F8%B5%B5%BF%F8%C2%FC%C4%A1_%2814%29.png
1289746436,6,저녁정식,38000,38000,38000,"참치회 15pcs (참다랑어 75%)로 구성된 정식 메뉴/샐러드,참치된장구이,수제튀김,알탕",false,https://ldb-phinf.pstatic.net/20251223_245/1766478696375giPyo_PNG/%B4%EB%C1%F8%B5%B5%BF%F8%C2%FC%C4%A1_%2813%29.png
1289746436,7,특정식,28000,28000,28000,"참치회 15pcs(참다랑어 20%)와 참치 타다끼, 다양한 스끼다시랑 식사가 포함된 메뉴",false,https://ldb-phinf.pstatic.net/20251223_4/1766478667715vf0Nl_PNG/%B4%EB%C1%F8%B5%B5%BF%F8%C2%FC%C4%A1_%288%29.png
1289746436,8,일반정식,22000,22000,22000,"참치회 15pcs를 기본으로 튀김, 구이, 샐러드, 초밥, 알탕, 알밥, 마끼까지",false,https://ldb-phinf.pstatic.net/20251223_175/1766478675549706Sd_PNG/%B4%EB%C1%F8%B5%B5%BF%F8%C2%FC%C4%A1_%289%29.png
1289746436,9,회덮밥,12000,12000,12000,"참치회와 신선한 채소, 셰프가 직접 만든 수제 초장이 어우러진 한 그릇 메뉴",false,https://ldb-phinf.pstatic.net/20251223_73/1766478914880JaTPj_PNG/%B4%EB%C1%F8%B5%B5%BF%F8%C2%FC%C4%A1_%2821%29.png
1289746436,10,알밥,11000,11000,11000,볶음 김치와 푸짐한 날치알이 어우러진 메뉴로 식감이 뛰어나 많은 분들이 찾는 인기메뉴,false,https://ldb-phinf.pstatic.net/20251223_116/1766478920389DohhI_PNG/%B4%EB%C1%F8%B5%B5%BF%F8%C2%FC%C4%A1_%2819%29.png
1289746436,11,알탕,11000,11000,11000,신선한 명란과 셰프 특제 수제 양념장으로 깊고 얼큰하게 끓여낸 매운탕 🌶️,false,https://ldb-phinf.pstatic.net/20251223_300/1766478925073Pfh8I_PNG/%B4%EB%C1%F8%B5%B5%BF%F8%C2%FC%C4%A1_%2820%29.png
1295907888,0,Lunch A Course,59000,59000,59000,,true,https://ldb-phinf.pstatic.net/20250408_6/1744096499852DgC8s_JPEG/IMG_2371.jpeg
1295907888,1,Lunch B Course,79000,79000,79000,,true,https://ldb-phinf.pstatic.net/20250408_24/174409651309601sHU_JPEG/IMG_2372.jpeg
1295907888,2,Lunch C Course,109000,109000,109000,,true,https://ldb-phinf.pstatic.net/20250408_111/1744096555127AsHLh_JPEG/IMG_2373.jpeg
1295907888,3,Dinner,60000~290000,60000,290000,,true,https://ldb-phinf.pstatic.net/20251204_127/1764816423773QyMgj_JPEG/IMG_4350.jpeg
1295907888,4,Weekend Dinner A,69000,69000,69000,,false,https://ldb-phinf.pstatic.net/20251204_156/1764816264974Aki0z_JPEG/IMG_4628.jpeg
1295907888,5,Weekend Dinner B,89000,89000,89000,,false,https://ldb-phinf.pstatic.net/20251204_76/1764816339205u2ROW_JPEG/IMG_4629.jpeg
1295907888,6,Weekend Dinner C,119000,119000,119000,,false,https://ldb-phinf.pstatic.net/20251204_96/1764816365593ej0cf_JPEG/IMG_4630.jpeg
1295907888,7,Lunch - Side,5000~60000,5000,60000,,false,https://ldb-phinf.pstatic.net/20231026_119/16983007631295gHCh_PNG/%B7%B1%C4%A1_%BB%E7%C0%CC%B5%E5.png
1295907888,8,Dinner - Side,5000~60000,5000,60000,,false,https://ldb-phinf.pstatic.net/20241207_48/1733569231564lFlN1_JPEG/1000012389.jpg
1295907888,9,Beverage or Alcohol,3000~47000,3000,47000,,false,https://ldb-phinf.pstatic.net/20231026_15/1698300796053XDsrO_PNG/%C0%BD%B7%E1_%B9%D7_%C1%D6%B7%F9.png
1295907888,10,Glass or Whith Wine,10000~55000,10000,55000,,false,https://ldb-phinf.pstatic.net/20231026_269/1698301025686UDFyQ_JPEG/KakaoTalk_20231024_095651024.jpg
1295907888,11,Red Wine,45000~400000,45000,400000,,false,https://ldb-phinf.pstatic.net/20231026_10/1698301131267cmUU9_JPEG/KakaoTalk_20231024_095651024_01.jpg
1295907888,12,Champagne,55000~200000,55000,200000,,false,https://ldb-phinf.pstatic.net/20231026_211/1698301182261wQfN4_JPEG/KakaoTalk_20231024_095651024_05.jpg
1303984471,0,뿜치킹,25000,25000,25000,"한입 가득 뿜! 퍼지는 네 가지 치즈가 겹겹이 뿜어내는 압도적인 풍미의 끝판왕, 뿜치킹",true,https://ldb-phinf.pstatic.net/20251010_173/1760068207864zu4OI_PNG/%BC%F6%C1%A4%B5%CA_%C4%A1%C1%EE%C4%A1%C5%B2_02.png
1303984471,1,마라핫,28000,28000,28000,"향취고추와 마라맛의 조화로, 입 안 가득 얼얼함을 단계별로 선사하는 BBQ 마라핫 치킨",true,https://ldb-phinf.pstatic.net/20250411_94/1744337225486cNa6C_JPEG/%B8%B6%B6%F3%C7%D6%C4%A1%C5%B2_%B4%A9%B3%A2.jpg
1303984471,2,땡쇼크,25000,25000,25000,땡초의 강렬한 맛과 진한 숯불 향의 BBQ 특제 양념이 어우러져 감칠맛이 폭발하는 치킨,true,https://ldb-phinf.pstatic.net/20250314_288/1741919343191WzAKq_JPEG/%B6%AF%BC%EE%C5%A9_%B3%D7%C0%CC%B9%F6.jpg
1303984471,3,맵소디,24500,24500,24500,"전통간장소스의 매콤 달콤 짭짤 하모니,
글레징 기법으로 바삭한 식감!",true,https://ldb-phinf.pstatic.net/20241111_282/1731287200304MGPhz_JPEG/%B8%CA%BC%D2%B5%F0_%BD%E6%B3%D7%C0%CF_%B3%D7%C0%CC%B9%F6.jpg
1303984471,4,BBQ맛탕,4000,4000,4000,추억의 오리지널 맛탕을 그대로 재현한 BBQ맛탕,false,https://ldb-phinf.pstatic.net/20250414_274/1744593578116wwm7J_JPEG/bbq_Talk_20250411_104911.jpg
1303984471,5,BBQ 떡볶이,7000,7000,7000,고급 연유의 고소하고 달콤한 맛이 매콤한 소스와 만나 더욱 풍부한 맛의 떡볶이,false,https://ldb-phinf.pstatic.net/20241122_69/1732256922510zoq51_JPEG/BBQ_%B6%B1%BA%BA%C0%CC_%BD%E6%B3%D7%C0%CF_%B3%D7%C0%CC%B9%F6.jpg
1303984471,6,한입등갈비튀김,25000,25000,25000,특제 시즈닝으로 염지한 고품질 독일산 돈 등갈비를 바삭하게 튀겨낸 후라이드 메뉴,false,https://ldb-phinf.pstatic.net/20240712_264/1720748516290X5nO2_JPEG/%BD%E6%B3%D7%C0%CF_%B3%D7%C0%CC%B9%F6%281060x580%29_%B5%EE%B0%A5%BA%F1%C6%A2%B1%E8.jpg
1303984471,7,핫베이크 닭다리,26000,26000,26000,튀르키예 이스탄불 지역의 이국적인 매운맛을 모티브로 개발된 베이크 닭다리,false,https://ldb-phinf.pstatic.net/20240712_137/17207484835965gA5R_JPEG/%BD%E6%B3%D7%C0%CF_%B3%D7%C0%CC%B9%F6%281060x580%29_BBQ_%C7%D6%BA%A3%C0%CC%C5%A9_%B4%DF%B4%D9%B8%AE.jpg
1303984471,8,핫베이크 윙,24000,24000,24000,튀르키예 이스탄불 지역의 이국적인 매운맛을 모티브로 개발된 베이크 윙,false,https://ldb-phinf.pstatic.net/20240712_89/1720748370752dkGgw_JPEG/%BD%E6%B3%D7%C0%CF_%B3%D7%C0%CC%B9%F6%281060x580%29_BBQ_%C7%D6%BA%A3%C0%CC%C5%A9_%C0%AE.jpg
1303984471,9,바사칸 윙,23000,23000,23000,후추와 마늘의 알싸한 매운맛과 구운 소금의 담백함이 더해진 바삭한 치킨,false,https://ldb-phinf.pstatic.net/20240319_229/17108298939018f3jx_JPEG/20240118_BBQ_%C3%A4%B3%CE%B5%EE%B7%CF%BF%EB_%B8%DE%B4%BA_%BD%E6%B3%D7%C0%CF_%B3%D7%C0%CC%B9%F6%281060x580%29_BBQ_%B9%D9%BB%E8%C4%AD_%C0%AE.jpg
1303984471,10,TOP3세트메뉴 Set1,29000,29000,29000,황금올리브치킨™+닭다리 2개+BBQ감자튀김,false,https://ldb-phinf.pstatic.net/20230728_174/1690522442347q6cHW_JPEG/20230713_BBQ_%B2%DC%C1%B6%C7%D5_%BC%BC%C6%AE%B8%DE%B4%BA_%BF%DC%BA%CE%C3%A4%B3%CE_%B3%D7%C0%CC%B9%F6_%BD%E6%B3%D7%C0%CF%281060x580%29_%BC%BC%C6%AE_01.jpg
1303984471,11,TOP3세트메뉴 Set2,30000,30000,30000,핫황금올리브치킨™크리스피+닭다리 2개+BBQ감자튀김,false,https://ldb-phinf.pstatic.net/20230728_98/1690522462789NckAT_JPEG/20230713_BBQ_%B2%DC%C1%B6%C7%D5_%BC%BC%C6%AE%B8%DE%B4%BA_%BF%DC%BA%CE%C3%A4%B3%CE_%B3%D7%C0%CC%B9%F6_%BD%E6%B3%D7%C0%CF%281060x580%29_%BC%BC%C6%AE_03.jpg
1303984471,12,TOP3세트메뉴 Set3,30000,30000,30000,자메이카 통다리구이+닭다리 2개+BBQ감자튀김,false,https://ldb-phinf.pstatic.net/20230728_271/16905224794326wQxl_JPEG/20230713_BBQ_%B2%DC%C1%B6%C7%D5_%BC%BC%C6%AE%B8%DE%B4%BA_%BF%DC%BA%CE%C3%A4%B3%CE_%B3%D7%C0%CC%B9%F6_%BD%E6%B3%D7%C0%CF%281060x580%29_%BC%BC%C6%AE_02.jpg
1303984471,13,황금올리브치킨™,23000,23000,23000,황금빛 파우더의 바삭함과 육즙 가득 퍼지는 부드러운 속살이 환상적!,true,https://ldb-phinf.pstatic.net/20230926_64/1695721623838tBuvP_PNG/1._%C8%B2%B1%DD%BF%C3%B8%AE%BA%EA%C4%A1%C5%B2.png
1303984471,14,황금올리브치킨™속안심,19000,19000,19000,닭한마리에 50g만 나오는 귀한 속안심을 정성스레 조리한 순살치킨,false,https://ldb-phinf.pstatic.net/20221107_164/1667819002106pEUfl_PNG/%C8%B2%B1%DD%BF%C3%B8%AE%BA%EA%C4%A1%C5%B2_%BC%D3%BE%C8%BD%C9.png
1303984471,15,황금올리브치킨™핫윙(VAP),23000,23000,23000,"매콤한 소스가 바삭한 겉면과, 촉촉한 날개 속살에 잘 베어든 스파이시 윙(냉장육 변경)",false,https://ldb-phinf.pstatic.net/20230424_27/1682321435803IhBlX_PNG/3._%C8%B2%B1%DD%BF%C3%B8%AE%BA%EA%C4%A1%C5%B2_%C7%D6%C0%AE.png
1303984471,16,황금올리브치킨™핫크리스피,24000,24000,24000,핫하고 빠삭한 맛 핫빠! 크리스피,false,https://ldb-phinf.pstatic.net/20221107_146/1667818958655o8uFN_PNG/%C7%D6%C8%B2%B1%DD%BF%C3%B8%AE%BA%EA%C4%A1%C5%B2_%C5%A9%B8%AE%BD%BA%C7%C7.png
1303984471,17,크런치 순살크래커,20000,20000,20000,황금올리브 닭다리살에 오레가노 풍미와 감칠맛을 부여하고 바삭하게 튀겨낸 크래커 순살 치킨,false,https://ldb-phinf.pstatic.net/20221107_143/1667818879782qFNMs_PNG/%C5%A9%B7%B1%C4%A1_%BC%F8%BB%EC%C5%A9%B7%A1%C4%BF.png
1303984471,18,파더's치킨(로스트 갈릭),15000,15000,15000,담백하고 육즙가득한 로스트갈릭 파더s치킨 한마리!,false,https://ldb-phinf.pstatic.net/20221107_2/1667818518784Tb8F7_PNG/%C6%C4%B4%F5%27s%C4%A1%C5%B2%28%B7%CE%BD%BA%C6%AE_%B0%A5%B8%AF%29.png
1303984471,19,황금올리브치킨™블랙페퍼,24000,24000,24000,핫하고 알싸한 맛,false,https://ldb-phinf.pstatic.net/20221107_135/1667818937150X9L8T_PNG/%C7%D6%C8%B2%B1%DD%BF%C3%B8%AE%BA%EA%C4%A1%C5%B2_%BA%ED%B7%A2%C6%E4%C6%DB.png
1303984471,20,크런치 버터,24000,24000,24000,달콤 짭짤한 버터향의 풍미와 핫하게 착 감기는 레드착착 시즈닝의 중독성 강한 메뉴!!,false,https://ldb-phinf.pstatic.net/20221107_9/1667819289773mVQ1R_PNG/%C5%A9%B7%B1%C4%A1_%B9%F6%C5%CD%C4%A1%C5%B2.png
1303984471,21,자메이카 소떡만나치킨,24000,24000,24000,"BBQ 자메이카 저크소스와 신선육, 소떡을 조합하여 풍미를 올린 전국민이 최애하는 바베큐",false,https://ldb-phinf.pstatic.net/20221107_141/16678166386872Gqa6_PNG/%C0%DA%B8%DE%C0%CC%C4%AB_%BC%D2%B6%B1%B8%B8%B3%AA%C4%A1%C5%B2_%B9%E8%B9%CE.png
1303984471,22,황금올리브치킨™양념,24500,24500,24500,"옛날치킨 컨셉의 얇은 튀김옷에 사과퓨레, 당근 등의 천연재료를 가미한 새로운 BBQ양념치킨",true,https://ldb-phinf.pstatic.net/20231016_227/1697421567166n3p5K_JPEG/BBQ_%BE%E7%B3%E4%C4%A1%C5%B2.jpg
1303984471,23,빠리치킨,24000,24000,24000,BBQ 특제깐풍소스에 향긋한 대파와 고추를 곁들인 치맥의 절대 지존!,false,https://ldb-phinf.pstatic.net/20221107_198/1667818589292LnDHY_PNG/%C8%B2%BF%C3%C7%D1_%B1%F1%C7%B3%C4%A1%C5%B2.png
1303984471,24,극한왕갈비치킨,23000,23000,23000,단짠단짠 왕갈비 소스와 바삭한 치킨의 만남,false,https://ldb-phinf.pstatic.net/20221107_268/1667818550982MvkqV_PNG/%B1%D8%C7%D1%BF%D5%B0%A5%BA%F1%C4%A1%C5%B2.png
1303984471,25,자메이카 통다리구이,24000,24000,24000,엉치살이 붙은 통다리에 자메이카 저크소스를 발라 더욱 맛있는 통다리구이,false,https://ldb-phinf.pstatic.net/20240712_105/1720749064933OOipV_PNG/%B1%B8%C0%CC_1._%C0%DA%B8%DE%C0%CC%C4%AB_%C5%EB%B4%D9%B8%AE%B1%B8%C0%CC_750.png
1303984471,26,소이갈릭스(한마리),21000,21000,21000,짭조름~한 간장마늘향 소이갈릭스! 깊은 간장맛으로 짜지 않고 담백!,false,https://ldb-phinf.pstatic.net/20221107_221/1667818447932CKEzw_PNG/%BC%D2%C0%CC%B0%A5%B8%AF%BD%BA%28%C7%D1%B8%B6%B8%AE%29.png
1303984471,27,스모크치킨(5조각),22000,22000,22000,물참나무향이 스며있는 스모키한 풍미가 일품인 훈연치킨,false,https://ldb-phinf.pstatic.net/20240717_243/172118117099279fIQ_JPEG/%BD%BA%B8%F0%C5%A9%C4%A1%C5%B2%285%C1%B6%B0%A2%29_%B9%E8%B4%DE%C6%AF%B1%DE%28500x500%29.jpg
1303984471,28,황올 반+BBQ양념 반,24000,24000,24000,겉바속촉 황금올리브치킨™과 부드러운 단맛이 매력적인 새로운 BBQ 양념치킨의 반반 조합,true,https://ldb-phinf.pstatic.net/20231016_227/1697421664758XmdNq_JPEG/%C8%B2%BF%C3%B9%DD%2BBBQ_%BE%E7%B3%E4%B9%DD.jpg
1303984471,29,황금올리브치킨™속안심반반,20000,20000,20000,후라이드 치킨텐더와 블루치즈의 부드러움이 함유된 양념소스 조합,false,https://ldb-phinf.pstatic.net/20221107_224/1667818289620TCaXN_PNG/%C8%B2%B1%DD%BF%C3%B8%AE%BA%EA%C4%A1%C5%B2_%BC%D3%BE%C8%BD%C9%B9%DD%B9%DD.png
1303984471,30,크런치 순살크래커 반반,21000,21000,21000,크래커 형태의 순살 치킨과 블루치즈의 부드러움이 함유된 양념소스 조합,false,https://ldb-phinf.pstatic.net/20221107_148/1667818265927kGTdn_PNG/%C5%A9%B7%B1%C4%A1_%BC%F8%BB%EC%C5%A9%B7%A1%C4%BF_%B9%DD%B9%DD.png
1303984471,31,황금올리브치킨™반마리,12500,12500,12500,후라이드는 황금올리브! 이젠 반마리로!,false,https://ldb-phinf.pstatic.net/20221107_27/1667818861070ERCVG_PNG/%C8%B2%B1%DD%BF%C3%B8%AE%BA%EA%C4%A1%C5%B2_%B9%DD%B8%B6%B8%AE.png
1303984471,32,황금올리브치킨™양념 반마리,13500,13500,13500,"옛날치킨 컨셉의 얇은 튀김옷에 사과퓨레, 당근 등의 천연재료를 가미한 BBQ양념치킨 반마리",false,https://ldb-phinf.pstatic.net/20231016_102/1697421801634bRH3G_JPEG/BBQ_%BE%E7%B3%E4%C4%A1%C5%B2_%B9%DD%B8%B6%B8%AE.jpg
1303984471,33,핫황금올리브치킨™크리스피 반마리,13000,13000,13000,핫하고 빠삭한 맛 핫빠! 크리스피 8조각!,false,https://ldb-phinf.pstatic.net/20221107_9/1667818780039DltQg_PNG/%C7%D6%C8%B2%B1%DD%BF%C3%B8%AE%BA%EA%C4%A1%C5%B2_%C5%A9%B8%AE%BD%BA%C7%C7_%B9%DD%B8%B6%B8%AE.png
1303984471,34,황금올리브치킨™블랙페퍼 반마리,13000,13000,13000,핫하고 알싸한 맛 핫싸! 블랙페퍼 8조각!,false,https://ldb-phinf.pstatic.net/20221107_95/16678187991201IJcB_PNG/%C7%D6%C8%B2%B1%DD%BF%C3%B8%AE%BA%EA%C4%A1%C5%B2_%BA%ED%B7%A2%C6%E4%C6%DB_%B9%DD%B8%B6%B8%AE.png
1303984471,35,자메이카 통다리구이 반마리,13000,13000,13000,매콤달콤한 중남미풍의 저크소스를 발라 깊고 신비한 맛의 풍미,false,https://ldb-phinf.pstatic.net/20221107_3/16678187116276Cm4U_PNG/%C0%DA%B8%DE%C0%CC%C4%AB_%C5%EB%B4%D9%B8%AE%B1%B8%C0%CC_%B9%DD%B8%B6%B8%AE.png
1303984471,36,스모크치킨 반마리(3조각),14000,14000,14000,스모키한 풍미가 일품인 스모크치킨 반마리,false,https://ldb-phinf.pstatic.net/20240717_142/1721181198351l3dl7_PNG/%BD%BA%B8%F0%C5%A9%C4%A1%C5%B2_%B9%DD%B8%B6%B8%AE%283%C1%B6%B0%A2%29_%B9%E8%B4%DE%C6%AF%B1%DE%28500X500%29.png
1303984471,37,페퍼로니 씬피자,15000,15000,15000,"고소한 보리맥아도우, 매콤한 토마토소스 위에 풍부한 할라피뇨, 페퍼로니의 조화",false,https://ldb-phinf.pstatic.net/20241129_143/1732875506187loLNe_JPEG/BBQ_%C6%E4%C6%DB%B7%CE%B4%CF%BE%C0%C7%C7%C0%DA_%B3%D7%C0%CC%B9%F6_%BD%BA%B8%B6%C6%AE%BF%C0%B4%F5.jpg
1303984471,38,페퍼로니 시카고피자,18000,18000,18000,겉은 바삭하고 속은 촉촉한 시카고 도우에 페퍼로니와 토마토 소스를 더한 시카고 피자,false,https://ldb-phinf.pstatic.net/20250218_173/1739843111966hpv0X_JPEG/%C6%E4%C6%DB%B7%CE%B4%CF_%BD%C3%C4%AB%B0%ED%C7%C7%C0%DA.jpg
1303984471,39,허니리코타 시카고피자,18000,18000,18000,겉은 바삭하고 속은 촉촉한 시카고 도우에 단호박과 리코타 치즈를 더한 시카고피자,false,https://ldb-phinf.pstatic.net/20250218_79/17398432019386BXew_JPEG/%C7%E3%B4%CF%B8%AE%C4%DA%C5%B8_%BD%C3%C4%AB%B0%ED%C7%C7%C0%DA.jpg
1303984471,40,BBQ 치킨버거(마일드),5000,5000,5000,버터 풍미가 가득한 브리오슈 번스와 머쉬룸 뒥셀특제소스를 곁들인 BBQ 프리미엄 치킨버거,false,https://ldb-phinf.pstatic.net/20221107_128/1667818672383HSIm3_PNG/BBQ_%C4%A1%C5%B2%B9%F6%B0%C5_%B8%B6%C0%CF%B5%E5.png
1303984471,41,BBQ 치킨버거(스파이시),5000,5000,5000,버터 풍미 가득한 브리오슈 번스와 머쉬룸 뒥셀소스를 곁들인 매콤한 BBQ 프리미엄 치킨버거,false,https://ldb-phinf.pstatic.net/20221107_198/1667818649713fqTV2_PNG/BBQ_%C4%A1%C5%B2%B9%F6%B0%C5_%BD%BA%C6%C4%C0%CC%BD%C3.png
1303984471,42,BBQ 카레고로케(3개),4000,4000,4000,곱게 으깬 감자와 카레의 독특한 풍미가 조화로운 만남,false,https://ldb-phinf.pstatic.net/20241129_150/1732875414460l2asS_JPEG/BBQ_%C4%AB%B7%B9%B0%ED%B7%CE%C4%C9_%B3%D7%C0%CC%B9%F6_%BD%BA%B8%B6%C6%AE%BF%C0%B4%F5.jpg
1303984471,43,타르타르 새우튀김(5개),10000,10000,10000,바삭한 새우튀김 안에 타르타르 소스를 넣어 소스와 새우튀김을 한번에 먹을 수 있는 메뉴,false,https://ldb-phinf.pstatic.net/20230713_251/1689247557824HCn26_JPEG/20230704_BBQ_%C3%A4%B3%CE%B5%EE%B7%CF%BF%EB_%B8%DE%B4%BA_%BD%E6%B3%D7%C0%CF_%B3%D7%C0%CC%B9%F6%281060x580%29_%C5%B8%B8%A3%C5%B8%B8%A3_%BB%F5%BF%EC%C6%A2%B1%E8.jpg
1303984471,44,BBQ 감자튀김,4000,4000,4000,감자 본연의 맛이 풍부하고 바삭한 식감을 자랑하는 BBQ감자튀김,false,https://ldb-phinf.pstatic.net/20230713_116/1689247608180ESwTv_PNG/20230704_BBQ_%C3%A4%B3%CE%B5%EE%B7%CF%BF%EB_%B8%DE%B4%BA_%BD%E6%B3%D7%C0%CF_%B3%D7%C0%CC%B9%F6%281060x580%29_BBQ%B0%A8%C0%DA%C6%A2%B1%E8.png
1303984471,45,롱치즈스틱(1개),3500,3500,3500,쫀득한 스트링치즈와 바삭한 도우가 잘 어우러진 21cm 길이의 BBQ만의 롱치즈스틱,false,https://ldb-phinf.pstatic.net/20221107_152/1667818107635NDX3U_PNG/%B7%D5%C4%A1%C1%EE%BD%BA%C6%BD.png
1303984471,46,BBQ 모둠볼 6개,6000,6000,6000,황금알치즈볼 2개 + 더블치즈볼 2개 + 크림치즈볼 2개,false,https://ldb-phinf.pstatic.net/20240913_185/1726197377178mOTTi_PNG/BBQ%B8%F0%B5%D2%BA%BC%286%B0%B3%29%28%B3%D7%C0%CC%B9%F6%BD%BA%B8%B6%C6%AE%BF%C0%B4%F5%29.png
1303984471,47,BBQ 모둠볼 10개,9000,9000,9000,황금알치즈볼 4개 + 크림치즈볼 3개 + 더블치즈볼 3개,false,https://ldb-phinf.pstatic.net/20240913_107/1726197406130sdhHC_PNG/BBQ%B8%F0%B5%D2%BA%BC%2810%B0%B3%29%28%B3%D7%C0%CC%B9%F6%BD%BA%B8%B6%C6%AE%BF%C0%B4%F5%29.png
1303984471,48,황금알치즈볼,5000,5000,5000,달걀 형태의 황금빛 찹쌀도우에 체다치즈와 모짜렐라치즈가 들어있는 황금치즈볼,false,https://ldb-phinf.pstatic.net/20221107_247/1667817888544Ocq0x_PNG/%C8%B2%B1%DD%BE%CB%C4%A1%C1%EE%BA%BC.png
1303984471,49,크림치즈볼,5000,5000,5000,"쫄깃한 식감에 고다치즈, 체다치즈, 모짜렐라 치즈가 어우러진 매력적인 크림치즈볼",false,https://ldb-phinf.pstatic.net/20221107_131/1667817865334iylxj_PNG/%C5%A9%B8%B2%C4%A1%C1%EE%BA%BC.png
1303984471,50,크림치즈볼(치즈맛 시즈닝),5500,5500,5500,"쫄깃한 식감에 고다치즈, 체다치즈, 모짜렐라 치즈가 어우러진 크림치즈볼과 치즈맛 시즈닝",false,https://ldb-phinf.pstatic.net/20221107_95/1667817778154N2YQm_PNG/%C5%A9%B8%B2%C4%A1%C1%EE%BA%BC%28%C4%A1%C1%EE%B8%C0_%BD%C3%C1%EE%B4%D7%29.png
1303984471,51,더블치즈볼,5000,5000,5000,크림치즈와 모짜렐라 치즈의 풍미가 듬뿍!,false,https://ldb-phinf.pstatic.net/20221107_278/1667817761200P591v_PNG/%B4%F5%BA%ED%C4%A1%C1%EE%BA%BC.png
1303984471,52,오감볼,8500,8500,8500,"한입에 먹을 수 있는 아담한 사이즈로 한입오징어와 펍감자를 섞어 술안주, 간식으로 제격!",false,https://ldb-phinf.pstatic.net/20221107_44/1667817743167L8d8X_PNG/%BF%C0%B0%A8%BA%BC.png
1303984471,53,통새우 멘보샤(5개),6000,6000,6000,통새우 식감 한가득!,false,https://ldb-phinf.pstatic.net/20221107_266/1667817724630NTTsl_PNG/%C5%EB%BB%F5%BF%EC_%B8%E0%BA%B8%BB%FE.png
1303984471,54,새우스틱(2개),5500,5500,5500,탱글탱글한 새우가 한가득,false,https://ldb-phinf.pstatic.net/20221107_80/1667817637221J7bnf_PNG/%BB%F5%BF%EC%BD%BA%C6%BD%282ea%29.png
1303984471,55,오징어튀김(3개),5000,5000,5000,빠삭~한 튀김 옷에 쫄깃한 통 오징어 살이 꽉 찬 오징어튀김!,false,https://ldb-phinf.pstatic.net/20230728_284/1690522201146HzQSd_JPEG/%BF%C0%C2%A1%BE%EE%C6%A2%B1%E8%283%B0%B3%29.jpg
1303984471,56,모둠감자튀김,11000,11000,11000,다양한 모양과 식감의 감자튀김,false,https://ldb-phinf.pstatic.net/20221107_172/1667817599918wtkMD_PNG/%B8%F0%B5%D2%B0%A8%C0%DA%C6%A2%B1%E8.png
1303984471,57,BBQ 닭껍데기,5000,5000,5000,BBQ 특제 파우더를 사용해 튀겨 낸 겉은 고소 바삭하고 속은 쫄깃한 닭껍데기,false,https://ldb-phinf.pstatic.net/20221107_65/1667817581771TpJyr_PNG/BBQ_%B4%DF%B2%AE%B5%A5%B1%E2.png
1303984471,58,BBQ 소떡,3000,3000,3000,쫄깃한 떡 튀김과 탱글탱글한 소시지 위에! 극한왕갈비소스를 쓱쓱!,false,https://ldb-phinf.pstatic.net/20221107_33/1667817530778lKPWg_PNG/BBQ_%BC%D2%B6%B1%28%BF%D5%B0%A5%BA%F1%B8%C0%29.png
1303984471,59,황올한닭발튀김,7900,7900,7900,"바삭하고 매콤, 짭잘한 무뼈닭발 후라이드",false,https://ldb-phinf.pstatic.net/20221107_163/1667817357254qRMiI_PNG/%B4%DF%B9%DF%C6%A2%B1%E8_70_%B8%AE%C5%CD%C4%A1_A%C4%C6_%B4%A9%B3%A2_%281%29.PNG
1303984471,60,자메이카 소떡만나 소스(25g),700,700,700,입에 촤악~감기는 자메이카 맵단 소스,false,https://ldb-phinf.pstatic.net/20221226_7/1672022496542ap3O7_PNG/%C0%DA%B8%DE%C0%CC%C4%AB_%BC%D2%B6%B1%B8%B8%B3%AA_%BC%D2%BD%BA.png
1303984471,61,BBQ양념치킨소스(25g),500,500,500,부드럽고 달콤한 비비큐 인기 양념소스,false,https://ldb-phinf.pstatic.net/20231016_110/1697421871977Yae6M_PNG/BBQ%BE%E7%B3%E4%C4%A1%C5%B2%BC%D2%BD%BA.png
1303984471,62,비비소스(12g),500,500,500,모든 튀김류에 찰떡같이 어울리는 맛!,false,https://ldb-phinf.pstatic.net/20221107_263/1667817049742ci3me_PNG/%BA%F1%BA%F1%BC%D2%BD%BA.png
1303984471,63,케소 딥핑소스(75g),2000,2000,2000,"고다, 체다치즈 베이스에 할라피뇨와 청, 홍피망을 넣어 치즈의 느끼함을 매운맛으로 잡은",false,https://ldb-phinf.pstatic.net/20221226_18/1672022436681Nh69k_PNG/%C4%C9%BC%D2_%B5%F6%C7%CE%BC%D2%BD%BA.png
1303984471,64,파인마요소스(75g),2000,2000,2000,달콤한 파인애플과 고소한 마요네즈의 부드러운 조화!,false,https://ldb-phinf.pstatic.net/20221107_197/1667817015781slgFe_PNG/%C6%C4%C0%CE%B8%B6%BF%E4%BC%D2%BD%BA.png
1303984471,65,치즈갈릭소스(75g),2000,2000,2000,고소한 치즈와 알싸한 마늘의 만남!,false,https://ldb-phinf.pstatic.net/20221107_11/1667816987696lPpto_PNG/%C4%A1%C1%EE%B0%A5%B8%AF%BC%D2%BD%BA.png
1303984471,66,매직칠리소스(75g),2000,2000,2000,이국적인 칠리소스와 매콤달콤 환상케미!,false,https://ldb-phinf.pstatic.net/20221107_76/1667816965753joWCL_PNG/%B8%C5%C1%F7%C4%A5%B8%AE%BC%D2%BD%BA.png
1303984471,67,스모크 소스(12g),500,500,500,훈제요리에 어울리는 담백하고 고소한 맛!,false,https://ldb-phinf.pstatic.net/20221107_156/166781691292005YXa_PNG/%BD%BA%B8%F0%C5%A9%BC%D2%BD%BA.png
1303984471,68,순살크래커 소스(25g),500,500,500,화끈화끈 맵다 매워! 볼케이노 핫소매콤달콤 스위트칠리 순살크래커 소스,false,https://ldb-phinf.pstatic.net/20221107_104/1667816888431tNqXz_PNG/%BC%F8%BB%EC%C5%A9%B7%A1%C4%BF%BC%D2%BD%BA.png
1303984471,69,블랙페퍼 시즈닝,1000,1000,1000,알싸한 블랙페퍼 시즈닝을 간편하게!,false,https://ldb-phinf.pstatic.net/20221107_212/1667816806416kheAg_PNG/%BA%ED%B7%A2%C6%E4%C6%DB_%BD%C3%C1%EE%B4%D7.png
1303984471,70,레드착착 시즈닝,1000,1000,1000,매콤한 레드착착 시즈닝을 간편하게!,false,https://ldb-phinf.pstatic.net/20221107_13/1667816786171ioo18_PNG/%B7%B9%B5%E5%C2%F8%C2%F8_%BD%C3%C1%EE%B4%D7.png
1303984471,71,치즈맛 시즈닝,1000,1000,1000,달콤한 치즈맛 시즈닝을 간편하게!,false,https://ldb-phinf.pstatic.net/20221107_199/1667816759542fO7KE_PNG/%C4%A1%C1%EE%B8%C0_%BD%C3%C1%EE%B4%D7.png
1303984471,72,치킨무,1000,1000,1000,,false,https://ldb-phinf.pstatic.net/20240809_16/17231682820233TIh8_PNG/%C4%A1%C5%B2%B9%AB_1000X1000.png
1303984471,73,스파클링 레몬보이 245ml,1000,1000,1000,천년보이차로 만든 BBQ의 스파클링 음료,false,https://ldb-phinf.pstatic.net/20250124_281/1737694009267pAOmn_PNG/%BD%BA%C6%C4%C5%AC%B8%B5_%B7%B9%B8%F3%BA%B8%C0%CC_245ml_%C0%DA%BB%E7%BE%DB.png
1303984471,74,스파클링 레몬보이 500ml,2000,2000,2000,천년보이차로 만든 BBQ의 스파클링 음료,false,https://ldb-phinf.pstatic.net/20221223_171/1671785728269hXl2p_PNG/%BD%BA%C6%C4%C5%AC%B8%B5%B7%B9%B8%F3%BA%B8%C0%CC_500ml.png
1307153335,0,조개찜 (대),89000,89000,89000,,true,https://ldb-phinf.pstatic.net/20240116_96/1705368114424M8ydd_JPEG/%C1%B6%B0%B3%C2%F2_%B4%EB.jpg
1307153335,1,조개찜 (중),69000,69000,69000,,false,https://ldb-phinf.pstatic.net/20240116_54/1705368090368BEDwf_JPEG/%C1%B6%B0%B3%C2%F2_%C1%DF.jpg
1307153335,2,조개찜 (소),49000,49000,49000,,false,https://ldb-phinf.pstatic.net/20240116_124/1705368069319zEhCQ_JPEG/%C1%B6%B0%B3%C2%F2_%BC%D2.jpg
1307153335,3,가리비찜 (대),89000,89000,89000,,false,https://ldb-phinf.pstatic.net/20240116_225/1705368239051gPMek_JPEG/%B0%A1%B8%AE%BA%F1%C2%F2_%B4%EB.jpg
1307153335,4,가리비찜 (중),69000,69000,69000,,false,https://ldb-phinf.pstatic.net/20240116_227/1705368228197eVTsm_JPEG/%B0%A1%B8%AE%BA%F1%C2%F2_%C1%DF.jpg
1307153335,5,가리비찜 (소),49000,49000,49000,,false,https://ldb-phinf.pstatic.net/20240116_297/1705368201406Qfz7O_JPEG/%B0%A1%B8%AE%BA%F1%C2%F2_%BC%D2.jpg
1307153335,6,석화찜 (대),79000,79000,79000,,false,https://ldb-phinf.pstatic.net/20240116_201/1705368290244eHusm_JPEG/%BC%AE%C8%AD%C2%F2_%BC%D2%2C%C1%DF%2C%B4%EB.jpg
1307153335,7,석화찜 (중),69000,69000,69000,,false,https://ldb-phinf.pstatic.net/20240116_197/1705368278176vhpWy_JPEG/%BC%AE%C8%AD%C2%F2_%BC%D2%2C%C1%DF%2C%B4%EB.jpg
1307153335,8,석화찜 (소),49000,49000,49000,,false,https://ldb-phinf.pstatic.net/20240116_92/17053682611526pnrq_JPEG/%BC%AE%C8%AD%C2%F2_%BC%D2%2C%C1%DF%2C%B4%EB.jpg
1307153335,9,조개/가리비 추가,25000,25000,25000,,false,https://ldb-phinf.pstatic.net/20240111_166/1704969062832w0lgI_JPEG/Screenshot_20231231_142915_NAVER.jpg
1307153335,10,석화추가,20000,20000,20000,,false,
1307153335,11,(평일)런치스페셜 5인세트,75000,75000,75000,조개찜(5인)+면사리 무료,false,https://ldb-phinf.pstatic.net/20240206_211/1707205581588vlBos_JPEG/1000014545.jpg
1307153335,12,(평일)런치스페셜 4인,60000,60000,60000,조개찜(4인)+면사리 무료,false,https://ldb-phinf.pstatic.net/20240206_283/170720560071681m3o_JPEG/1000014545.jpg
1307153335,13,(평일)런치스페셜 3인,45000,45000,45000,조개찜(3인) + 면사리 무료,false,https://ldb-phinf.pstatic.net/20240206_19/1707205614519YHSyq_JPEG/1000014545.jpg
1309961192,0,비프 스테이크,14500,14500,14500,,true,https://ldb-phinf.pstatic.net/20250418_285/17449374505027Uply_JPEG/%BA%F1%C7%C1%BD%BA%C5%D7%C0%CC%C5%A9.jpg
1309961192,1,치즈불고기세트,8900,8900,8900,,false,https://ldb-phinf.pstatic.net/20260329_169/1774758145648cJK4E_PNG/KakaoTalk_20260324_171619998.png
1309961192,2,치즈킹 스테이크,19900,19900,19900,,false,https://ldb-phinf.pstatic.net/20260103_163/1767432709792cTsaa_PNG/%C4%A1%C1%EE%C5%B7.png
1309961192,3,헤비 매니아 스테이크 세트,18500,18500,18500,,false,https://ldb-phinf.pstatic.net/20250418_184/1744937507092HDfPo_JPEG/%C7%EC%BA%F1%B8%C5%B4%CF%BE%C6.jpg
1309961192,4,"글로벌 세트(비프,치킨)",12400~17000,12400,17000,,false,https://ldb-phinf.pstatic.net/20250418_182/1744937491292f3Llw_JPEG/%B1%DB%B7%CE%B9%FA%BD%BA%C5%D7%C0%CC%C5%A9.jpg
1309961192,5,치킨 덮밥,12000,12000,12000,,false,https://ldb-phinf.pstatic.net/20260103_291/17674327428548vvsr_PNG/%BA%D2%B4%DF.png
1309961192,6,치킨 스테이크(바베큐),9900,9900,9900,,false,https://ldb-phinf.pstatic.net/20250418_141/1744937486625x53jB_JPEG/%C4%A1%C5%B2%BD%BA%C5%D7%C0%CC%C5%A9.jpg
1309961192,7,BTS(Beef Tosi Steak),29000,29000,29000,,false,https://ldb-phinf.pstatic.net/20260414_190/1776140505525FhKaV_PNG/%C5%E4%BD%C3.png
1309961192,8,치즈불고기,8500,8500,8500,,false,https://ldb-phinf.pstatic.net/20260329_193/1774758153339oJU3H_PNG/KakaoTalk_20260324_171619998_02.png
1309961192,9,파워함박,12000,12000,12000,,false,https://ldb-phinf.pstatic.net/20251026_37/1761465148897zUuNO_JPEG/%C6%C4%BF%F6%C7%D4%B9%DA.jpg
1309961192,10,파워함박세트,13000,13000,13000,,false,https://ldb-phinf.pstatic.net/20251026_205/1761465141632kvHWA_JPEG/%C6%C4%BF%F6%C7%D4%B9%DA%BC%BC%C6%AE.jpg
1312199062,0,한우 함흥비빔냉면,13000,13000,13000,,true,https://ldb-phinf.pstatic.net/20260609_263/1781009992692zB91W_JPEG/ChatGPT_Image_2026%B3%E2_6%BF%F9_9%C0%CF_%BF%C0%C8%C4_08_41_08.jpg
1312199062,1,한우 함흥물냉면,12000,12000,12000,,true,https://ldb-phinf.pstatic.net/20260609_212/1781010003416JNXd1_JPEG/ChatGPT_Image_2026%B3%E2_6%BF%F9_9%C0%CF_%BF%C0%C8%C4_08_49_51.jpg
1312199062,2,한우 설렁탕,14000,14000,14000,최상급 사골로 직접 12시간 고아 만든 명품 한우설렁탕 입니다.,true,https://ldb-phinf.pstatic.net/20240917_105/1726543504539170lD_JPEG/DSC00078.JPG
1312199062,3,한우 곰탕,14000,14000,14000,최상급 양지와 사태로 오랜 시간 고아 만든 명품 맑은 곰탕입니다.,false,https://ldb-phinf.pstatic.net/20240917_206/1726543590114XVVju_JPEG/DSC00089.JPG
1312199062,4,육회 비빔밥,15000,15000,15000,20년 된 매실 효소로 직접 만든 특제 양념과 야채를 비벼먹는 육회 비빔밥입니다.,true,https://ldb-phinf.pstatic.net/20240917_185/1726547066464zWJ7l_JPEG/DSC00043.JPG
1312199062,5,한우 차돌된장,13000,13000,13000,직접 담근 된장을 쓰고 100%사골 베이스로 끓여낸 한우차돌된장 입니다.,false,https://ldb-phinf.pstatic.net/20240917_293/1726545915578Q98c6_JPEG/DSC00186.JPG
1312199062,6,한우 차돌순두부,13000,13000,13000,100% 사골 육수 베이스를 써 직접 만든 양념장으로 칼칼하게 끓여냈습니다.,false,https://ldb-phinf.pstatic.net/20240917_161/1726545978682XidJH_JPEG/DSC00191.JPG
1312199062,7,한우 불고기전골 (2인이상주문),20000,20000,20000,직접 담은 20년 이상 된 효소와 과일 양념으로 요리한 불고기 전골입니다,false,
1312199062,8,한우곱창 전골,24000,24000,24000,,true,https://ldb-phinf.pstatic.net/20251121_258/1763701249443nFbi0_JPEG/IMG_9409.jpeg
1312199062,9,통낙지비빔밥,24000,24000,24000,산낙지를 바로잡아 매콤한 양념에 볶은 낙지 비빔밥입니다.,false,https://ldb-phinf.pstatic.net/20240917_2/1726546612070h2Wui_JPEG/DSC00067.JPG
1312199062,10,꼬리곰탕,27000,27000,27000,"튼실한 1등급 꼬리만을 사용하여 잘 고아내
감칠맛 넘치는 국물과 맛있는 꼬리살이 장점입니다",false,https://ldb-phinf.pstatic.net/20240917_251/1726546117451E3egM_JPEG/DSC00162.JPG
1312199062,11,접시 수육,25000,25000,25000,한우로 만들어 잘 삶아내 식사 곁들임으로 안성맞춤 입니다.,false,https://ldb-phinf.pstatic.net/20240917_120/17265456093294U7D5_JPEG/DSC00151.JPG
1312199062,12,스지 된장전골 (2인이상주문),28000,28000,28000,"직접 담은 된장으로 한우 도가니,스지,한우살 을 같이 끓여낸 된장전골입니다.",true,https://ldb-phinf.pstatic.net/20240917_237/1726547039648S1WVy_JPEG/DSC00091.JPG
1312199062,13,통 산낙지 숯불뼈구이(小),58000,58000,58000,산낙지를 바로 잡아 같이 조리 하는 매콤하고 중독성있는 감칠맛의 돈뼈찜입니다.,true,https://ldb-phinf.pstatic.net/20240917_45/1726547003105wDWIo_JPEG/DSC00036.JPG
1312199062,14,한우 수육전골 (小),68000,68000,68000,"양지,사태,우설,각종 야채를 한우 설렁탕 육수베이스에 끓여낸 전골입니다.",true,https://ldb-phinf.pstatic.net/20240917_230/1726546257196zHruG_JPEG/DSC00132.JPG
1312199062,15,한우 수육전골 (大),93000,93000,93000,"양지,사태,우설,각종 야채를 한우 설렁탕 육수베이스에 끓여낸 전골입니다.",false,https://ldb-phinf.pstatic.net/20240917_20/1726546308528Q05Fn_JPEG/DSC00132.JPG
1312199062,16,통 산낙지 숯불뼈구이 (大),83000,83000,83000,산낙지를 바로 잡아 같이 조리 하는 매콤하고 중독성있는 감칠맛의 돈뼈찜입니다.,false,https://ldb-phinf.pstatic.net/20240917_255/1726546425228LB83G_JPEG/DSC00036.JPG
1312199062,17,꼬리수육 (小),80000,80000,80000,튼실한 1등급 꼬리만을 사용하여 삶아내 간장 베이스의 부추와 같이 먹는 꼬리 수육입니다.,false,https://ldb-phinf.pstatic.net/20240917_95/1726546468967idH14_JPEG/DSC00105.JPG
1312199062,18,꼬리수육 (大),115000,115000,115000,튼실한 1등급 꼬리만을 사용하여 삶아낸 간장 베이스의 부추와 같이 먹는 꼬리 수육입니다.,false,https://ldb-phinf.pstatic.net/20240917_194/1726546527972IghCF_JPEG/DSC00105.JPG
1312199062,19,매운 꼬리찜 (小),85000,85000,85000,맵고 칼칼한 중독성 있는 직접 만든 양념 매운꼬리찜 입니다.,false,https://ldb-phinf.pstatic.net/20240917_106/1726547030408Or7Ma_JPEG/DSC00028.JPG
1312199062,20,매운 꼬리찜 (大),120000,120000,120000,맵고 칼칼한 중독성 있는 직접 만든 양념 매운꼬리찜 입니다.,false,https://ldb-phinf.pstatic.net/20240917_82/1726547021413mXzda_JPEG/DSC00028.JPG
1312199062,21,육회&낙지탕탕이 (小),65000,65000,65000,"바로 잡은 산낙지와 신선한 육회가 어우러지고
가장 신선할때 바로 조리 하는 탕탕이입니다.",false,https://ldb-phinf.pstatic.net/20240917_100/1726547314590Udh0x_JPEG/DSC00168.JPG
1312199062,22,육회&낙지탕탕이 (大),85000,85000,85000,"바로 잡은 산낙지와 신선한 육회가 어우러지고
가장 신선할때 바로 조리 하는 탕탕이입니다.",false,https://ldb-phinf.pstatic.net/20240917_47/1726547449442n4E9M_JPEG/DSC00168.JPG
1312199062,23,육회,38000,38000,38000,가장 신선한 상태로 내어드리고 다른 메뉴들과의 궁합도 좋은 육회 한접시입니다.,false,https://ldb-phinf.pstatic.net/20240917_159/1726546184111C9oRt_JPEG/DSC00178.JPG
1323320226,0,[NEW] 랍스터 새우 솥밥,17900,17900,17900,"전복 내장 소스에 볶은 랍스터 새우와 생시금치, 치즈가 어우러진 풍미 가득한 솥밥!",false,https://ldb-phinf.pstatic.net/20260406_163/1775436935214ECWnC_PNG/%B6%F8%BD%BA%C5%CD_%BB%F5%BF%EC_%BC%DC%B9%E4.png
1323320226,1,스테이크 솥밥,17900,17900,17900,남녀노소 맛있게 드실 수 있는 솔솥 시그니처 메뉴 !,true,https://ldb-phinf.pstatic.net/20240102_225/1704179814293QpDkw_PNG/1._%BD%BA%C5%D7%C0%CC%C5%A9%BC%DC%B9%E4.png
1323320226,2,도미관자 솥밥,17900,17900,17900,신선한 참돔과 가리비 관자가 만나 담백함이 일품인 솥밥!,true,https://ldb-phinf.pstatic.net/20240102_191/1704179821213zIl1C_PNG/2._%B5%B5%B9%CC%B0%FC%C0%DA%BC%DC%B9%E4.png
1323320226,3,전복 솥밥,17900,17900,17900,활전복과 내장육수가 어우러져 고소함이 일품인 솥밥!,true,https://ldb-phinf.pstatic.net/20240102_19/1704179830119JdRdE_PNG/5._%C0%FC%BA%B9%BC%DC%B9%E4.png
1323320226,4,장어 솥밥,25900,25900,25900,민물장어를 특별한 조리과정을 통해 잘 지어진 솥밥위에 장어소스와 곁들여먹는 솥밥!,true,https://ldb-phinf.pstatic.net/20240102_202/1704179837430C44tY_PNG/3._%B9%CE%B9%B0%C0%E5%BE%EE%BC%DC%B9%E4.png
1323320226,5,금태 솥밥,23900,23900,23900,"잘 지어진 솥밥 위에 신선한 금태와 명란, 양파채가 어우러져 담백한 맛의 금태솥밥",false,https://ldb-phinf.pstatic.net/20241128_23/1732761365463ntKub_PNG/12._%B1%DD%C5%C2%BC%DC%B9%E4.png
1323320226,6,연어 솥밥,17900,17900,17900,숙성연어를 솔솥만의 비법소스를 첨가하여 솥밥위에 살짝 익혀 나가는 솥밥!,false,https://ldb-phinf.pstatic.net/20240102_138/1704179845455JaCtW_PNG/4._%BF%AC%BE%EE%BC%DC%B9%E4.png
1323320226,7,갈치순살 솥밥,17900,17900,17900,갈치를 촉촉하게 구워 솥 안에 한가득 담아낸 담백하고 고소한 영양만점 솥밥!,false,https://ldb-phinf.pstatic.net/20240102_208/1704179853026msjPk_PNG/6._%B0%A5%C4%A1%BC%F8%BB%EC%BC%DC%B9%E4.png
1323320226,8,돼지고사리 솥밥,14900,14900,14900,숙성한 돼지고기 목살과 고사리를 제주의 온기를 그대로 담아낸 솥밥,false,https://ldb-phinf.pstatic.net/20240102_47/1704179860256syndw_PNG/7._%B5%C5%C1%F6%B0%ED%BB%E7%B8%AE%BC%DC%B9%E4.png
1323320226,9,치즈닭갈비 솥밥,14900,14900,14900,부드러운 넓적다리살에 매콤달콤 닭갈비 소스를 더하고 치즈를 듬뿍올려 재해석한 솥밥 !,false,https://ldb-phinf.pstatic.net/20240102_188/1704179866136Sdwvr_PNG/9._%C4%A1%C1%EE%B4%DF%B0%A5%BA%F1%BC%DC%B9%E4.png
1323320226,10,꼬막 솥밥,14900,14900,14900,꼬막과 새콤달콤 양념이 풍요로운 솥밥!,false,https://ldb-phinf.pstatic.net/20240102_60/1704179872561r1F96_PNG/8._%B2%BF%B8%B7%BC%DC%B9%E4.png
1323320226,11,[NEW] 항정수육 & 실비겉절이,12900,12900,12900,직접 삶은 쫄깃한 항정수육과 매콤한 실비겉절이의 조화,false,https://ldb-phinf.pstatic.net/20260406_180/1775437382424r7Lg1_PNG/%C7%D7%C1%A4%BC%F6%C0%B0__%BD%C7%BA%F1%B0%D1%C0%FD%C0%CC.png
1323320226,12,직접 만든 새우튀김,7900,7900,7900,,true,https://ldb-phinf.pstatic.net/20230313_255/1678695638053ye1tl_JPEG/%C1%F7%C1%A2_%B8%B8%B5%E7_%BB%F5%BF%EC%C6%A2%B1%E8.jpg
1323320226,13,유린기,8500,8500,8500,,false,https://ldb-phinf.pstatic.net/20230313_254/1678695658206fnlf7_JPEG/%C0%AF%B8%B0%B1%E2.jpg
1323320226,14,실비파김치,2900,2900,2900,쪽파의 아삭한 식감과 매콤함이 담긴 솥밥과 함꼐 즐기기 좋은 입맛 돋우는 실비파김치,false,https://ldb-phinf.pstatic.net/20250624_112/1750727208061eOS0k_PNG/%BD%C7%BA%F1%C6%C4%B1%E8%C4%A1.png
1325392813,0,육즙목살,17000,17000,17000,육즙이 터질것같은 부드러운 목살,true,https://ldb-phinf.pstatic.net/20230628_203/1687924392835YxOoX_JPEG/KakaoTalk_20230523_105201662_01.jpg
1325392813,1,쫀득살,17000,17000,17000,쫀득쫀득한 식감을 자랑하는 특수부위의 끝판왕,true,https://ldb-phinf.pstatic.net/20230628_272/1687924406280eEmtU_JPEG/KakaoTalk_20230523_105201662_06.jpg
1325392813,2,숙성삼겹,17000,17000,17000,14일간 숙성된 1등급 암퇘지만을 사용합니다.,true,https://ldb-phinf.pstatic.net/20230628_52/1687924426777yxNTT_JPEG/KakaoTalk_20230523_105201662_04.jpg
1325392813,3,생갈매기살,17000,17000,17000,,false,
1325392813,4,생가브리살,17000,17000,17000,,false,
1325392813,5,원조숯불갈비,17000,17000,17000,,false,
1325392813,6,쫄깃껍데기,10000,10000,10000,원조부안집만의 매콤 특제소스를 곁들인 시그니처 메뉴,true,https://ldb-phinf.pstatic.net/20230628_300/16879244447780Hyea_JPEG/KakaoTalk_20230523_105201662_07.jpg
1325392813,7,10분밥,3500~4500,3500,4500,"좋은 쌀로 갓지은 밥으로 버터, 계란 , 참기름, 등을 비벼먹는 시그니처 메뉴",false,https://ldb-phinf.pstatic.net/20230628_155/1687924461246XjgUl_JPEG/KakaoTalk_20230523_105201662_13.jpg
1325392813,8,살얼음 물쫄면,7000,7000,7000,입안의 느끼함을 잡아줄수있는 살얼음 동동 물쫄면,true,https://ldb-phinf.pstatic.net/20230628_57/1687924468960WQQ3d_JPEG/KakaoTalk_20230523_105201662_15.jpg
1325392813,9,파절이쫄면,6000,6000,6000,웬만한 쫄면집보다 맛있는 원조부안집의 사이드메뉴,true,https://ldb-phinf.pstatic.net/20230628_199/1687924477009Qfmyi_PNG/%C2%CC%B8%E9.png
1325392813,10,대파라면,4000,4000,4000,대파김치가 듬뿍들어간 라면,false,https://ldb-phinf.pstatic.net/20230628_120/1687924485628j3nSL_JPEG/KakaoTalk_20230523_105201662_12.jpg
1325392813,11,짜파게티,4000,4000,4000,누구나 좋아하는 원조부안집의 사이드 메뉴,false,https://ldb-phinf.pstatic.net/20230628_288/1687924497414Drw75_JPEG/KakaoTalk_20230523_105201662_11.jpg
1325392813,12,부안 김치찌개(추가시),4000,4000,4000,고기가 잔뜩 들어간 개운하고 얼큰한 부안식 김치찌개,false,https://ldb-phinf.pstatic.net/20230628_50/1687936934449v53uP_JPEG/11_%B1%E8%C4%A1%C2%EE%B0%B3%28%C3%DF%B0%A1%BD%C3%29.jpg
1327666247,0,생소갈비 1인분 200g,28000,28000,28000,"생소갈비가 새로와졌읍니다. 가장 부드럽고 식감이 좋은 6,7,8번 꽃갈빗대 만 엄선했습니다",true,https://ldb-phinf.pstatic.net/20251203_48/1764745227693OjLzj_JPEG/%B4%D9%BF%EE%B7%CE%B5%E5_%282%29.jpg
1327666247,1,소갈비살 (생/양념) 1인분 150g,18900,18900,18900,"뼈를 발라낸 순살 소갈비살 생으로 먹어도, 마늘 듬뿍 올라간 양념으로 먹어도 맛있다.",true,https://ldb-phinf.pstatic.net/20240820_31/1724137127585t21f9_PNG/%BD%BA%C5%A9%B8%B0%BC%A6_2024-08-13_172555.png
1327666247,2,한돈 돼지갈비 1인분 300g,19900,19900,19900,캬라멜 색소를 쓰지 않습니다. 가장 부드럽고 담백한 한돈 목살과 등갈비만 사용합니다.,false,https://ldb-phinf.pstatic.net/20251218_234/1766018631115YR6Dk_PNG/%B4%D9%BF%EE%B7%CE%B5%E5_%2814%29.png
1327666247,3,한우차돌육회쌈,39000,39000,39000,"차돌박이의 고소함 + 육회의 부드러움 = 입 안 가득 ""극락"" 경험!",false,https://ldb-phinf.pstatic.net/20251203_52/1764745010500I4NbA_JPEG/%B4%D9%BF%EE%B7%CE%B5%E5_%281%29.jpg
1327666247,4,이게 기본상이라구!?,0,,,양문 푸짐한 기본상! 해장국+쟁반냉면이 무료!,false,https://ldb-phinf.pstatic.net/20240807_251/1723022725134Q3y5A_JPEG/%BC%D2%BD%C4_%C0%CC%B9%CC%C1%F6.jpeg
1327666247,5,[시그니처] 백골라면,11900,11900,11900,사골의 가장 깊은 맛을 가져왔습니다. 사골 골수 고명을 잘 발라내어 뽀얀 국물에 섞어드세요,false,https://ldb-phinf.pstatic.net/20251203_39/1764745052147jIJPL_PNG/%B4%D9%BF%EE%B7%CE%B5%E5_%2810%29.png
1327666247,6,"한우숯불차돌 (1인분, 150g)",26000,26000,26000,"한우차돌을 두툼하게 썰었습니다.
꼬들 식감과 숯불 간장 조합은 흰쌀밥을 외치게 할 것입니다",false,https://ldb-phinf.pstatic.net/20251203_61/1764745236858eudkN_PNG/%B4%D9%BF%EE%B7%CE%B5%E5_%289%29.png
1327666247,7,차돌사시미 한접시,18000,18000,18000,입에서 녹는 한우 차돌사시미 한 접시,false,https://ldb-phinf.pstatic.net/20250617_150/1750138723739kLh92_PNG/%C2%F7%B5%B9%BB%E7%BD%C3%B9%CC_%C7%D1%C1%A2%BD%C3.png
1327666247,8,한우육회 (150g),18000,18000,18000,한우육회에 마늘과 대파를 즉석에서 무쳐내어 풍미를 극대화 했습니다.,false,https://ldb-phinf.pstatic.net/20251203_118/1764745044197tH0el_JPEG/%B4%D9%BF%EE%B7%CE%B5%E5_%2870%29.jpg
1327666247,9,된장찌개,6000,6000,6000,"맛있는 된장찌개 비법은 야채 많이, 고기 많이입니다. 칼칼하게 맛있는 술밥을 내어드립니다.",false,https://ldb-phinf.pstatic.net/20240820_237/1724136129126kA90J_PNG/14._%B5%C8%C0%E5%BC%FA%B9%E4-%C2%EE%B0%B3.png
1327666247,10,된장술밥,8000,8000,8000,"맛있는 된장찌개 비법은 야채 많이, 고기 많이입니다. 칼칼하게 맛있는 술밥을 내어드립니다.",false,https://ldb-phinf.pstatic.net/20250313_61/1741852003517EOlmh_JPEG/15._%B5%C8%C0%E5%C2%EE%B0%B3-%B5%C8%C0%E5%BC%FA%B9%E4_%282%29.jpg
1327666247,11,짜계치,6000,6000,6000,"삼겹살에는 비빔면, 소갈비에는 짜파게티.",false,https://ldb-phinf.pstatic.net/20251203_152/1764745198170zzIye_JPEG/%B4%D9%BF%EE%B7%CE%B5%E5_%2871%29.jpg
1327666247,12,석박지 볶음밥,8000,8000,8000,,false,https://ldb-phinf.pstatic.net/20250313_81/17418522040729fUQP_PNG/%BC%AE%B9%DA%C1%F6%BA%BA%C0%BD%B9%E4.png
1327666247,13,칡냉면 (물/비빔),6000,6000,6000,물 / 비빔,false,https://ldb-phinf.pstatic.net/20240820_32/17241362195928uSw2_PNG/%BD%BA%C5%A9%B8%B0%BC%A6_2024-08-13_171406.png
1327666247,14,후식칡냉면,5000,5000,5000,,false,
1327666247,15,폭탄 계란찜,5000,5000,5000,,false,https://ldb-phinf.pstatic.net/20240820_260/1724136178253qPkIg_JPEG/15._%C6%F8%C5%BA%B0%E8%B6%F5%C2%F2.jpg
1327666247,16,생소갈비 한판 (600g),79000,79000,79000,600g 한판으로 푸짐하게 드세요!,true,https://ldb-phinf.pstatic.net/20251203_185/1764745255392MzqRN_JPEG/%B4%D9%BF%EE%B7%CE%B5%E5_%282%29.jpg
1327666247,17,소갈비살 한판 (생/양념) 600g,69900,69900,69900,"한판 600g 푸짐하게 드세요. 75,600원을 > 69,900원에 즐기는 가성비 한판",true,https://ldb-phinf.pstatic.net/20250313_26/17418518601074pODw_JPEG/1._%C0%C7%B7%C9_%B8%B6%B4%C3_%C1%EF%BC%AE_%BE%E7%B3%E4%BC%D2%B0%A5%BA%F1_%282%29.jpg
1327666247,18,양문해장국 (추가주문시),5000,5000,5000,기본상차림,false,https://ldb-phinf.pstatic.net/20240820_108/1724136829245Y36iA_JPEG/%BE%E7%B9%AE%C7%D8%C0%E5%B1%B9_%28%C3%DF%B0%A1%C1%D6%B9%AE%BD%C3%29_%281%29.jpg
1327666247,19,점심) 한우가득국밥,12000,12000,12000,,false,https://ldb-phinf.pstatic.net/20250411_74/1744347221375lJJuP_JPEG/20._%C7%D8%C0%E5%B1%B9_%C3%DF%B0%A1_%281%29_-_%BA%B9%BB%E7%BA%BB.jpg
1327666247,20,점심) 고기쌈냉면,12000,12000,12000,,false,https://ldb-phinf.pstatic.net/20250411_256/1744347894158Hp1pr_JPEG/24.%B0%ED%B1%E2%BD%D3%B3%C3%B8%E9%28%B9%B0%2C_%BA%F1%BA%F6%2C_%BA%D2%29.jpg
1327666247,21,점심) 육회비빔밥,12000,12000,12000,,false,https://ldb-phinf.pstatic.net/20250411_254/1744347864506QHnPB_JPEG/23.%C7%D1%BF%EC%C0%B0%C8%B8_%BA%F1%BA%F6%B9%E4_%281%29.jpg
1327666247,22,점심) 갈비탕,14000,14000,14000,,false,https://ldb-phinf.pstatic.net/20250411_151/1744347316650T4wAa_JPEG/26._%B0%A5%BA%F1%C5%C1_%281%29.jpg
1339655296,0,감자탕백반,10000,10000,10000,"수요미식회에서 극찬한 50년 전통 원조감자탕 일미집은 모든 재료를 100% 국내산만 취급합니다. 오로지 품질 좋은 고기와 푸짐한 양, 저렴한 가격으로 모두를 만족시키겠습니다.",false,https://ldb-phinf.pstatic.net/20210103_139/1609638213935yBHKY_JPEG/WOwPjiGCoFS6xBN-s3EakyvN.jpg
1339655296,1,감자탕 - 소,23000,23000,23000,"수요미식회에서 극찬한 50년 전통 원조감자탕 일미집은 모든 재료를 100% 국내산만 취급합니다. 오로지 품질 좋은 고기와 푸짐한 양, 저렴한 가격으로 모두를 만족시키겠습니다.",false,https://ldb-phinf.pstatic.net/20210103_69/1609640839709re7JT_JPEG/aQf_0Al1veFU2GNzXA6J1oDu.jpg
1339655296,2,감자탕 - 중,31000,31000,31000,"수요미식회에서 극찬한 50년 전통 원조감자탕 일미집은 모든 재료를 100% 국내산만 취급합니다. 오로지 품질 좋은 고기와 푸짐한 양, 저렴한 가격으로 모두를 만족시키겠습니다.",false,https://ldb-phinf.pstatic.net/20210103_100/1609640865240e3OAd_JPEG/xhUQahT6yJRsn1SuNh3FBLe3.jpg
1339655296,3,감자탕 - 대,39000,39000,39000,"수요미식회에서 극찬한 50년 전통 원조감자탕 일미집은 모든 재료를 100% 국내산만 취급합니다. 오로지 품질 좋은 고기와 푸짐한 양, 저렴한 가격으로 모두를 만족시키겠습니다.",false,https://ldb-phinf.pstatic.net/20210103_104/16096409026170bw9z_JPEG/VRHZ_funxXeDSgyQNc2JmMJd.jpg
1339655296,4,감자사리,3000,3000,3000,,false,
1339655296,5,라면사리,2000,2000,2000,,false,
1345379282,0,얼큰순대국,12000,12000,12000,최고의 맛과 정성을 느낄 수 있는 고향옥의 대표 순대국입니다.(고기만/순대만 선택가능),true,https://ldb-phinf.pstatic.net/20230717_44/16895785174781Rfe5_JPEG/%BE%F3%C5%AB%BC%F8%B4%EB%B1%B9.jpg
1345379282,1,뼈해장국,11000,11000,11000,담백하고 진한 육수와 부드러운 육질이 어우러져 더 깊은맛을 내는 뼈해장국입니다.,false,https://ldb-phinf.pstatic.net/20240628_44/17195730093779nGHo_JPEG/%BB%C0%C7%D8%C0%E5%B1%B9.jpg
1345379282,2,순순대국,11000,11000,11000,담백하고 진한 육수로 만들어진 한 첩의 보약같은 음식입니다.,true,https://ldb-phinf.pstatic.net/20230717_220/1689578405118AdL88_JPEG/%BC%F8%BC%F8%B4%EB%B1%B9_%282%29.jpg
1345379282,3,얼큰내장국밥,12000,12000,12000,신선한 내장으로 얼큰하게 맛을낸 고향옥 별미입니다.,false,https://ldb-phinf.pstatic.net/20230717_160/1689578268523z0jaD_JPEG/%B3%BB%C0%E5%B1%B9%B9%E4.jpg
1345379282,4,얼큰수육국밥,12000,12000,12000,얼큰한 국물에 담백한 고기가 더해져 부담없이 얼큰하고 깔끔한 맛을 즐길 수 있습니다.,false,https://ldb-phinf.pstatic.net/20241203_266/1733186194011Nrzhl_JPEG/%BE%F3%C5%AB%BC%F6%C0%B0%B1%B9%B9%E4.jpg
1345379282,5,수육국밥,11000,11000,11000,기본에 충실하며 신선한 재료로 만들어 건강하고 깊은맛을 느낄 수 있습니다.,false,https://ldb-phinf.pstatic.net/20241203_264/1733186258889dSQ2E_JPEG/%BC%F6%C0%B0%B1%B9%B9%E4.jpg
1345379282,6,황태해장국,11000,11000,11000,깔끔한 육수에 황태와 콩나물로 맛을 낸 누구나 편하게 즐길 수 있는 음식입니다.,false,https://ldb-phinf.pstatic.net/20241203_8/1733186122213pg1fu_JPEG/%C8%B2%C5%C2%B1%B9%B9%E4.jpg
1345379282,7,시래기순대국,11000,11000,11000,"강원도에서 재배하고 말린 시래기와 된장, 순대가 어우러진 구수한 고향의 맛입니다.",false,https://ldb-phinf.pstatic.net/20230717_225/1689577945785vD7fi_JPEG/%BD%C3%B7%A1%B1%E2%BC%F8%B4%EB%B1%B9.jpg
1345379282,8,추억의함박,10000,10000,10000,소고기를 돼지고기로 감싸만든 함박스테이크에 특제소스로 맛을 낸 특별식입니다.,false,https://ldb-phinf.pstatic.net/20241203_92/1733186415179Xzfod_JPEG/%C3%DF%BE%EF%C0%C7%C7%D4%B9%DA.jpg
1345379282,9,메밀막국수(계절메뉴),11000,11000,11000,도톰한 메밀 면발에 시원한 육수와 양념이 섞여 특유의 감칠맛을 자랑하는 고향옥 별미입니다.,false,https://ldb-phinf.pstatic.net/20241203_162/1733186368805baIkF_JPEG/%B8%DE%B9%D0%B8%B7%B1%B9%BC%F6.jpg
1345379282,10,편백정식,7000,7000,7000,"순대, 머릿고기, 전병, 만두 등 다양한 구성을 한번에 즐기실수 있는 특별한 편백찜",false,https://ldb-phinf.pstatic.net/20241203_139/1733213161080BoKuW_JPEG/%C6%ED%B9%E9%B8%F0%B5%D2.jpg
1345379282,11,갈비만두,6000,6000,6000,남녀노소 누구나 좋아하는 달달한 갈비만두,false,https://ldb-phinf.pstatic.net/20241203_181/1733213294159Ec1iQ_JPEG/%C6%ED%B9%E9%B8%B8%B5%CE.jpg
1345379282,12,아바이순대,7000,7000,7000,편백향 물씬 담긴 고향옥 아바이순대,false,https://ldb-phinf.pstatic.net/20241203_109/1733213437632Eh9zc_JPEG/%C6%ED%B9%E9%BC%F8%B4%EB.jpg
1345379282,13,편백보쌈,8000,8000,8000,더욱 촉촉하고 야들야들한 편백보쌈,false,https://ldb-phinf.pstatic.net/20241203_230/1733186634995LLvKo_JPEG/%C6%ED%B9%E9_%BA%B8%BD%D3.jpg
1345379282,14,메밀전병,8000,8000,8000,쫀득쫀득하고 겉은 바삭한 식감의 김치메밀전병입니다.,false,https://ldb-phinf.pstatic.net/20241203_52/1733186545947kX8XY_JPEG/%B8%DE%B9%D0%C0%FC%BA%B4.jpg
1345379282,15,명태회무침,7000,7000,7000,새콤달콤쫀득한 감칠맛이 계속생각나게되는 메뉴입니다.,false,https://ldb-phinf.pstatic.net/20230717_281/1689576671670uR1kp_JPEG/%B8%ED%C5%C2%C8%B8.jpg
1345379282,16,감자탕(중),36000,36000,36000,고향옥 육수에 칼칼한 국물맛이 예술인 취향저격 일품메뉴,false,https://ldb-phinf.pstatic.net/20241203_165/1733212787922l7q9a_JPEG/%B0%A8%C0%DA%C5%C1.jpg
1345379282,17,감자탕(대),47000,47000,47000,고향옥 육수에 칼칼한 국물맛이 예술인 취향저격 일품메뉴,false,https://ldb-phinf.pstatic.net/20241203_225/17332130955344wX6k_JPEG/%B0%A8%C0%DA%C5%C1.jpg
1345379282,18,오징어순대,22000,22000,22000,오징어에 찹쌀과 야채로 속을채워 찐 다음 계란에 구워서 제공되는 대표 일품메뉴 입니다.,false,https://ldb-phinf.pstatic.net/20230717_204/1689576225292WBF8J_JPEG/%BF%C0%C2%A1%BE%EE%BC%F8%B4%EB.jpg
1345379282,19,보쌈순대모듬(중),30000,30000,30000,보쌈과 아바이순대를 한자리에서 즐기실수있는 일품메뉴입니다.,false,https://ldb-phinf.pstatic.net/20241203_76/17331869945666ALWC_JPEG/%BA%B8%BD%D3%BC%F8%B4%EB%B8%F0%B5%EB.jpg
1345379282,20,보쌈순대모듬(대),36000,36000,36000,,false,https://ldb-phinf.pstatic.net/20241203_130/1733186879521rwxdb_JPEG/%BA%B8%BD%D3%BC%F8%B4%EB%B8%F0%B5%EB.jpg
1345379282,21,편육,16000,16000,16000,도톰한 메밀 면발에 시원한 육수와 양념이 섞여 특유의 감칠맛을 자랑하는 고향옥 별미입니다.,false,https://ldb-phinf.pstatic.net/20230717_271/1689577743748k3ywN_JPEG/%C6%ED%C0%B0.JPG
1345379282,22,부추보쌈(중),26000,26000,26000,비법양념으로 버무린 부추무침과 촉촉한 보쌈이 함께 제공되는 메뉴입니다.,false,https://ldb-phinf.pstatic.net/20230713_202/1689219280473Ck79m_PNG/KakaoTalk_20230620_161321575.png
1345379282,23,부추보쌈(대),32000,32000,32000,,false,https://ldb-phinf.pstatic.net/20241203_146/17331869121484QktP_JPEG/%BA%CE%C3%DF%BA%B8%BD%D3.jpg
1345379282,24,순대전골(중),26000,26000,26000,푸짐하게 여럿이서 즐기실수 있는 순대전골입니다.,false,https://ldb-phinf.pstatic.net/20241203_187/1733186926020AEvpq_JPEG/%BC%F8%B4%EB%C0%FC%B0%F1.jpg
1345379282,25,순대전골(대),32000,32000,32000,,false,https://ldb-phinf.pstatic.net/20241203_194/1733186941325FvSck_JPEG/%BC%F8%B4%EB%C0%FC%B0%F1.jpg
1345768112,0,시그니처8종 모둠세트,12900,12900,12900,정직유부의 8가지 다양한 맛을 한 번에 즐길 수 있는 세트,true,https://ldb-phinf.pstatic.net/20231201_120/1701388890533hkJlJ_JPEG/%BD%C3%B1%D7%B4%CF%C3%B38%C1%BE%B8%F0%B5%D2%BC%BC%C6%AE.jpg
1345768112,1,정직유부,4700,4700,4700,"달콤한 유부속에 갖은 채소, 돼지고기와 고슬고슬한 밥이 한가득~!
마무리는 그릴링으로 불맛을 살려낸, 정직유부의 대표 메뉴!",true,https://ldb-phinf.pstatic.net/20231201_212/1701388906114ol2ct_JPEG/%C1%A4%C1%F7.jpg
1345768112,2,마라유부 4p,6400,6400,6400,출구 없는 특제 마라소스와 달달한 유부가 어우러진 K-마라유부,true,https://ldb-phinf.pstatic.net/20260414_167/17761246859559HtGh_JPEG/%C0%AF%BA%CE%29%B8%B6%B6%F3%C0%AF%BA%CE.jpg
1345768112,3,제육유부 4P,6400,6400,6400,남녀노소 좋아하는 매콤한 제육볶음의 풍미가 가득한 유부,false,https://ldb-phinf.pstatic.net/20250501_72/1746103080551I7vUW_JPEG/%C0%AF%BA%CE%29%C1%A6%C0%B0.jpg
1345768112,4,치즈제육유부 4P,7400,7400,7400,매콤한 제육과 고소한 치즈가 어우러진 찰떡궁합 유부,false,https://ldb-phinf.pstatic.net/20250501_128/1746103119399rECCo_JPEG/%C0%AF%BA%CE%29%C4%A1%C1%EE%C1%A6%C0%B02.jpg
1345768112,5,참치마요유부,5900,5900,5900,"유부초밥에 어울리는 참치마요를 위해 연구한
비법참치마요 필링을 채운 유부초밥",false,https://ldb-phinf.pstatic.net/20231201_300/1701389065856eLdFL_JPEG/%C2%FC%C4%A1%B8%B6%BF%E4.jpg
1345768112,6,볶음김치유부,5900,5900,5900,"맛있게 볶은 새콤한 김치를 달콤한 유부 속에
넣은 남녀노소 모두 즐기는 유부초밥",false,https://ldb-phinf.pstatic.net/20231201_231/1701389073607t50Lv_JPEG/%BA%BA%C0%BD%B1%E8%C4%A1.jpg
1345768112,7,불고기유부,5900,5900,5900,국내산 돼지고기와 특제 양념으로 완성한 불고기유부,false,https://ldb-phinf.pstatic.net/20231201_41/1701389087582QTyV9_JPEG/%BA%D2%B0%ED%B1%E2.jpg
1345768112,8,에그유부,5900,5900,5900,올리브유 베이스의 특제 에그소스로 부드러운 맛의 유부,false,https://ldb-phinf.pstatic.net/20231201_229/1701389112544SHSQu_JPEG/%BF%A1%B1%D7.jpg
1345768112,9,크래미와사마요,5900,5900,5900,"부드럽고 알싸한 와사마요 소스에
프리미엄 크래미가 만난 특색있는 메뉴",false,https://ldb-phinf.pstatic.net/20231201_42/1701389125957vlyFF_JPEG/%C5%A9%B7%A1%B9%CC%BF%CD%BB%E7%B8%B6%BF%E4.jpg
1345768112,10,닭갈비유부,5900,5900,5900,촉촉한 닭다리살과 매콤달콤 양념으로 전국민 취향저격 닭갈비유부,false,https://ldb-phinf.pstatic.net/20231201_249/1701389137547sTujQ_JPEG/%B4%DF%B0%A5%BA%F1.jpg
1345768112,11,매콤참치유부,5900,5900,5900,"땡기는 매운맛, 부드러운 참치와 화끈한 청양고추가 통으로! 마니아를 사로잡는 매운맛 유부",false,https://ldb-phinf.pstatic.net/20231201_123/17013891508751yEqw_JPEG/%B8%C5%C4%DE%C2%FC%C4%A1.jpg
1345768112,12,청양마요 4P,5900,5900,5900,"24년11월 신메뉴 단짠, 매콤, 크런치의 조화를 느껴보세요.",false,https://ldb-phinf.pstatic.net/20241125_221/1732500463326wGTHH_JPEG/%C3%BB%BE%E7%B8%B6%BF%E4.jpg
1345768112,13,정직우동,5500,5500,5500,"오동통한 면발과 유부가 어우려진 따뜻한 우동 ""정직유부의 따뜻함을 드세요""",false,https://ldb-phinf.pstatic.net/20231201_51/17013890286221hl41_JPEG/230714_%B3%D7%C0%CC%B9%F6%C7%C3%B7%B9%C0%CC%BD%BA_%B8%DE%B4%BA%C0%CC%B9%CC%C1%F6-14.jpg
1345768112,14,얼큰우동,5700,5700,5700,담백한 맛의 정직우동에 베트남고추를 넣어 얼큰하게 즐길 수 있는 우동,false,https://ldb-phinf.pstatic.net/20231201_268/1701389217957vnKxa_JPEG/230714_%B3%D7%C0%CC%B9%F6%C7%C3%B7%B9%C0%CC%BD%BA_%B8%DE%B4%BA%C0%CC%B9%CC%C1%F6-15.jpg
1345768112,15,THE얼큰우동,6000,6000,6000,"매운 고춧가루 X 베트남고추의 만남. 더 얼큰하고, 더 매운맛을 즐길 수 있는 우동",false,https://ldb-phinf.pstatic.net/20231201_271/1701389235165tIXQo_JPEG/230714_%B3%D7%C0%CC%B9%F6%C7%C3%B7%B9%C0%CC%BD%BA_%B8%DE%B4%BA%C0%CC%B9%CC%C1%F6-16.jpg
1345768112,16,어묵우동,6700,6700,6700,부산 어묵이 잔뜩 들어간 포장마차 스타일의 진~한 어묵우동,false,https://ldb-phinf.pstatic.net/20260414_269/1776125191542Vuouj_JPEG/%B8%E9%29%BE%EE%B9%AC%BF%EC%B5%BF.jpg
1345768112,17,순두부우동,6700,6700,6700,"멈출 수 없는 특별함
부.드.러.운 순두부와 얼.큰.칼.칼 우동과 특별한 만남.",false,https://ldb-phinf.pstatic.net/20231201_243/1701388919350h1p5f_JPEG/230714_%B3%D7%C0%CC%B9%F6%C7%C3%B7%B9%C0%CC%BD%BA_%B8%DE%B4%BA%C0%CC%B9%CC%C1%F6-13.jpg
1345768112,18,마라마제우동,7500,7500,7500,부드러운 순두부와 마라소스가 어우러진 꾸덕한 마라마제우동,true,https://ldb-phinf.pstatic.net/20260414_44/1776124717030fX60B_JPEG/%B8%E9%29%B8%B6%B6%F3%B8%B6%C1%A6%BF%EC%B5%BF.jpg
1345768112,19,닭곰탕우동,6700,6700,6700,맑고 진한 닭곰탕육수에 부드러운 닭가슴살이 듬뿍들어간 정직유부의 겨울대표메뉴!,false,https://ldb-phinf.pstatic.net/20231201_103/1701388949909w7Fgm_JPEG/%B4%DE%B0%F5%C5%C1%BF%EC%B5%BF.jpg
1345768112,20,정직냉모밀,7500,7500,7500,깔끔하고 시원한 육수와 불맛나는 유부피 토핑이 감칠맛을 내는 여름메뉴,true,https://ldb-phinf.pstatic.net/20231201_46/17013892504912e2Lp_JPEG/230714_%B3%D7%C0%CC%B9%F6%C7%C3%B7%B9%C0%CC%BD%BA_%B8%DE%B4%BA%C0%CC%B9%CC%C1%F6-11.jpg
1345768112,21,참깨초계면,7000,7000,7000,"정직유부식 샐러드파스타!
고소한 참깨소스에 닭가슴살과 동치미육수가 어우러진 시그니처 메뉴",false,https://ldb-phinf.pstatic.net/20231201_255/17013891750903ecbH_JPEG/230714_%B3%D7%C0%CC%B9%F6%C7%C3%B7%B9%C0%CC%BD%BA_%B8%DE%B4%BA%C0%CC%B9%CC%C1%F6-10.jpg
1345768112,22,물비빔막국수,7500,7500,7500,동치미육수를 더해 두 배 더 시원하게 즐기는 비빔막국수,false,https://ldb-phinf.pstatic.net/20240604_158/1717459350248dnLfB_JPEG/%B8%E9%29%B9%B0%BA%F1%BA%F6%B8%B7%B1%B9%BC%F6.jpg
1345768112,23,비빔막국수,7000,7000,7000,"춘천막국수 스타일로, 깊은 단맛과 매콤한 맛이 어우러져 유부초밥과 찰떡궁합!",false,https://ldb-phinf.pstatic.net/20240604_239/17174592736113nPJ4_JPEG/%B8%E9%29%BA%F1%BA%F6%B8%B7%B1%B9%BC%F6.jpg
1345768112,24,쫄면,6500,6500,6500,쫄깃한 면발과 매콤새콤달콤 소스가 어우러지는 중독성 甲,false,https://ldb-phinf.pstatic.net/20250501_220/17461031413757se3S_JPEG/%B8%E9%29%C2%CC%B8%E9.jpg
1345768112,25,삼겹비빔면,6000,6000,6000,유부초밥과 함께라면 더 맛있게 즐길 수 있는 삼겹살 + 비빔면의 믿고 먹는 조합,false,https://ldb-phinf.pstatic.net/20231201_1/1701389013978ElK8c_JPEG/230714_%B3%D7%C0%CC%B9%F6%C7%C3%B7%B9%C0%CC%BD%BA_%B8%DE%B4%BA%C0%CC%B9%CC%C1%F6-12.jpg
1345768112,26,정직라면,4500,4500,4500,정성을 담아 양은 냄비에 정석대로 끊여낸 라면,false,https://ldb-phinf.pstatic.net/20231201_289/1701389271683x9xDR_JPEG/230714_%B3%D7%C0%CC%B9%F6%C7%C3%B7%B9%C0%CC%BD%BA_%B8%DE%B4%BA%C0%CC%B9%CC%C1%F6-19.jpg
1345768112,27,치즈라면,5000,5000,5000,"정직라면에 치즈를 더해, 고소한 맛을 내는 라면",false,https://ldb-phinf.pstatic.net/20231201_7/1701389352663hQqL6_JPEG/230714_%B3%D7%C0%CC%B9%F6%C7%C3%B7%B9%C0%CC%BD%BA_%B8%DE%B4%BA%C0%CC%B9%CC%C1%F6-17.jpg
1345768112,28,국물떡볶이,5500,5500,5500,진하고 칼칼한 국물에 쫄깃한 떡과 부산 어묵이 들어간 떡볶이,false,https://ldb-phinf.pstatic.net/20250501_30/174610316297530UWu_JPEG/%BB%E7%C0%CC%B5%E5%29%B1%B9%B9%B0%B6%B1%BA%BA%C0%CC.jpg
1345768112,29,정직우볶이,4500,4500,4500,매콤꾸덕 떡볶이소스가 듬뿍 들어간 유부초밥 찍어먹는 사이드메뉴,false,https://ldb-phinf.pstatic.net/20231201_278/1701389052684C5eBl_JPEG/230714_%B3%D7%C0%CC%B9%F6%C7%C3%B7%B9%C0%CC%BD%BA_%B8%DE%B4%BA%C0%CC%B9%CC%C1%F6-18.jpg
1345768112,30,어묵탕,4500,4500,4500,"부산 어묵탕을 단돈 4,500원에!",false,https://ldb-phinf.pstatic.net/20241125_204/1732500694576PLPNV_JPEG/%BE%EE%B9%AC%C5%C1.jpg
1345768112,31,불닭마요소스,600,600,600,매콤한 불닭과 크리미한 마요소스가 어우러진 매콤크림소스,false,https://ldb-phinf.pstatic.net/20231201_205/1701389360738EXqw5_JPEG/230714_%B3%D7%C0%CC%B9%F6%C7%C3%B7%B9%C0%CC%BD%BA_%B8%DE%B4%BA%C0%CC%B9%CC%C1%F6-20.jpg
1345768112,32,청양마요 소스,600,600,600,청양고추의 화끈함과 마요의 고소함이 만난 청양마요소스,false,https://ldb-phinf.pstatic.net/20250501_97/17461031931432hvd2_JPEG/%BC%D2%BD%BA%29%C3%BB%BE%E7%B8%B6%BF%E4.jpg
1374709669,0,육회비빔밥,13000,13000,13000,얼리지 않은 신선한 한우 우둔살로 재료 본연의 맛을 살린 산뜻하고 맛깔스러운 육회비빔밥,true,https://ldb-phinf.pstatic.net/20260511_83/1778484100765z90Nr_JPEG/%C0%B0%C8%B8%BA%F1%BA%F6%B9%E4.jpg
1374709669,1,라구 파스타,12000,12000,12000,다진 고기를 아낌없이 듬뿍 넣어 끓여낸 진하고 꾸덕한 소스,false,https://ldb-phinf.pstatic.net/20260123_200/17691585991883LuXD_PNG/%B6%F3%B1%B8%C6%C4%BD%BA%C5%B8_%C3%D6%C1%BE.png
1374709669,2,명란 새우 오일 파스타,11500,11500,11500,"감칠맛 터지는 저염 명란과 탱글한 새우, 노른자의 고소한 만남",true,https://ldb-phinf.pstatic.net/20230502_199/1682999053828Go2IO_JPEG/KakaoTalk_20230429_161239363.jpg
1374709669,3,연어덮밥,14500,14500,14500,매일 손질하는 신선한 생연어와 향긋한 특제 유자 간장 소스,false,https://ldb-phinf.pstatic.net/20260119_251/1768816827691V4LPD_PNG/%BF%AC%BE%EE%B5%A4%B9%E41.png
1374709669,4,연어&아보카도덮밥,12900,12900,12900,"부드러운 생연어와 고소한 아보카도, 실패 없는 꿀조합",true,https://ldb-phinf.pstatic.net/20260123_292/1769158556833etYWo_PNG/%BF%AC%BE%EE%BE%C6%BA%B8%C4%AB%B5%B5%B5%A4%B9%E4.png
1374709669,5,대게내장덮밥,12000,12000,12000,비린맛 ZERO! 고소함만 가득 채운 차차식당의 숨은 밥도둑,false,https://ldb-phinf.pstatic.net/20260123_24/1769158466789OUQiq_PNG/%B4%EB%B0%D4%B3%BB%C0%E5%B5%A4%B9%E4.png
1374709669,6,명란 아보카도 덮밥,11000,11000,11000,,false,https://ldb-phinf.pstatic.net/20260211_230/1770797448679wy2rh_PNG/KakaoTalk_20260209_092448793.png
1374709669,7,부타동,11000,11000,11000,입맛 당기는 특제 간장 소스에 강력한 불맛을 입힌 고기 덮밥,false,https://ldb-phinf.pstatic.net/20260123_137/17691586782894FMkO_PNG/%BA%CE%C5%B8%B5%BF.png
1374709669,8,코카콜라 355ml,2000,2000,2000,,false,https://ldb-phinf.pstatic.net/20240429_134/1714380611822jv82M_PNG/%C4%DD%B6%F3.png
1374709669,9,코카콜라 제로 355ml,2000,2000,2000,,false,https://ldb-phinf.pstatic.net/20240429_40/17143806925194U9vT_JPEG/27817802526.20231122164325.jpg
1374709669,10,칠성사이다 355ml,2000,2000,2000,,false,https://ldb-phinf.pstatic.net/20240429_258/1714380725197K2MPC_JPEG/5858915493.20200424103515.jpg
1375254271,0,주차 2시간 무료주차 (등록필수),0,,,우회전 기업지원허브 진입요망,true,https://ldb-phinf.pstatic.net/20240817_96/17238844054774Mayb_JPEG/IMG_1272.jpeg
1375254271,1,김치치즈카츠나베 정식,12900,12900,12900,,false,https://ldb-phinf.pstatic.net/20221129_251/1669693902889QMlnd_PNG/%BE%DF%B9%CC%C4%AB%C3%F7-%B1%E8%C4%A1%C4%A1%C1%EE%B3%AA%BA%A3.png
1375254271,2,쭈꾸미카츠나베,14900,14900,14900,알싸한 매콤한 쭈꾸미 볶음과 카츠 그리고 치즈 완벽 그자체 완소메뉴 저녁한정메뉴,true,https://ldb-phinf.pstatic.net/20240311_110/1710160650220PQnyj_JPEG/photo_2024-03-11_21-37-26.jpg
1375254271,3,카츠모둠세트,14900,14900,14900,야미카츠의 모든 카츠가 한곳에! 다채롭게 즐기는 모둠 카츠! 트러플오일과 함께 즐겨보세요!,true,https://ldb-phinf.pstatic.net/20250318_132/1742301528502Vd7dr_JPEG/IMG_1720.jpeg
1375254271,4,"경양식 반반카츠(매콤,크림)",12900,12900,12900,매콤소스의 경우 불닭 맵기 입니다,true,https://ldb-phinf.pstatic.net/20250625_103/17508583302355aVVm_JPEG/IMG_1939.jpeg
1375254271,5,야미 수제 함박,12900,12900,12900,정말 맛있는 고기와 정말 맛난 경양식소스와 만남,true,https://ldb-phinf.pstatic.net/20251225_208/1766625872317bMoqL_PNG/7D5641FA-24A8-4993-9900-7CC8C219FC76.png
1375254271,6,우동모둠세트,13900,13900,13900,,false,https://ldb-phinf.pstatic.net/20250318_61/1742301475007Gumey_JPEG/IMG_1719.jpeg
1375254271,7,블랙갈릭 경양카츠 정식,11900,11900,11900,,true,https://ldb-phinf.pstatic.net/20250806_221/1754489213458rvLnC_JPEG/%BA%ED%B7%A2.jpg
1375254271,8,돈카츠카레 덮밥,10900,10900,10900,푸팟퐁 게살 카레 제공,true,https://ldb-phinf.pstatic.net/20240822_108/1724285254218BnaBY_JPEG/IMG_1290.jpeg
1375254271,9,싱글 로스카츠 정식,8900,8900,8900,,true,https://ldb-phinf.pstatic.net/20230202_100/16753313292019RAGw_JPEG/%BD%CC%B1%DB%B7%CE%BD%BA%C4%AB%C3%F7.jpg
1375254271,10,더블 로스카츠 정식,10900,10900,10900,,true,https://ldb-phinf.pstatic.net/20221002_109/1664701283606tN4oc_JPEG/%BE%DF%B9%CC%C4%AB%C3%F7-3245.jpg
1375254271,11,라멘모둠세트,13900,13900,13900,얼큰한 일본식 돈코츠라멘을 야미만의 느낌을 더한 라멘 + 카츠세트,true,https://ldb-phinf.pstatic.net/20250318_133/17423011483220M2C5_JPEG/IMG_1718.jpeg
1375254271,12,비빔모둠세트,13900,13900,13900,,true,https://ldb-phinf.pstatic.net/20250318_299/1742301843409PT5I7_JPEG/IMG_1723.jpeg
1375254271,13,냉모밀모둠세트,13900,13900,13900,,false,https://ldb-phinf.pstatic.net/20250318_284/17423019460318Snwi_JPEG/IMG_1725.jpeg
1375254271,14,야미탄탄멘,8900,8900,8900,단짠단짠 민찌고기와 아지츠케 타마고가 들어간 깊은 맛 최고의 선택,true,https://ldb-phinf.pstatic.net/20230213_76/1676279469243S7CxH_JPEG/%BE%DF%B9%CC%B6%F3%B8%E0_%C1%A4%B9%E6.jpg
1375254271,15,김치카츠나베 정식,10900,10900,10900,,true,https://ldb-phinf.pstatic.net/20221129_198/1669693892457B4ieT_PNG/%BE%DF%B9%CC%C4%AB%C3%F7-%B1%E8%C4%A1%C4%AB%C3%F7%B3%AA%BA%A3.png
1375254271,16,히레카츠 정식,12900,12900,12900,,false,https://ldb-phinf.pstatic.net/20221002_240/1664701310541gKPTT_JPEG/%BE%DF%B9%CC%C4%AB%C3%F7-3264.jpg
1375254271,17,치즈카츠 정식,12900,12900,12900,,false,https://ldb-phinf.pstatic.net/20221002_99/1664701331087HpUwt_JPEG/%BE%DF%B9%CC%C4%AB%C3%F7-3273.jpg
1375254271,18,카츠동,9900,9900,9900,,false,https://ldb-phinf.pstatic.net/20250318_221/17423017575327FTcF_JPEG/IMG_1722.jpeg
1375254271,19,비빔모밀(비빔국수/메밀막국수),9900,9900,9900,,false,https://ldb-phinf.pstatic.net/20250318_29/1742301669289SvXpR_JPEG/IMG_1721.jpeg
1375254271,20,판모밀,7900,7900,7900,진한 가쓰오부시맛과 어우러지는 메밀정석,false,https://ldb-phinf.pstatic.net/20250318_189/1742301243592xPvAm_JPEG/IMG_1602.jpeg
1375254271,21,새우튀김우동,7900,7900,7900,,false,https://ldb-phinf.pstatic.net/20221002_12/1664700674367lpW0v_JPEG/%BE%DF%B9%CC%C4%AB%C3%F7-3328.jpg
1375254271,22,새우튀김(대),4900,4900,4900,,false,https://ldb-phinf.pstatic.net/20221002_12/1664701050118kDhzH_JPEG/%BE%DF%B9%CC%C4%AB%C3%F7-3315.jpg
1375254271,23,"주류(소주, 일본맥주)",5000,5000,5000,,false,https://ldb-phinf.pstatic.net/20230104_166/16728221836448zUs5_JPEG/%C0%CF%BA%BB_%B8%C6%C1%D6.jpg
1383469633,0,스테이크 & 머쉬룸 그레인 샐러드,14900,14900,14900,두툼한 스테이크와 풍미있는 머쉬룸 조합으로 단백질 가득한 그레인 샐러드,true,https://ldb-phinf.pstatic.net/20260531_150/1780237509440IWbac_JPEG/%B3%D7%C0%CC%B9%F6_%BD%BA%B8%B6%C6%AE%C7%C3%B7%B9%C0%CC%BD%BA_%BD%BA%C5%D7%C0%CC%C5%A9%B8%D3%BD%AC%B7%EB.jpg
1383469633,1,쉬림프 아보카도 그레인 샐러드,14100,14100,14100,신선한 쉬림프와 크리미한 아보카도 조합으로 가볍고 부드러운 그레인 샐러드,true,https://ldb-phinf.pstatic.net/20260531_84/17802375580442lh6F_JPEG/%B3%D7%C0%CC%B9%F6_%BD%BA%B8%B6%C6%AE%C7%C3%B7%B9%C0%CC%BD%BA_%BD%AC%B8%B2%C7%C1%BE%C6%BA%B8%C4%AB%B5%B5.jpg
1383469633,2,로티세리 치킨 더블치즈 그레인 샐러드,12400,12400,12400,촉촉한 로티세리 치킨에 고소한 더블치즈를 더해 탄단지 밸런스 완벽한 그레인 샐러드,true,https://ldb-phinf.pstatic.net/20260531_88/1780237611379kg0DL_JPEG/%B3%D7%C0%CC%B9%F6_%BD%BA%B8%B6%C6%AE%C7%C3%B7%B9%C0%CC%BD%BA_%B7%CE%C6%BC%BC%BC%B8%AE%C4%A1%C5%B2%B4%F5%BA%ED%C4%A1%C1%EE.jpg
1383469633,3,풀드포크 타코 그레인 샐러드,13100,13100,13100,부드러운 풀드포크 바비큐에 상큼한 살사를 더한 클래식한 타코 그레인 샐러드,true,https://ldb-phinf.pstatic.net/20260531_116/1780237667972wvoH1_JPEG/%B3%D7%C0%CC%B9%F6_%BD%BA%B8%B6%C6%AE%C7%C3%B7%B9%C0%CC%BD%BA_%C7%AE%B5%E5%C6%F7%C5%A9%C5%B8%C4%DA.jpg
1383469633,4,스파이시 쉬림프 타코 그레인 샐러드,14400,14400,14400,매콤한 시즈닝의 쉬림프에 살사를 곁들여 감칠맛 나게 즐기는 타코 그레인 샐러드,false,https://ldb-phinf.pstatic.net/20260531_22/1780237707039wChqK_JPEG/%B3%D7%C0%CC%B9%F6_%BD%BA%B8%B6%C6%AE%C7%C3%B7%B9%C0%CC%BD%BA_%BD%BA%C6%C4%C0%CC%BD%C3%BD%AC%B8%B2%C7%C1%C5%B8%C4%DA.jpg
1383469633,5,로티세리 치킨 타코 그레인 샐러드,13700,13700,13700,촉촉하고 부드러운 바비큐 치킨에 살사로 풍미를 더해 담백하게 즐기는 타코 그레인 샐러드,false,https://ldb-phinf.pstatic.net/20260531_167/1780237759901GgK47_JPEG/%B3%D7%C0%CC%B9%F6_%BD%BA%B8%B6%C6%AE%C7%C3%B7%B9%C0%CC%BD%BA_%B7%CE%C6%BC%BC%BC%B8%AE%C4%A1%C5%B2%C5%B8%C4%DA.jpg
1383469633,6,로스트 치킨 베이컨 그레인 샐러드,12400,12400,12400,담백한 로스트 치킨과 바삭한 베이컨 조합으로 단백질 가득한 그레인 샐러드,false,https://ldb-phinf.pstatic.net/20260531_64/1780237821580GV2dL_JPEG/%B3%D7%C0%CC%B9%F6_%BD%BA%B8%B6%C6%AE%C7%C3%B7%B9%C0%CC%BD%BA_%B7%CE%BD%BA%C6%AE%C4%A1%C5%B2%BA%A3%C0%CC%C4%C1.jpg
1383469633,7,에그마요 베이컨 그레인 샐러드,11600,11600,11600,부드러운 에그마요에 바삭한 베이컨을 더해 가볍게 즐기는 그레인 샐러드,false,https://ldb-phinf.pstatic.net/20260531_226/1780237859017eJpCF_JPEG/%B3%D7%C0%CC%B9%F6_%BD%BA%B8%B6%C6%AE%C7%C3%B7%B9%C0%CC%BD%BA_%BF%A1%B1%D7%B8%B6%BF%E4%BA%A3%C0%CC%C4%C1.jpg
1383469633,8,참치 아보카도 그레인 샐러드,11000,11000,11000,담백한 참치와 크리미한 아보카도의 조화로 가볍지만 든든한 그레인 샐러드,false,https://ldb-phinf.pstatic.net/20260531_11/1780237901634nV2xP_JPEG/%B3%D7%C0%CC%B9%F6_%BD%BA%B8%B6%C6%AE%C7%C3%B7%B9%C0%CC%BD%BA_%C2%FC%C4%A1%BE%C6%BA%B8%C4%AB%B5%B5.jpg
1383469633,9,그린 그레인 샐러드,8600,8600,8600,신선한 야채와 함께 나만의 조합으로 커스텀하여 즐기는 그레인 샐러드,false,https://ldb-phinf.pstatic.net/20260531_175/1780237932508luT1o_JPEG/%B3%D7%C0%CC%B9%F6_%BD%BA%B8%B6%C6%AE%C7%C3%B7%B9%C0%CC%BD%BA_%B1%D7%B8%B0.jpg
1383469633,10,잠봉,7400,7400,7400,잠봉 5장으로 채운 풍성함과 살아있는 결과 부드러운 풍미의 잠봉 샌드위치,false,https://ldb-phinf.pstatic.net/20260316_25/1773671688272Rj47g_PNG/%C0%E1%BA%C0.png
1383469633,11,피자썹,4300,4300,4300,"고소한 그레인 브레드에 페퍼로니, 살라미, 살사, 모차렐라로 완성한 풍미 가득 피자썹",false,https://ldb-phinf.pstatic.net/20260212_66/17709081034832KUGJ_PNG/%C7%C7%C0%DA%BD%E7_%B3%D7%C0%CC%B9%F6%BD%BA%B8%B6%C6%AE%C7%C3%B7%B9%C0%CC%BD%BA.png
1383469633,12,안창 비프 & NEW 머쉬룸,9200,9200,9200,귀한 안창살의 부드러움과 특제 시즈닝의 조화 담백한 머쉬룸의 풍미까지 입안 가득 즐겨보세요,false,https://ldb-phinf.pstatic.net/20240901_62/1725202284175eE51A_PNG/%BD%BA%B8%B6%C6%AE%C7%C3%B7%B9%C0%CC%BD%BA%28300x300%29_%BE%C8%C3%A2%BA%F1%C7%C1%B8%D3%BD%AC%B7%EB.png
1383469633,13,스테이크 & 치즈,8800,8800,8800,육즙이 쫙~풍부한 비프 스테이크의 풍미가 입안 한가득,false,https://ldb-phinf.pstatic.net/20240328_2/17116045239422Dlo4_PNG/16.-Steak--Cheese.png
1383469633,14,이탈리안 비엠티,7500,7500,7500,"페퍼로니, 살라미 그리고 잠봉이 만들어내는 최상의 조화!",false,https://ldb-phinf.pstatic.net/20240328_168/1711604377133fSn6t_PNG/2.-Italian_B.M.T.png
1383469633,15,로티세리 바비큐 치킨,8000,8000,8000,촉촉한 바비큐 치킨의 풍미가득.,false,https://ldb-phinf.pstatic.net/20240328_266/1711604446409l1by3_PNG/9.-Rotisserie-Barbecue-Chicken.png
1383469633,16,에그마요,6200,6200,6200,부드러운 달걀과 고소한 마요네즈가 만나 더 부드러운 스테디셀러,false,https://ldb-phinf.pstatic.net/20240328_184/1711604357957KoUgt_PNG/1.-egg-mayo.png
1383469633,17,안창비프,11100,11100,11100,아무에게나 허락되지 않는 귀한 안창살과 특제 시즈닝의 환상적인 조화를 경험해보세요,false,https://ldb-phinf.pstatic.net/20240901_15/1725202362559PtRvB_PNG/%BD%BA%B8%B6%C6%AE%C7%C3%B7%B9%C0%CC%BD%BA%28300x300%29_%BE%C8%C3%A2%BA%F1%C7%C1.png
1383469633,18,치킨 베이컨 아보카도,8500,8500,8500,"담백한 치킨 슬라이스와 베이컨, 크리미한 아보카도의 고소한 만남",false,https://ldb-phinf.pstatic.net/20241110_16/1731243981940Ctq5J_PNG/%C5%CD%C5%B0_%BA%A3%C0%CC%C4%C1_%BE%C6%BA%B8%C4%AB%B5%B5_.png
1383469633,19,쉬림프,8200,8200,8200,"더 커진 쉬림프로 맛도 탱글함도 커진
오리지널 쉬림프 샌드위치",false,https://ldb-phinf.pstatic.net/20240328_84/1711604482853fBkFG_PNG/12.-NEW-Shrimp.png
1383469633,20,스파이시 쉬림프,8400,8400,8400,"더 커진 쉬림프에 이국적인 매콤함을 더한
매력적인 스파이시 쉬림프",false,https://ldb-phinf.pstatic.net/20240328_35/1711604493156qtcxz_PNG/13.-NEW-Spicy_Shirmp.png
1383469633,21,로스트 치킨,8000,8000,8000,오븐에 구워 담백한 저칼로리 닭가슴살의 건강한 풍미,false,https://ldb-phinf.pstatic.net/20240328_35/171160442729496HAM_PNG/8.-Roasted-Chicken.png
1383469633,22,풀드 포크 바비큐,7900,7900,7900,미국 스타일의 풀드 포크 바비큐가 가득 들어간 샌드위치,false,https://ldb-phinf.pstatic.net/20240328_196/1711604512059seub6_PNG/15.-Pulled-Pork%2Bcheese.png
1383469633,23,써브웨이 클럽,7800,7800,7800,"고소한 베이컨, 담백한 치킨 슬라이스에 잠봉까지 더해진 완벽한 앙상블",false,https://ldb-phinf.pstatic.net/20241110_12/1731244275108kNQtr_PNG/%BD%E1%BA%EA%BF%FE%C0%CC_%C5%AC%B7%B4_.png
1383469633,24,치킨 데리야끼,7600,7600,7600,담백한 치킨 스트립에 달콤짭조름한 써브웨이 특제 데리야끼 소스와의 환상적인 만남,false,https://ldb-phinf.pstatic.net/20240328_162/1711604545845SSw9S_PNG/18.-Chicken-Teriyaki.png
1383469633,25,스파이시 이탈리안,7500,7500,7500,"살라미, 페퍼로니가 입안 한가득! 쏘 핫한 이탈리아의 맛",false,https://ldb-phinf.pstatic.net/20240328_140/1711604534242RLDdX_PNG/17.-spicy_italian.png
1383469633,26,비엘티,7300,7300,7300,오리지널 아메리칸 스타일 베이컨의 풍미와 바삭함이 그대로~,false,https://ldb-phinf.pstatic.net/20240328_170/1711604385581QK6fp_PNG/3.-B.L.T.png
1383469633,27,치킨 슬라이스,6600,6600,6600,입안 가득 치킨 슬라이스의 담백한 풍미를 즐길 수 있는 깔끔한 샌드위치,false,https://ldb-phinf.pstatic.net/20241110_18/1731243961989flU7G_PNG/%C5%CD%C5%B0_.png
1383469633,28,NEW 머쉬룸,6600,6600,6600,업그레이드 된 양송이 버섯으로 식감이 더 쫄깃해진 NEW 머쉬룸,false,https://ldb-phinf.pstatic.net/20250908_131/175734332177760kq2_PNG/%B4%BA_%B8%D3%BD%AC%B7%EB.png
1383469633,29,참치,6400,6400,6400,남녀노소 누구나 좋아하는 담백한 참치와 고소한 마요네즈의 완벽한 조화,false,https://ldb-phinf.pstatic.net/20240328_279/1711604401976YWPJL_PNG/5.-Tuna.png
1383469633,30,에그 슬라이스,5500,5500,5500,고소하고 담백한 에그 슬라이스가 들어간 든든한 샌드위치,false,https://ldb-phinf.pstatic.net/20240318_50/1710725726190CGXY8_PNG/%BD%BA%B8%B6%C6%AE%C7%C3%B7%B9%C0%CC%BD%BA_300x300.png
1383469633,31,베지,5200,5200,5200,갓 구운 빵과 신선한 8가지 야채로 즐기는 깔끔한 한끼,false,https://ldb-phinf.pstatic.net/20240328_147/1711604468117oNJtP_PNG/11.-Veggie-Delite.png
1383469633,32,스테이크 & 치즈 아보카도 랩,7100,7100,7100,육즙 가득 스테이크에 프레쉬함을 더해줄 아보카도와 슈레드치즈 그리고 모차렐라치즈까지! 최상의 야채와 소스 조합으로 탄생한 스테이크 & 치즈 아보카도 랩!,false,https://ldb-phinf.pstatic.net/20240412_155/1712880757897pPwXH_PNG/%BD%BA%C5%D7%C0%CC%C5%A9-%BE%D8-%C4%A1%C1%EE-%BE%C6%BA%B8%C4%AB%B5%B5_%BD%C3%B1%D7%B4%CF%C3%B3-%B7%A6.png
1383469633,33,쉬림프 에그마요 랩,6700,6700,6700,부드럽고 고소한 에그마요 안에 탱글한 통새우가 푹~! 최상의 야채와 소스 조합으로 탄생한 쉬림프 에그마요 랩!!,false,https://ldb-phinf.pstatic.net/20240412_264/1712880768791koDyi_PNG/%BD%AC%B8%B2%C7%C1-%BF%A1%B1%D7%B8%B6%BF%E4_%BD%C3%B1%D7%B4%CF%C3%B3-%B7%A6.png
1383469633,34,치킨 베이컨 미니 랩,3900,3900,3900,"담백한 치킨, 바삭한 베이컨 비츠가 쫀득한 통밀 랩에 쏘옥! 치킨 베이컨 미니 랩",false,https://ldb-phinf.pstatic.net/20240412_34/1712880774403VD0n2_PNG/%C4%A1%C5%B2-%BA%A3%C0%CC%C4%C1_%B9%CC%B4%CF-%B7%A6.png
1383469633,35,"잠봉, 에그 & 치즈",4200,4200,4200,푹신한 오믈렛과 잠봉의 가장 클래식한 조화,false,https://ldb-phinf.pstatic.net/20240412_268/1712880794221BNGR2_PNG/%C7%DC%2C-%BF%A1%B1%D7%C4%A1%C1%EE.png
1383469633,36,"웨스턴, 에그 & 치즈",4200,4200,4200,"토마토, 피망, 양파 세가지 야채가 더해져 더욱 신선한 하루 시작",false,https://ldb-phinf.pstatic.net/20240412_1/1712880801966byRRb_PNG/%BF%FE%BD%BA%C5%CF%2C-%BF%A1%B1%D7%C4%A1%C1%EE.png
1383469633,37,콘 수프,4100,4100,4100,달콤한 옥수수의 깊은 풍미가 느껴지는 콘 수프,false,https://ldb-phinf.pstatic.net/20240412_60/171288068964203His_PNG/%BD%E1%BA%EA%BF%FE%C0%CC_%C4%DC%BC%F6%C7%C1%C7%D5%BC%BA.png
1383469633,38,머쉬룸 수프,4100,4100,4100,부드러운 머쉬룸의 풍미가 가득한 머쉬룸 수프,false,https://ldb-phinf.pstatic.net/20240412_57/1712880716453zxoAS_PNG/%BD%E1%BA%EA%BF%FE%C0%CC_%B8%D3%BD%AC%B7%EB%BC%F6%C7%C1%C7%D5%BC%BA.png
1383469633,39,웨지 포테이토,2100,2100,2100,"오븐에 구워 더 담백, 겉은 바삭 속은 촉촉한 건강한 사이드",false,https://ldb-phinf.pstatic.net/20240412_28/17128808926349ywXK_PNG/%BF%FE%C1%F6-%C6%F7%C5%D7%C0%CC%C5%E4.png
1383469633,40,Cheesy 웨지 포테이토,2600,2600,2600,"치즈 풍미 한가득, 오븐에 구워 더 담백한 겉은 바삭 속은 촉촉한 건강한 사이드",false,https://ldb-phinf.pstatic.net/20240412_246/1712880903896Ft5fd_PNG/%C4%A1%C1%F6-%BF%FE%C1%F6-%C6%F7%C5%D7%C0%CC%C5%E4.png
1383469633,41,Bacon Cheesy 웨지 포테이토,3000,3000,3000,"짭쪼름한 베이컨과 치즈의 궁합, 오븐에 구워 더 담백 겉은 바삭 속은 촉촉한 건강한 사이드",false,https://ldb-phinf.pstatic.net/20240412_260/1712880911227oCESf_PNG/%BA%A3%C0%CC%C4%C1-%C4%A1%C1%F6-%BF%FE%C1%F6%C6%F7%C5%D7%C0%CC%C5%E4.png
1383469633,42,더블 초코칩,1600,1600,1600,부드러운 화이트초콜릿과 다크 초콜릿의 절묘한 조화로 더욱 풍부한 달콤함,false,https://ldb-phinf.pstatic.net/20180521_110/1526867675212ul8zd_JPEG/YFSjczpCvJWcJKmSkVKYMMGa.jpg
1383469633,43,초코칩,1600,1600,1600,알알이 가득한 초코의 가장 클래식한 달콤함,false,https://ldb-phinf.pstatic.net/20180521_91/1526867680494ai3qN_JPEG/E3eiJhVX9FxKPYM3Lf25wuYf.jpg
1383469633,44,오트밀 레이즌,1600,1600,1600,건포도와 귀리에 살짝 더해진 계피향의 환상적인 조화,false,https://ldb-phinf.pstatic.net/20180521_240/1526867685309f8Elo_JPEG/lxfzZ9nSMQtMwYwK2IdXoPvb.jpg
1383469633,45,라즈베리 치즈케익,1600,1600,1600,부드럽고 풍부한 치즈와 새콤달콤 라즈베리의 달콤한 만남,false,https://ldb-phinf.pstatic.net/20180521_280/1526867689628IHPQq_JPEG/F6hoErYdGtHkX7ZPQ_lSXvv2.jpg
1383469633,46,화이트 초코 마카다미아,1600,1600,1600,고소함 가득한 마카다미아와 달콤한 화이트 초콜릿의 환상 궁합,false,https://ldb-phinf.pstatic.net/20180521_173/1526867694327L40Kv_JPEG/-BWi9ZF4GCNlVb8nDxNFIGwe.jpg
1383469633,47,수프 세트 추가,3900,3900,3900,샌드위치/샐러드 + 음료(16oz) + 수프(Half),false,https://ldb-phinf.pstatic.net/20250401_130/1743492776420IxOjG_PNG/%BC%F6%C7%C1_%BC%BC%C6%AE_%C3%DF%B0%A1_3%2C900.png
1383469633,48,웨지 세트 추가,3500,3500,3500,샌드위치/샐러드 + 음료(16oz) + 웨지,false,https://ldb-phinf.pstatic.net/20250401_226/1743492708980YiX5G_PNG/%BF%FE%C1%F6_%BC%BC%C6%AE_%C3%DF%B0%A1_3%2C400.png
1383469633,49,쿠키/칩 세트 추가,3000,3000,3000,샌드위치/샐러드 + 음료(16oz) + 쿠키 or 칩,false,https://ldb-phinf.pstatic.net/20250401_249/1743492717978Foui9_PNG/%C4%ED%C5%B0%C4%A8_%BC%BC%C6%AE_%C3%DF%B0%A1_2%2C900.png
1384926409,0,고기김치찌개&가마솥밥,11000,11000,11000,,true,https://ldb-phinf.pstatic.net/20220206_33/1644149447089nTDMj_JPEG/Screenshot_20220206-210512.jpg
1384926409,1,꽁치김치찌개&가마솥밥,11000,11000,11000,,false,
1384926409,2,햄김치찌개&가마솥밥,11000,11000,11000,,false,
1384926409,3,계란말이,8000,8000,8000,,false,
1384926409,4,묵은지오겹살150g,16000,16000,16000,,false,
1384926409,5,두루치기 (대),42000,42000,42000,,false,https://ldb-phinf.pstatic.net/20230331_48/1680240330193sihkt_PNG/1680240259261.png
1384926409,6,두루치기 (중),32000,32000,32000,,false,https://ldb-phinf.pstatic.net/20230331_270/1680240289011HnGXQ_PNG/1680240259261.png
1391670592,0,[관자]전복내장리조또,14900,14900,14900,신선한 전복의 고소하고 진한 내장 맛이 고소한 크림과 어우러져 깊은 풍미를 자랑하는 리조또,false,https://ldb-phinf.pstatic.net/20251221_92/1766247620829PMKRu_JPEG/%C0%FC%BA%B9%B3%BB%C0%E5%B8%AE%C1%B6%B6%C7.jpg
1391670592,1,[베이컨]아라비아따,12900,12900,12900,칼칼하고 화끈한 매운맛이 매력적인 토마토소스 파스타,false,https://ldb-phinf.pstatic.net/20251221_1/1766247581081EueBf_JPEG/%BE%C6%B6%F3%BA%F1%BE%C6%B5%FB.jpg
1391670592,2,[베이컨]까르보나라,11900,11900,11900,부드러운 크림소스와 베이컨의 짭짤한 풍미가 어우러져 고소하고 진한 맛을 자랑하는 파스타,false,https://ldb-phinf.pstatic.net/20251221_114/1766247540378MvUJM_JPEG/%B1%EE%B8%A3%BA%B8%B3%AA%B6%F3.jpg
1391670592,3,[베이컨/쉬림프]매콤크림파스타,12900,12900,12900,"매콤하고 부드러운 크림소스와 고소한 베이컨, 신선한 쉬림프가 어우러져 독특한 풍미를 선사",false,https://ldb-phinf.pstatic.net/20251221_291/1766247498854uSoaM_JPEG/%B8%C5%C4%DE%C5%A9%B8%B2%C6%C4%BD%BA%C5%B8.jpg
1391670592,4,[쉬림프]알리오올리오,15900,15900,15900,"최고급 엑스트라 버진 오일, 심플하지만 깊은 맛의 파스타 깔끔하고 담백한 맛이 당길 때",false,https://ldb-phinf.pstatic.net/20251221_271/1766247336720Cv4SK_JPEG/%BE%CB%B8%AE%BF%C0%BF%C3%B8%AE%BF%C0.jpg
1391670592,5,[순두부/새우]해장토마토빼쉐,14900,14900,14900,"숙취 해장에 좋고,부드러운 순두부가 진한 토마토소스와 어우러져 깔끔하면서도 깊은 감칠맛",false,https://ldb-phinf.pstatic.net/20251221_153/1766247250430s39mg_JPEG/%C7%D8%C0%E5%C5%E4%B8%B6%C5%E4%BB%A9%BD%A6.jpg
1391670592,6,[미나리]봉골레파스타,13900,13900,13900,싱그러운 미나리와 바다 향 가득한 봉골레(조개)파스타의 만남. 깔끔하고 시원한 맛이 매력,true,https://ldb-phinf.pstatic.net/20251221_285/17662471833631D3XK_JPEG/%B9%CC%B3%AA%B8%AE%BA%C0%B0%F1%B7%B9.jpg
1391670592,7,오븐닭다리살샐러드,10000,10000,10000,,true,https://ldb-phinf.pstatic.net/20251230_191/1767022226681kj9Ex_JPEG/%BF%C0%BA%EC%B4%DF%B4%D9%B8%AE%BB%EC%BB%F8%B7%AF%B5%E5.jpg
1391670592,8,매콤오븐닭다리살샐러드,10000,10000,10000,,true,https://ldb-phinf.pstatic.net/20251230_29/1767022249971u9hhP_JPEG/%B8%C5%C4%DES.jpg
1391670592,9,부채살스테이크샐러드,12000,12000,12000,,true,https://ldb-phinf.pstatic.net/20251230_27/17670222587686QF71_JPEG/%BA%CE%C3%A4%BB%ECS.jpg
1391670592,10,클래식연어포케,14000,14000,14000,,false,https://ldb-phinf.pstatic.net/20251230_11/1767022274549GsMhI_JPEG/%BF%AC%BE%EEP.jpg
1391670592,11,훈제오리샐러드,9000,9000,9000,,false,https://ldb-phinf.pstatic.net/20251230_259/1767022286969RngSG_JPEG/%C8%C6%C1%A6%BF%C0%B8%AES.jpg
1391670592,12,비건스테이크샐러드,9000,9000,9000,,false,https://ldb-phinf.pstatic.net/20251230_214/176702229648228JOI_JPEG/%BA%F1%B0%C7S.jpg
1391670592,13,두부크럼블머쉬룸샐러드,9000,9000,9000,,false,https://ldb-phinf.pstatic.net/20251230_44/1767022307147u2GWb_JPEG/%B5%CE%BA%CES.jpg
1391670592,14,수비드닭가슴살샐러드,10000,10000,10000,,false,https://ldb-phinf.pstatic.net/20251230_126/1767022334418Fqs5v_JPEG/%B4%DF%B0%A1%BD%BF%BB%EC%BB%F8%B7%AF%B5%E5.jpg
1391670592,15,클래식연어샐러드,12000,12000,12000,,false,https://ldb-phinf.pstatic.net/20251230_24/1767022341539LHVsr_JPEG/%BF%AC%BE%EES.jpg
1391670592,16,비건스테이크포케,11000,11000,11000,,false,https://ldb-phinf.pstatic.net/20251230_117/1767022348627Jurly_JPEG/%BA%F1%B0%C7P.jpg
1391670592,17,훈제오리포케,11000,11000,11000,,false,https://ldb-phinf.pstatic.net/20251230_54/1767022356330rW0Xt_JPEG/%C8%C6%C1%A6%BF%C0%B8%AEP.jpg
1391670592,18,수비드닭가슴살포케,12000,12000,12000,,false,https://ldb-phinf.pstatic.net/20251230_143/1767022364450XGyaE_JPEG/%B4%DF%B0%A1%BD%BF%BB%ECS.jpg
1391670592,19,오븐닭다리살포케,12000,12000,12000,,false,https://ldb-phinf.pstatic.net/20251230_117/1767022373489K9W4e_JPEG/%BF%C0%BA%EC%B4%DF%B4%D9%B8%AE%BB%ECP.jpg
1391670592,20,매콤오븐닭다리살포케,12000,12000,12000,,false,https://ldb-phinf.pstatic.net/20251230_46/1767022386360uEST4_JPEG/%B8%C5%C4%DEP.jpg
1397452679,0,역전돈까스,9000,9000,9000,국내산 통등심의 도톰하고 부드러운 돈까스에 데미글라스소스가 어우려진 경양식 돈까스,false,https://ldb-phinf.pstatic.net/20250210_2/173914967387821zbV_PNG/%BF%AA%C0%FC%B5%B7%B1%EE%BD%BA.png
1397452679,1,제육돈까스,9500,9500,9500,"두 가지 인기 메뉴를 한번에, 간편 하고 푸짐한 한끼 식사",false,https://ldb-phinf.pstatic.net/20250715_75/1752570307358RwbBE_PNG/%C1%A6%C0%B0%B5%B7%B1%EE%BD%BA.png
1397452679,2,더블치즈돈까스,9500,9500,9500,국내산 통등심의 도톰한 돈까스와 두가지의 고소한 치즈의 깊은 맛을 느낄 수 있는 돈까스,false,https://ldb-phinf.pstatic.net/20250210_248/1739149688149z1xcO_PNG/%B4%F5%BA%ED%C4%A1%C1%EE%B5%B7%B1%EE%BD%BA.png
1397452679,3,유린기돈까스,9500,9500,9500,푸짐한 야채와 상큼한 유린기 소스의 조합으로 기분좋게 즐길 수 있는 돈까스,false,https://ldb-phinf.pstatic.net/20250210_152/17391498826595Qkxa_PNG/%C0%AF%B8%B0%B1%E2%B5%B7%B1%EE%BD%BA.png
1397452679,4,모둠까스,10000,10000,10000,돈까스+새우튀김+치킨을 한 그릇 한번에 즐길 수 있는 실속 메뉴,false,https://ldb-phinf.pstatic.net/20250210_289/1739149894489KM62N_PNG/%B8%F0%B5%D2%B1%EE%BD%BA.png
1397452679,5,역전비빔면,7000,7000,7000,새콤달콤한 소스와 아삭한 야채가 어우러진 비빔물면(비빔국수),false,https://ldb-phinf.pstatic.net/20250210_85/17391499156031A0TL_PNG/%BF%AA%C0%FC%BA%F1%BA%F6%B8%E9.png
1397452679,6,우볶이,6500,6500,6500,학교 앞 추억의 떡볶이 국물과 탱글탱글 우동의 맵단짠 절묘한 조화,false,https://ldb-phinf.pstatic.net/20260105_141/1767579835614LhSgR_JPEG/%BF%EC%BA%BA%C0%CC_%28%B2%BF%C4%A1%BE%EE%B9%ACver%29.jpg
1397452679,7,옛날우동,4500,4500,4500,진한 가쓰오 국물맛과 쫄깃한 면발의 만남이 일품인 역전우동0410의 대표 우동메뉴,false,https://ldb-phinf.pstatic.net/20250210_47/1739150123237yI0Jh_PNG/%BF%BE%B3%AF%BF%EC%B5%BF.png
1397452679,8,김치우동,5500,5500,5500,볶음 김치가 얹어져 더욱 시원하고 깊은 맛을 내는 역전우동0410만의 특별한 우동,false,https://ldb-phinf.pstatic.net/20250210_95/1739150129714NUvYs_PNG/%B1%E8%C4%A1%BF%EC%B5%BF.png
1397452679,9,꼬치어묵우동,6500,6500,6500,푸짐하게 담았다 풍성한 어묵과 담백한 국물이 식사로 좋은 우동,false,https://ldb-phinf.pstatic.net/20260105_39/1767579895525eGfgc_JPEG/%B2%BF%C4%A1%BE%EE%B9%AC%BF%EC%B5%BF.jpg
1397452679,10,얼큰가쓰오우동,6500,6500,6500,새우를 넣어 감칠맛과 얼큰함 가득인 얼큰가쓰오우동,false,https://ldb-phinf.pstatic.net/20260105_118/17675801677936SRNQ_JPEG/%BE%F3%C5%AB%B0%A1%BE%B2%BF%C0%BF%EC%B5%BF.jpg
1397452679,11,야채튀김우동,7000,7000,7000,진한 가쓰오 국물맛과 고소한 야채튀김의 조화로운 만남,false,https://ldb-phinf.pstatic.net/20250210_23/1739150379721ifyo6_PNG/%BE%DF%C3%A4%C6%A2%B1%E8%BF%EC%B5%BF.png
1397452679,12,새우튀김우동,7000,7000,7000,고소하고 바삭한 새우튀김을 얹은 우동,false,https://ldb-phinf.pstatic.net/20250210_28/17391503893354RitR_PNG/%BB%F5%BF%EC%C6%A2%B1%E8%BF%EC%B5%BF.png
1397452679,13,냉모밀,7000,7000,7000,"사계절 내내 사랑받는 역전우동0410 만의 시원, 담백한 냉모밀",false,https://ldb-phinf.pstatic.net/20250210_35/1739150463943EDmPs_PNG/%B3%C3%B8%F0%B9%D0.png
1397452679,14,간장양념구이덮밥,8000,8000,8000,고기반! 양배추반! 일본식 간장양념구이덮밥,false,https://ldb-phinf.pstatic.net/20251014_225/1760410716529isDWR_JPEG/%B0%A3%C0%E5%BE%E7%B3%E4%B1%B8%C0%CC%B5%A4%B9%E4.jpg
1397452679,15,매콤치킨마요덮밥,7500,7500,7500,바삭한 치킨에 역전우동 시그니처 매운 소스를 더한 마성의 덮밥,false,https://ldb-phinf.pstatic.net/20250210_40/17391505008285HRIk_PNG/%B8%C5%C4%DE%C4%A1%C5%B2%B8%B6%BF%E4%B5%A4%B9%E4.png
1397452679,16,돈까스덮밥,7500,7500,7500,두툼한 돈까스가 통째로 올라가 한 그릇이면 배부른 덮밥 메뉴,false,https://ldb-phinf.pstatic.net/20250210_274/1739150509739QT0Si_PNG/%B5%B7%B1%EE%BD%BA%B5%A4%B9%E4.png
1397452679,17,열탄제육덮밥,8000,8000,8000,한 그릇에 푸짐하게 담았다 중독성과 불 맛 강한 열탄제육덮밥,false,https://ldb-phinf.pstatic.net/20260226_241/17721140550093WsTf_JPEG/%BF%AD%C5%BA%C1%A6%C0%B0%B5%A4%B9%E4.jpg
1397452679,18,카레덮밥,7500,7500,7500,깊고 진한 향의 카레와 고소한 마늘칩을 얹은 덮밥,false,https://ldb-phinf.pstatic.net/20250210_239/1739150542455kIpgf_PNG/%C4%AB%B7%B9%B5%A4%B9%E4.png
1397452679,19,치킨미니덮밥,3500,3500,3500,입맛 돋우는 특제 소스를 얹은 치킨과 함께 즐기는 미니덮밥,false,https://ldb-phinf.pstatic.net/20250210_240/1739150568380nzN3S_PNG/%C4%A1%C5%B2%B9%CC%B4%CF%B5%A4%B9%E4.png
1397452679,20,명란미니덮밥,3000,3000,3000,따뜻한 밥에 짭쪼름한 명란을 얹은 미니덮밥,false,https://ldb-phinf.pstatic.net/20250210_174/1739150575128MdpHp_PNG/%B8%ED%B6%F5%B9%CC%B4%CF%B5%A4%B9%E4.png
1397452679,21,사이드돈까스,3500,3500,3500,"어떤 메뉴에도 찰떡궁합, 누구나 좋아하는 사이드돈까스",false,https://ldb-phinf.pstatic.net/20250210_121/1739150595428fsoYR_PNG/%BB%E7%C0%CC%B5%E5%B5%B7%B1%EE%BD%BA.png
1397452679,22,미니오꼬노미야끼,3500,3500,3500,단짠단짠 소스를 곁들인 미니오꼬노미야끼,false,https://ldb-phinf.pstatic.net/20260330_232/1774837163762Mbn3a_JPEG/%B9%CC%B4%CF%BF%C0%C4%DA%B3%EB%B9%CC%BE%DF%B3%A2.jpg
1397452679,23,양파마요치킨,3500,3500,3500,고소하고 달콤한 마요소스와 아삭한 양파를 곁들여 먹는 환상궁합 치킨메뉴,false,https://ldb-phinf.pstatic.net/20250210_182/1739150608591iRo6f_PNG/%BE%E7%C6%C4%B8%B6%BF%E4%C4%A1%C5%B2.png
1397452679,24,야채튀김,2500,2500,2500,바삭 고소한 맛을 한번에 느낄 수 있는 야채튀김,false,https://ldb-phinf.pstatic.net/20250210_106/1739150627168BVvbs_PNG/%BE%DF%C3%A4%C6%A2%B1%E8.png
1397452679,25,불오뎅,2500,2500,2500,"역전우동만의 특제 불만두 소스를 이용한 매콤, 쫄깃한 사이드 메뉴",false,https://ldb-phinf.pstatic.net/20260105_74/17675798739368wVHK_JPEG/%BA%D2%BF%C0%B5%AD_%28%B2%BF%C4%A1%BE%EE%B9%ACver%29.jpg
1397452679,26,왕만두튀김,2500,2500,2500,왕만두를 통째로 튀겨 고소한 육즙과 바삭한 식감을 느낄 수 있는 왕만두 튀김,false,https://ldb-phinf.pstatic.net/20250210_121/1739150667673ABkhk_PNG/%BF%D5%B8%B8%B5%CE%C6%A2%B1%E8.png
1397452679,27,매콤김말이,2500,2500,2500,바삭하게 튀겨낸 김말이에 맛있게 매운 양념 소르를 뿌려내는 매콤김말이,false,https://ldb-phinf.pstatic.net/20250210_57/1739150675061LJMlr_PNG/%B8%C5%C4%DE%B1%E8%B8%BB%C0%CC.png
1397452679,28,새우튀김,2500,2500,2500,주문과 동시에 즉석에서 튀겨 더욱 맛있는 왕새우튀김,false,https://ldb-phinf.pstatic.net/20250210_159/1739150684876cuTES_PNG/%BB%F5%BF%EC%C6%A2%B1%E8.png
1397452679,29,바삭김치치즈주먹밥,2500,2500,2500,"바삭바삭한 식감과 매콤한 김치, 고소한 치즈를 한번에 즐길 수 있는 주먹밥",false,https://ldb-phinf.pstatic.net/20250210_249/1739165934070JTh4p_PNG/%B9%D9%BB%E8%B1%E8%C4%A1%C4%A1%C1%EE%C1%D6%B8%D4%B9%E4.png
1397452679,30,바삭참치마요주먹밥,2500,2500,2500,바삭바삭한 식감과 고소한 참치와 마요네즈를 한번에 즐길 수 있는 주먹밥,false,https://ldb-phinf.pstatic.net/20250210_220/1739165952620pF4qc_PNG/%B9%D9%BB%E8%B1%E8%C4%A1%B8%B6%BF%E4%C1%D6%B8%D4%B9%E4.png
1398997099,0,오리지널 참치 포케,10800,10800,10800,담백한 황다랑어 등살부위를 쇼유 소스애 고소하게 버무린 하와이 대표 스테미너 보울,true,https://ldb-phinf.pstatic.net/20260325_126/1774417053333tCdP9_JPEG/1.%BF%C0%B8%AE%C1%F6%B3%CE_%C2%FC%C4%A1_%C6%F7%C4%C9.jpg
1398997099,1,폰즈 연어 포케,12800,12800,12800,노르웨이 생연어를 향긋한 풍미의 폰즈소스에 버무려 다이어트식으로 즐기는 메뉴,true,https://ldb-phinf.pstatic.net/20260325_34/17744171113473jS1d_JPEG/2.%C6%F9%C1%EE_%BF%AC%BE%EE_%C6%F7%C4%C9.jpg
1398997099,2,훅트 스페셜,12800,12800,12800,HOOKED의 대표 메뉴 참치와 연어를 한 번에 즐길 수 있는 올인원 스페셜 메뉴,true,https://ldb-phinf.pstatic.net/20260325_43/1774417174608P0JmI_JPEG/3.%C8%C5%C6%AE_%BD%BA%C6%E4%BC%C8.jpg
1398997099,3,갈릭 쉬림프 포케,11800,11800,11800,갈릭소스에 볶은 새우를 다양한 토핑과 함께 즐기며 휴양지 느낌을 낼 수 있는 대표 메뉴,false,https://ldb-phinf.pstatic.net/20260325_207/17744172070864CpwJ_JPEG/4.%B0%A5%B8%AF_%BD%AC%B8%B2%C7%C1_%C6%F7%C4%C9.jpg
1398997099,4,검은깨 두부 포케 (비건 메뉴),8800,8800,8800,검은깨 옷을 입힌 두부를 튀겨 고소하면서 가벼운 훅트의 대표 비건 메뉴,false,https://ldb-phinf.pstatic.net/20260325_200/1774417266975sNWKL_JPEG/5.%B0%CB%C0%BA%B1%FA_%B5%CE%BA%CE_%C6%F7%C4%C9_%28%BA%F1%B0%C7_%B8%DE%B4%BA%29.jpg
1398997099,5,두부 버섯 포케 (비건 메뉴),10800,10800,10800,릭 소스에 볶은 새우를 다양한 토핑과 함께 즐기며 휴양지 느낌을 낼 수 있는 대표 메뉴,false,https://ldb-phinf.pstatic.net/20260325_242/1774417300987cnuG4_JPEG/6.%B5%CE%BA%CE_%B9%F6%BC%B8_%C6%F7%C4%C9_%28%BA%F1%B0%C7_%B8%DE%B4%BA%29.jpg
1398997099,6,블랙 치킨 샐러드,10800,10800,10800,검은깨 옷을 입힌 두부를 튀겨 고소하면서 가벼운 훅트의 대표 비건 메뉴,false,https://ldb-phinf.pstatic.net/20260325_142/1774417349314vYNqv_JPEG/7.%BA%ED%B7%A2_%C4%A1%C5%B2_%BB%F8%B7%AF%B5%E5.jpg
1398997099,7,매콤 돈안심 샐러드,10800,10800,10800,100% 국내산 돼지 안심을 부드럽게 수비드한 후 동남아 스타일 소스에 버무린 건강 메뉴,false,https://ldb-phinf.pstatic.net/20260325_259/1774417644382mrHLF_JPEG/8.%B8%C5%C4%DE_%B5%B7%BE%C8%BD%C9_%BB%F8%B7%AF%B5%E5.jpg
1398997099,8,참깨 육회 샐러드,11800,11800,11800,싱싱한 우둔살을 당일 아침에 준비해 쫀득한 식감에 고소한 양념에 중독성 있는 감칠맛,false,https://ldb-phinf.pstatic.net/20260325_232/1774417427134UpgGu_JPEG/%C0%B0%C8%B8%C6%F7%C4%C9%28%B9%E8%B9%CE%BF%EB%29.jpg
1398997099,9,비프 & 브로콜리 포케 샐러드,12800,12800,12800,100% FLAME GRILLED 프리미엄 부채살과 갈릭소스로 볶아 깊은 불맛으로 완성한맛,false,https://ldb-phinf.pstatic.net/20260325_247/1774417723058bVMX9_JPEG/%BA%F1%C7%C1%BF%A3%BA%EA%B7%CE%C4%DD%B8%AE%BB%F8%B7%AF%B5%E5_%B9%E8%B9%CE%BF%EB.jpg
1414093460,0,토리키치 해피아워,1900,1900,1900,"매일 17:00~19:00 참이슬 1,900, 기린생맥, 리얼하이볼, 짐빔하이볼 3,500",false,https://ldb-phinf.pstatic.net/20230918_235/1694995899536rFcjm_PNG/%BD%BA%C5%A9%B8%B0%BC%A6_2023-09-18_%BF%C0%C0%FC_9.11.07.png
1414093460,1,특선 야키토리 세트,39000,39000,39000,,false,https://ldb-phinf.pstatic.net/20241030_297/1730277097782jHqsC_JPEG/IMG_8200.jpeg
1414093460,2,야키토리/쿠시카츠,2900,2900,2900,"각종 야키토리와 쿠시카츠가 2,900원부터 준비 되어 있습니다. 한꼬치씩 주문 가능합니다.",false,https://ldb-phinf.pstatic.net/20230918_84/1694995930828ssVkQ_JPEG/KakaoTalk_Photo_2023-08-18-11-35-08_011.jpeg
1414093460,3,모듬오뎅,23900,23900,23900,모듬오뎅 및 따뜻한 탕류 준비되어 있습니다.,false,https://ldb-phinf.pstatic.net/20241203_129/1733197915891obj0O_JPEG/IMG_7997.jpeg
1414093460,4,쿠시카츠 떡볶이,19900,19900,19900,매콤한 떡볶이에 쿠시카츠를 곁들인! 출시하자마자 인기폭발!,false,https://ldb-phinf.pstatic.net/20241203_202/1733198106455XHWj6_JPEG/IMG_8203.jpeg
1414093460,5,기린생맥주,6900,6900,6900,꽝꽝 얼어있는 큰 조끼잔으로 제공 됩니다.,false,https://ldb-phinf.pstatic.net/20230918_98/1694996048137x2kCa_PNG/%BD%BA%C5%A9%B8%B0%BC%A6_2023-06-15_%BF%C0%C0%FC_9.13.57.png
1414093460,6,리얼하이볼,3900,3900,3900,"재패니즈 위스키 나모나키 메이슈 베이스의 토리키치 오리지널 하이볼 해피아워시 2,900원",false,https://ldb-phinf.pstatic.net/20230918_126/1694996014657dznvE_PNG/12t.png
1414093460,7,참이슬,4900,4900,4900,저희 매장에는 참이슬과 일품진로가 있습니다.,false,https://ldb-phinf.pstatic.net/20230918_49/1694995945609Hnxl5_PNG/%BD%BA%C5%A9%B8%B0%BC%A6_2023-06-03_%BF%C0%C0%FC_6.54.41.png
1414093460,8,짐빔하이볼,6900,6900,6900,,false,https://ldb-phinf.pstatic.net/20230918_167/1694996070507CV1DU_PNG/%BD%BA%C5%A9%B8%B0%BC%A6_2023-04-14_%BF%C0%C0%FC_9.31.22.png
1418632150,0,마라샹궈 100g 3500원(20000원 부터),,,,,false,https://ldb-phinf.pstatic.net/20210126_100/16116584174328LNGl_JPEG/0hJz1Ke7dbbjKiGKAz5TeXVg.jpg
1418632150,1,마라탕100g 1700원(7000원부터),,,,,false,
1418632150,2,꿔바로우,15000,15000,15000,,false,
1418632150,3,향라새우,23000,23000,23000,,false,
1418632150,4,마라쇼룽샤,30000,30000,30000,,false,
1418632150,5,지삼선,12000,12000,12000,,false,
1418632150,6,마파두부,10000,10000,10000,,false,
1440803175,0,동그리삼겹살 180g (국내산),16000,16000,16000,급냉한 국내산 삼겹살을 솥뚜껑에 구워 고소한 풍미를 살린 대표 메뉴입니다,true,https://ldb-phinf.pstatic.net/20250513_279/1747121123367bd4Yl_JPEG/98cd3eb685e1c59622ad3b9ff0d0790d.jpg
1440803175,1,생 삼겹살 180g (국내산),16000,16000,16000,신선한 국내산 생 삼겹살을 솥뚜껑 위에 구워 두툼한 식감을 그대로 즐길 수 있습니다,false,https://ldb-phinf.pstatic.net/20250513_285/1747122791377ptR4K_JPEG/KakaoTalk_20250513_142638382_21.jpg
1440803175,2,항정살 150g (국내산),22000,22000,22000,국내산 항정살은 탱탱한 식감과 진한 풍미가 돋보이는 고소한 부위입니다,false,https://ldb-phinf.pstatic.net/20250513_209/17471228995878pXnO_JPEG/KakaoTalk_20250513_142638382_22_%281%29.jpg
1440803175,3,가브리살 180g (국내산),17000,17000,17000,국내산 가브리살은 쫄깃한 식감과 고소한 맛이 특징인 인기 부위입니다,false,https://ldb-phinf.pstatic.net/20250513_268/1747122867577M7HS3_JPEG/KakaoTalk_20250513_142638382_24.jpg
1440803175,4,냉삼겹 180g (칠레산),12000,12000,12000,칠레산 냉삼겹은 가성비 좋은 메뉴로 바삭하게 구워 고소한 맛을 살렸습니다,false,https://ldb-phinf.pstatic.net/20250513_130/1747123010292nfNmx_JPEG/KakaoTalk_20250513_142638382_19.jpg
1440803175,5,한우 차돌박이 150g (국내산),22000,22000,22000,국내산 한우 차돌박이는 얇게 구워 고소하고 진한 맛을 즐길 수 있는 고급 부위입니다,false,https://ldb-phinf.pstatic.net/20250513_136/1747122976464H5aAI_JPEG/KakaoTalk_20250513_142638382_23_%281%29.jpg
1440803175,6,불밀면,10000,10000,10000,매콤하고 중독성 있는 양념이 특징인 매운맛 부산식 밀면입니다,false,https://ldb-phinf.pstatic.net/20250513_157/1747123217580QEOtA_JPEG/KakaoTalk_20250513_142638382_18.jpg
1440803175,7,물밀면,10000,10000,10000,살얼음 띄운 시원한 육수에 쫄깃한 면발이 어우러진 부산식 물밀면입니다,false,https://ldb-phinf.pstatic.net/20250513_2/1747123170298Ssfw6_JPEG/KakaoTalk_20250513_142638382_15.jpg
1440803175,8,비빔밀면,10000,10000,10000,새콤달콤한 양념과 쫄깃한 면이 조화를 이루는 부산식 비빔밀면입니다,false,https://ldb-phinf.pstatic.net/20250513_68/1747123190200Fnkjw_JPEG/KakaoTalk_20250513_142638382_16.jpg
1440803175,9,고기왕만두,6000,6000,6000,한입물면 입안가득 육즙이 터지는 뜨끈한 왕만두,false,https://ldb-phinf.pstatic.net/20251027_71/1761525096855PpyYn_JPEG/26733.jpg
1440803175,10,경상도식한우무국밥,12000,12000,12000,a등급 한우와 시원한 무우로 육수를 낸 경상도식무우국밥,false,https://ldb-phinf.pstatic.net/20251027_274/1761525306063kkW2q_JPEG/23830.jpg
1440803175,11,한우샤브칼국수,12000,12000,12000,사골육수와 한우고기를 듬뿍 가슴속까지 따뜻해지는 한우샤브칼국수,false,https://ldb-phinf.pstatic.net/20251027_228/1761524910359lbJrK_JPEG/26462.jpg
1440803175,12,사골떡만두국,10000,10000,10000,육즙터지는 왕만두국 기가막히는 사골국물,false,https://ldb-phinf.pstatic.net/20251027_49/1761524997823GR7Ql_JPEG/26932.jpg
1444510727,0,짜장면,8000,8000,8000,,false,https://ldb-phinf.pstatic.net/20250513_126/1747123119864Qm63x_JPEG/%C2%A5%C0%E5.jpg
1444510727,1,삼선간짬뽕,13000,13000,13000,,false,https://ldb-phinf.pstatic.net/20250513_170/1747123211679w2UHX_JPEG/%BB%EF%BC%B1%B0%A3%C2%AB%BB%CD.jpg
1444510727,2,짬뽕,12000,12000,12000,,false,https://ldb-phinf.pstatic.net/20250708_27/1751967462277Mozah_JPEG/IMG_8114.jpeg
1444510727,3,차돌짬뽕,13000,13000,13000,,false,https://ldb-phinf.pstatic.net/20250513_87/1747123271603IbMh2_JPEG/%C2%F7%B5%B9%C2%AB%BB%CD.jpg
1444510727,4,마파두부면,11000,11000,11000,,false,https://ldb-phinf.pstatic.net/20250513_59/17471231970794x16J_JPEG/%B8%B6%C6%C4%B5%CE%BA%CE%B8%E9.jpg
1444510727,5,유린기면,14000,14000,14000,,false,https://ldb-phinf.pstatic.net/20250513_282/17471250834551WcU9_JPEG/%C0%AF%B8%B0%B1%E2%B8%E9.jpg
1444510727,6,차돌 마라탕면,14000,14000,14000,,false,https://ldb-phinf.pstatic.net/20250513_147/1747123142659SUlK6_JPEG/%C2%F7%B5%B9%B8%B6%B6%F3%C5%C1%B8%E9.jpg
1444510727,7,볶음밥,10000,10000,10000,,false,https://ldb-phinf.pstatic.net/20250513_264/1747123235641YMHHe_JPEG/%BA%BA%C0%BD%B9%E4.jpg
1444510727,8,유산슬밥,18000,18000,18000,,false,https://ldb-phinf.pstatic.net/20250513_10/1747125785296lf33V_JPEG/%C0%AF%BB%EA%BD%BD%B9%E4.jpg
1444510727,9,팔보채밥,18000,18000,18000,,false,https://ldb-phinf.pstatic.net/20250513_135/1747125797090JzOWq_JPEG/%C6%C8%BA%B8%C3%A4%B9%E4.jpg.jpg
1444510727,10,미니탕수육,10000,10000,10000,,false,
1444510727,11,해물쟁반짜장,28000,28000,28000,,false,https://ldb-phinf.pstatic.net/20250513_272/17471234974079mv0e_JPEG/%C7%D8%B9%B0%C0%EF%B9%DD%C2%A5%C0%E5.jpg
1444510727,12,해물쟁반짬뽕,30000,30000,30000,,false,https://ldb-phinf.pstatic.net/20250513_142/1747123515597Y91TQ_JPEG/%C7%D8%B9%B0%C0%EF%B9%DD%C2%AB%BB%CD.jpg
1444510727,13,런치요리세트A,45000,45000,45000,"유린기,칠리새우,크림새우 택1
짜장2
음료2",false,https://ldb-phinf.pstatic.net/20250513_30/1747124618213um6Mj_JPEG/%C5%A9%B8%B2%BB%F5%BF%EC%2B%C2%A5%C0%E52%BC%BC%C6%AE.jpg
1444510727,14,런치요리세트B,47000,47000,47000,"유린기,칠리새우,크림새우 택1
짜장1짬뽕1
음료2",false,https://ldb-phinf.pstatic.net/20250513_24/1747124860942K34nf_JPEG/%C5%A9%B8%B2%BB%F5%BF%EC%2B%C2%A5%C0%E5%C2%AB%BB%CD%BC%BC%C6%AE.jpg
1444510727,15,런치요리세트C,49000,49000,49000,"유린기,칠리새우,크림새우 택1
짬뽕2
음료2",false,https://ldb-phinf.pstatic.net/20250513_186/1747124984363IP5d8_JPEG/%C5%A9%B8%B2%BB%F5%BF%EC%2B%C2%AB%BB%CD2%BC%BC%C6%AE.jpg
1444510727,16,안주세트A,60000,60000,60000,"탕수육
고추잡채
해물 짬뽕탕",false,https://ldb-phinf.pstatic.net/20250513_47/1747124043955cQLwa_JPEG/%C5%C1%BC%F6%C0%B0%2B%B0%ED%C3%DF%C0%E2%C3%A4%2B%C7%D8%B9%B0%C2%AB%BB%CD%C5%C1.jpg
1444510727,17,안주세트B,80000,80000,80000,"칠리새우OR유린기
유산슬
해물 짬뽕탕",false,https://ldb-phinf.pstatic.net/20250513_77/1747124091173U44Jr_JPEG/%C0%AF%B8%B0%B1%E2%2B%C0%AF%BB%EA%BD%BD%2B%C7%D8%B9%B0%C2%AB%BB%CD%C5%C1.jpg
1444510727,18,안주세트C,100000,100000,100000,"탕수육OR깐풍기
양장피
해물 누룽지탕",false,https://ldb-phinf.pstatic.net/20250513_103/1747124186371zBmim_JPEG/%B1%F1%C7%B3%B1%E2%2B%BE%E7%C0%E5%C7%C7%2B%C7%D8%B9%B0%B4%A9%B7%EE%C1%F6%C5%C1.jpg
1444510727,19,동파육,45000,45000,45000,하루 전 예약주문,false,https://ldb-phinf.pstatic.net/20250708_257/1751967440574m4FnK_JPEG/IMG_8112.jpeg
1444510727,20,흑후추소고기볶음,38000,38000,38000,,false,https://ldb-phinf.pstatic.net/20250513_146/1747123888759yNsDi_JPEG/%C8%E6%C8%C4%C3%DF%BC%D2%B0%ED%B1%E2%BA%BA%C0%BD.jpg
1444510727,21,팔보채,38000,38000,38000,,false,https://ldb-phinf.pstatic.net/20250513_252/1747123441808KtkOK_JPEG/%C6%C8%BA%B8%C3%A4.jpg
1444510727,22,고추잡채,35000,35000,35000,,false,https://ldb-phinf.pstatic.net/20250513_102/1747123350415jtmrn_JPEG/%B0%ED%C3%DF%C0%E2%C3%A4.jpg
1444510727,23,유산슬,32000,32000,32000,,false,https://ldb-phinf.pstatic.net/20250513_227/1747123430026dCxbO_JPEG/%C0%AF%BB%EA%BD%BD.jpg
1444510727,24,마파두부,18000,18000,18000,,false,https://ldb-phinf.pstatic.net/20250513_118/17471234124083YFXC_JPEG/%B8%B6%C6%C4%B5%CE%BA%CE.jpg
1444510727,25,사천탕수육,34000,34000,34000,,false,https://ldb-phinf.pstatic.net/20250513_147/17471239225513r0H5_JPEG/%BB%E7%C3%B5%C5%C1%BC%F6%C0%B0.jpg
1444510727,26,등심탕수육,32000,32000,32000,,false,https://ldb-phinf.pstatic.net/20250513_257/17471233690378pCFu_JPEG/%B5%EE%BD%C9%C5%C1%BC%F6%C0%B0.jpg
1444510727,27,유린기,28000,28000,28000,,false,https://ldb-phinf.pstatic.net/20250513_40/1747123389521Qd3tJ_JPEG/%C0%AF%B8%B0%B1%E2.jpg
1444510727,28,칠리새우,28000,28000,28000,,false,https://ldb-phinf.pstatic.net/20250513_102/1747123487263cxWvS_JPEG/%C4%A5%B8%AE%BB%F5%BF%EC.jpg
1444510727,29,크림새우,28000,28000,28000,,false,https://ldb-phinf.pstatic.net/20250513_8/1747123480643ATJ8q_JPEG/%C5%A9%B8%B2%BB%F5%BF%EC.jpg
1444510727,30,와사비크림새우,29000,29000,29000,,false,https://ldb-phinf.pstatic.net/20241104_153/1730681325975cTP5H_JPEG/IMG_0378.jpeg
1444510727,31,와사비크림치킨,27000,27000,27000,,false,https://ldb-phinf.pstatic.net/20250513_8/1747123305197ytXTK_JPEG/%BF%CD%BB%E7%BA%F1%C5%A9%B8%B2%C4%A1%C1%EE.jpg
1444510727,32,라즈지,27000,27000,27000,,false,https://ldb-phinf.pstatic.net/20250513_135/1747123295409I4iBP_JPEG/%B6%F3%C1%EE%C1%F6.jpg
1444510727,33,깐풍기,25000,25000,25000,,false,https://ldb-phinf.pstatic.net/20250513_277/17471234744470gWr7_JPEG/%B1%F1%C7%B3%B1%E2.jpg
1444510727,34,가지튀김,15000,15000,15000,,false,https://ldb-phinf.pstatic.net/20250513_28/1747123947999U6pTA_JPEG/%B0%A1%C1%F6%C6%A2%B1%E8.jpg
1444510727,35,양장피,40000,40000,40000,,false,https://ldb-phinf.pstatic.net/20250513_117/1747123402432rSbHj_JPEG/%BE%E7%C0%E5%C7%C7.jpg
1444510727,36,오향장육,35000,35000,35000,,false,https://ldb-phinf.pstatic.net/20250513_271/1747123981416kqM8q_JPEG/%BF%C0%C7%E2%C0%E5%C0%B0.jpg
1444510727,37,오향장육냉채,35000,35000,35000,,false,https://ldb-phinf.pstatic.net/20250513_11/1747123422447z2w8N_JPEG/%BF%C0%C7%E2%C0%E5%C0%B0%B3%C3%C3%A4.jpg
1444510727,38,해물짬뽕탕,28000,28000,28000,,false,https://ldb-phinf.pstatic.net/20250513_34/1747123451217SKToX_JPEG/%C7%D8%B9%B0%C2%AB%BB%CD%C5%C1.jpg
1444510727,39,차돌짬뽕탕,28000,28000,28000,,false,https://ldb-phinf.pstatic.net/20250513_188/1747126055696qNaBk_JPEG/%C2%F7%B5%B9%C2%AB%BB%CD%C5%C1.jpg
1444510727,40,해물누룽지탕,38000,38000,38000,,false,https://ldb-phinf.pstatic.net/20250513_87/17471234591537iIad_JPEG/%C7%D8%B9%B0%B4%A9%B7%EE%C1%F6%C5%C1.jpg
1444510727,41,산라탕,22000,22000,22000,,false,https://ldb-phinf.pstatic.net/20250513_99/1747123467756R2kmf_JPEG/%BB%EA%B6%F3%C5%C1.jpg
1444510727,42,슈차이빤,12000,12000,12000,,false,https://ldb-phinf.pstatic.net/20250708_225/17519674517590SsnQ_JPEG/IMG_8113.jpeg
1444510727,43,물만두,10000,10000,10000,,false,https://ldb-phinf.pstatic.net/20250513_32/1747123522172VPwmz_JPEG/%B9%B0%B8%B8%B5%CE.jpg
1444510727,44,군만두,8000,8000,8000,,false,https://ldb-phinf.pstatic.net/20250513_144/1747123528906V6mJz_JPEG/%B1%BA%B8%B8%B5%CE.jpg
1454815736,0,엽기떡볶이,14000,14000,14000,"맛있게 맵다, 동대문엽기떡볶이!
반반/오뎅/분모자(+3,000원)",true,https://ldb-phinf.pstatic.net/20211102_265/16358407472737ORc6_PNG/ihgGZorYnlBBhIMmN2pn5UED.png
1454815736,1,로제떡볶이,16000,16000,16000,"부드러운 로제 크림과 엽떡의 완벽한 만남!
반반/오뎅/분모자(+3,000원)",true,https://ldb-phinf.pstatic.net/20211102_189/1635841007756M9o47_PNG/kBJ3uzSjH9jfQ2aIbHyNF53s.png
1454815736,2,마라떡볶이,16000,16000,16000,엽떡과 얼얼한 마라의 중독적 시너지,true,https://ldb-phinf.pstatic.net/20230718_27/1689639390040Emxya_PNG/5._%B8%B6%B6%F3%B6%B1%BA%BA%C0%CC%28%C0%CF%B9%DD%29-min.png
1454815736,3,마라로제떡볶이,18000,18000,18000,얼얼한 마라를 부드럽게 감싸는 마라로제떡볶이,true,https://ldb-phinf.pstatic.net/20240111_37/1704931336180GBVHt_PNG/%B8%B6%B6%F3%B7%CE%C1%A6%B6%B1%BA%BA%C0%CC.png
1454815736,4,엽기닭볶음탕,24000,24000,24000,중독적인 매운맛에 진한 국물의 감칠맛까지 더한 엽기닭볶음탕,true,https://ldb-phinf.pstatic.net/20211102_100/1635841283884VgxQ1_PNG/A6bCNW_umHpAtCVnuP_Hy_k6.png
1454815736,5,숯불통뼈닭발,15000,15000,15000,"엽기핫불소스 1개, 콘마요 기본 제공",false,https://ldb-phinf.pstatic.net/20260224_229/1771889244328z9lM2_JPEG/%BD%A1%BA%D2%C5%EB%BB%C0%B4%DF%B9%DF_%C3%F8%B8%E9.jpg
1454815736,6,숯불무뼈닭발,16000,16000,16000,"엽기핫불소스 1개, 콘마요 기본 제공",false,https://ldb-phinf.pstatic.net/20260224_80/1771889291578prxvF_JPEG/%BD%A1%BA%D2%B9%AB%BB%C0%B4%DF%B9%DF_%C3%F8%B8%E9.jpg
1454815736,7,국물통뼈닭발,16000,16000,16000,"엽기핫불소스 1개, 콘마요 기본 제공",false,https://ldb-phinf.pstatic.net/20260224_102/1771889315184hUvl9_JPEG/%B1%B9%B9%B0%C5%EB%BB%C0%B4%DF%B9%DF_%C3%F8%B8%E9.jpg
1454815736,8,국물무뼈닭발,17000,17000,17000,"엽기핫불소스 1개, 콘마요 기본 제공",false,https://ldb-phinf.pstatic.net/20260224_184/1771889337773JbLqI_JPEG/%B1%B9%B9%B0%B9%AB%BB%C0%B4%DF%B9%DF_%C3%F8%B8%E9.jpg
1454815736,9,2인엽기떡볶이,9000,9000,9000,"둘이서도 즐길 수 있는, 홀 전용 엽기떡볶이(배달불가, 반반/오뎅불가)",false,https://ldb-phinf.pstatic.net/20241126_87/173258037803299CgF_JPEG/%C0%CF%B9%DD%B8%DE%C0%CE_%BF%B1%B1%E2%B6%B1%BA%BA%C0%CC2%C0%CE.jpg
1454815736,10,엽기밀키트(오리지널/착한맛),9000,9000,9000,언제 어디서든 간편하게!,false,https://ldb-phinf.pstatic.net/20240723_32/17216907112113KhgW_JPEG/6_%BF%B1%B1%E2-%BF%C0%B8%AE%C1%F6%B3%CE%2C-%C2%F8%C7%D1%B8%C0.jpg
1454815736,11,로제밀키트(오리지널/착한맛),11000,11000,11000,이제 로제도 밀키트로!,false,https://ldb-phinf.pstatic.net/20240723_238/1721690752319lGkEz_JPEG/5_%B7%CE%C1%A6-%BF%C0%B8%AE%C1%F6%B3%CE%2C-%C2%F8%C7%D1%B8%C0.jpg
1454815736,12,실속세트,17500,17500,17500,떡볶이+주먹김밥+모둠튀김,false,https://ldb-phinf.pstatic.net/20241126_233/1732580431487OXhF2_JPEG/%BD%C7%BC%D3%BC%BC%C6%AE.jpg
1454815736,13,베스트세트,20000,20000,20000,떡볶이+주먹김밥+모둠튀김+중국당면,false,https://ldb-phinf.pstatic.net/20241126_129/1732580444893PqCH0_JPEG/%BA%A3%BD%BA%C6%AE%BC%BC%C6%AE.jpg
1454815736,14,스페셜세트,25000,25000,25000,떡볶이+주먹김밥+모둠튀김+중국당면+엽봉,false,https://ldb-phinf.pstatic.net/20241126_20/1732580458900krG87_JPEG/%BD%BA%C6%E4%BC%C8%BC%BC%C6%AE.jpg
1454815736,15,숯불닭발세트,18500,18500,18500,숯불닭발메뉴(통뼈/무뼈 중 택1) + 주먹김밥 + 계란찜,false,https://ldb-phinf.pstatic.net/20260224_33/1771889378714wCWGy_JPEG/%BD%A1%BA%D2%C5%EB%BB%C0%B4%DF%B9%DF%BC%BC%C6%AE.jpg
1454815736,16,국물닭발세트,19500,19500,19500,국물닭발메뉴(통뼈/무뼈 중 택1) + 주먹김밥 + 계란찜,false,https://ldb-phinf.pstatic.net/20260224_269/1771889403129aYq9V_JPEG/%B1%B9%B9%B0%C5%EB%BB%C0%B4%DF%B9%DF%BC%BC%C6%AE.jpg
1454815736,17,참치마요밥,3500,3500,3500,매운 떡볶이와 찰떡 궁합!,false,https://ldb-phinf.pstatic.net/20241126_4/1732580493741WNmKK_JPEG/%C0%CF%B9%DD_%BB%E7%C0%CC%B5%E5_%C2%FC%C4%A1%B8%B6%BF%E4%B9%E4.jpg
1454815736,18,주먹김밥(셀프),2000,2000,2000,,false,https://ldb-phinf.pstatic.net/20241126_71/1732580506891pyVlH_JPEG/%C0%CF%B9%DD_%BB%E7%C0%CC%B5%E5_%C1%D6%B8%D4%B1%E8%B9%E4%28%BC%BF%C7%C1%29.jpg
1454815736,19,계란찜,2000,2000,2000,,false,https://ldb-phinf.pstatic.net/20241126_161/1732580517516eceqV_JPEG/%C0%CF%B9%DD_%BB%E7%C0%CC%B5%E5_%B0%E8%B6%F5%C2%F2.jpg
1454815736,20,계란야채죽,5000,5000,5000,,false,https://ldb-phinf.pstatic.net/20241126_40/1732580531044ljAOw_JPEG/%C0%CF%B9%DD_%BB%E7%C0%CC%B5%E5_%B0%E8%B6%F5_%BE%DF%C3%A4%C1%D7.jpg
1454815736,21,순대 (300g),3000,3000,3000,"내장(간, 허파 등) 없이 오로지 순대만!",false,https://ldb-phinf.pstatic.net/20241126_163/1732580541938LYvSI_JPEG/%C0%CF%B9%DD_%BB%E7%C0%CC%B5%E5_%BC%F8%B4%EB.jpg
1454815736,22,오뎅튀김(15개),2000,2000,2000,,false,https://ldb-phinf.pstatic.net/20241126_74/1732580557046K1TP7_JPEG/%C0%CF%B9%DD_%BB%E7%C0%CC%B5%E5_%BF%C0%B5%AD%C6%A2%B1%E8.jpg
1454815736,23,모둠튀김,2000,2000,2000,야채튀김 1 + 김말이 1 + 만두 2,false,https://ldb-phinf.pstatic.net/20241126_116/1732580580937CaVDt_JPEG/%C0%CF%B9%DD_%BB%E7%C0%CC%B5%E5_%B8%F0%B5%D2%C6%A2%B1%E8.jpg
1454815736,24,만두 (4개),2000,2000,2000,,false,https://ldb-phinf.pstatic.net/20241126_178/1732580595476S8K1g_JPEG/%C0%CF%B9%DD_%BB%E7%C0%CC%B5%E5_%B8%B8%B5%CE.jpg
1454815736,25,김말이 (3개),2000,2000,2000,,false,https://ldb-phinf.pstatic.net/20241126_125/1732580611376fhC4V_JPEG/%C0%CF%B9%DD_%BB%E7%C0%CC%B5%E5_%B1%E8%B8%BB%C0%CC.jpg
1454815736,26,야채튀김 (1개),1000,1000,1000,,false,https://ldb-phinf.pstatic.net/20241126_2/1732580623728EsFk5_JPEG/%C0%CF%B9%DD_%BB%E7%C0%CC%B5%E5_%BE%DF%C3%A4%C6%A2%B1%E8.jpg
1454815736,27,꿔바로우(5개),5900,5900,5900,,false,https://ldb-phinf.pstatic.net/20241126_189/173258063311370MKY_JPEG/%C0%CF%B9%DD_%BB%E7%C0%CC%B5%E5_%B2%E3%B9%D9%B7%CE%BF%EC.jpg
1454815736,28,엽봉(5개),5000,5000,5000,,false,https://ldb-phinf.pstatic.net/20241126_23/1732580658050wD3c4_JPEG/%C0%CF%B9%DD%BB%E7%C0%CC%B5%E5_%BF%B1%BA%C0.jpg
1454815736,29,바삭치즈만두 (7개),2000,2000,2000,,false,https://ldb-phinf.pstatic.net/20241126_184/1732580666868x2fTd_JPEG/%C0%CF%B9%DD_%BB%E7%C0%CC%B5%E5_%B9%D9%BB%E8%C4%A1%C1%EE%B8%B8%B5%CE.jpg
1454815736,30,엽도그,2000,2000,2000,,false,https://ldb-phinf.pstatic.net/20241126_46/1732580679224AEbAW_JPEG/%C0%CF%B9%DD_%BB%E7%C0%CC%B5%E5_%BF%B1%B5%B5%B1%D7.jpg
1454815736,31,감자채튀김,2500,2500,2500,,false,https://ldb-phinf.pstatic.net/20241126_1/1732580982810ePzS1_JPEG/%C0%CF%B9%DD_%BB%E7%C0%CC%B5%E5_%B0%A8%C0%DA%C3%A4%C6%A2%B1%E8_%BD%C3%C1%EE%B4%D7.jpg
1454815736,32,엽기시즈닝(버터갈릭맛),300,300,300,,false,https://ldb-phinf.pstatic.net/20241126_31/1732581010042o8fjt_JPEG/%C0%CF%B9%DD_%BB%E7%C0%CC%B5%E5_%BF%B1%B1%E2%BD%C3%C1%EE%B4%D7%28%B9%F6%C5%CD%B0%A5%B8%AF%B8%C0%29.jpg
1454815736,33,엽기핫불소스,700,700,700,,false,https://ldb-phinf.pstatic.net/20260224_210/1771889355853jCbJ8_JPEG/%BF%B1%B1%E2%C7%D6%BA%D2%BC%D2%BD%BA.jpg
1454815736,34,공기밥,1000,1000,1000,,false,https://ldb-phinf.pstatic.net/20241126_2/1732580687653s3MYJ_JPEG/%C0%CF%B9%DD_%BB%E7%C0%CC%B5%E5_%B0%F8%B1%EA%B9%E4.jpg
1454815736,35,떡추가,1000,1000,1000,,false,https://ldb-phinf.pstatic.net/20241126_45/1732580707718jxrtT_JPEG/%C0%CF%B9%DD_%B6%B1%C3%DF%B0%A1.jpg
1454815736,36,오뎅 추가,1000,1000,1000,,false,https://ldb-phinf.pstatic.net/20250722_227/1753153371081eTWOM_JPEG/%BF%C0%B5%AD_%C3%F8%B8%E9_%BC%F6%C1%A42.jpg
1454815736,37,양배추,1000,1000,1000,,false,https://ldb-phinf.pstatic.net/20250723_239/1753225510952MfYo9_JPEG/%BE%E7%B9%E8%C3%DF_%C3%F8%B8%E9.jpg
1454815736,38,대파,1000,1000,1000,,false,https://ldb-phinf.pstatic.net/20250723_84/1753225500689GvHdU_JPEG/%B4%EB%C6%C4_%C3%F8%B8%E9.jpg
1454815736,39,우삼겹,3000,3000,3000,,false,https://ldb-phinf.pstatic.net/20241126_24/17325807388383Hdal_JPEG/%C0%CF%B9%DD_%BF%EC%BB%EF%B0%E3.jpg
1454815736,40,통유부(4개),1000,1000,1000,,false,https://ldb-phinf.pstatic.net/20241126_35/173258075061678a99_JPEG/%C0%CF%B9%DD_%C5%EB%C0%AF%BA%CE.jpg
1454815736,41,퐁당치즈만두 (7개),2000,2000,2000,,false,https://ldb-phinf.pstatic.net/20241126_168/1732580762233acOlV_JPEG/%C0%CF%B9%DD_%C6%FE%B4%E7%C4%A1%C1%EE%B8%B8%B5%CE.jpg
1454815736,42,중국당면,2500,2500,2500,,false,https://ldb-phinf.pstatic.net/20241126_163/1732580775622Eoejn_JPEG/%C0%CF%B9%DD_%C1%DF%B1%B9%B4%E7%B8%E9.jpg
1454815736,43,분모자,2500,2500,2500,,false,https://ldb-phinf.pstatic.net/20241126_65/17325807876895AKvG_JPEG/%C0%CF%B9%DD_%BA%D0%B8%F0%C0%DA.jpg
1454815736,44,모짜치즈,3000,3000,3000,,false,https://ldb-phinf.pstatic.net/20241126_134/1732580801430PI8Wh_JPEG/%C0%CF%B9%DD_%B8%F0%C2%A5%C4%A1%C1%EE.jpg
1454815736,45,콘마요,2500,2500,2500,,false,https://ldb-phinf.pstatic.net/20241126_79/1732580816360l24Qk_JPEG/%C0%CF%B9%DD_%C4%DC%B8%B6%BF%E4.jpg
1454815736,46,햄,1000,1000,1000,,false,https://ldb-phinf.pstatic.net/20241126_125/1732580828237RMHwh_JPEG/%C0%CF%B9%DD_%C7%DC.jpg
1454815736,47,베이컨,3000,3000,3000,,false,https://ldb-phinf.pstatic.net/20241126_127/1732580840602fuahV_JPEG/%C0%CF%B9%DD_%BA%A3%C0%CC%C4%C1.jpg
1454815736,48,계란 (2개),1500,1500,1500,,false,https://ldb-phinf.pstatic.net/20241126_56/1732580851957Vvn67_JPEG/%C0%CF%B9%DD_%B0%E8%B6%F5.jpg
1454815736,49,메추리알 (5개),1000,1000,1000,,false,https://ldb-phinf.pstatic.net/20241126_191/1732580864768DNWqL_JPEG/%C0%CF%B9%DD_%B8%DE%C3%DF%B8%AE%BE%CB.jpg
1454815736,50,우동사리,2000,2000,2000,,false,https://ldb-phinf.pstatic.net/20241126_23/17325808823958KM7L_JPEG/%C0%CF%B9%DD_%BF%EC%B5%BF%BB%E7%B8%AE.jpg
1454815736,51,당면사리,2000,2000,2000,,false,https://ldb-phinf.pstatic.net/20241126_207/1732580894992Qg6LU_JPEG/%C0%CF%B9%DD_%B4%E7%B8%E9%BB%E7%B8%AE.jpg
1457005752,0,치즈닭갈비,18000,18000,18000,,false,https://ldb-phinf.pstatic.net/20220614_168/1655195953098VeJqG_JPEG/%C4%A1%C1%EE%B4%DF%B0%A5%BA%F1_02.jpg
1457005752,1,닭갈비,15000,15000,15000,1인분,false,https://ldb-phinf.pstatic.net/20220614_204/1655195904017ghNMi_JPEG/%B4%DF%B0%A5%BA%F1_02.jpg
1457551180,0,마라탕,9000,9000,9000,"특선으로 미리만들어 놓은 마라탕입니다.
선택하여 골라서도 가능합니다.",false,https://ldb-phinf.pstatic.net/20220217_49/1645084799483htUq6_JPEG/%B8%B6%B6%F3%C5%C1.jpg
1457551180,1,마라샹궈,15000,15000,15000,마라샹궈 기본가격으로 고기추가하셔도되고 별도로 초이스 하셔도 됩니다.,true,https://ldb-phinf.pstatic.net/20220217_172/16450848090142zuRv_JPEG/%B8%B6%B6%F3%BC%A7%B1%C5.jpg
1457551180,2,마라반,11000,11000,11000,탕대신 비빔으로 만든것으로 기본이며 별도초이스도 가능합니다.,false,https://ldb-phinf.pstatic.net/20220217_9/1645084831829ENlhd_JPEG/%B8%B6%B6%F3%B9%DD.jpg
1457551180,3,꿔바로우,12000,12000,12000,꿔바로우 (소)자 입니다. 두분이서 충분한양입니다. 맛 보장합니다.,false,https://ldb-phinf.pstatic.net/20231115_51/1700045606064al0iM_JPEG/20231115_181807.jpg
1457551180,4,양저우볶음밥,9000,9000,9000,볶음밥의 신세계를 경험하실겁니다.,false,https://ldb-phinf.pstatic.net/20220217_151/1645084845322eMcBV_JPEG/%BE%E7%C0%FA%BF%EC%BA%BA%C0%BD%B9%E4.jpg
1459038826,0,곰탕,11000,11000,11000,,false,
1459038826,1,특곰탕,14000,14000,14000,,false,
1459038826,2,북엇국,8000,8000,8000,,false,
1459038826,3,접시만두,8000,8000,8000,,false,
1459038826,4,만둣국,8000,8000,8000,,false,
1459038826,5,수육,30000,30000,30000,,false,
1474129285,0,계란집 오므라이스,9500,9500,9500,부드러운 계란속에 소고기볶음밥을 채운 뒤 데미그라스 소스를 뿌려낸 기본 오므라이스,false,https://ldb-phinf.pstatic.net/20210227_245/1614410332129Tj445_JPEG/z51JvfJRxZ21ieRBrj9Pb6HK.jpg
1474129285,1,더블치즈 오므라이스,10500,10500,10500,모짜치즈와 체다치즈를 곁들여 풍미를 더한 부드러운 오므라이스,false,https://ldb-phinf.pstatic.net/20210227_286/1614410348836TIpKn_JPEG/D0UVty1U3CaXYVLMOC2o-weF.jpg
1474129285,2,스팸치즈 오므라이스,11500,11500,11500,두툼한 구운스팸이 통으로 올라간 오므라이스,false,https://ldb-phinf.pstatic.net/20210227_256/1614410558012BN6JQ_JPEG/qiDL_J02EZLIFL0qm2RRmIgG.jpg
1474129285,3,칠리미트 오므라이스,11500,11500,11500,다진고기와 각종채소를 매콤하게 볶아낸 칠리미트가 올라간 오므라이스,false,https://ldb-phinf.pstatic.net/20210227_123/1614410603480Xavz5_JPEG/rBGSpztfIQHr_4LeiyiFgS83.jpg
1474129285,4,칠리미트 오믈렛,11500,11500,11500,칠리미트로 속을 채운뒤 체다치즈와 렌치소스를 뿌려낸 오믈렛,false,https://ldb-phinf.pstatic.net/20210227_247/16144107203873SaQI_JPEG/YLFOGTA77QzxxDc3u2CxuU2u.jpg
1474129285,5,쉬림프가든 오믈렛,11800,11800,11800,"렌틸콩, 병아리콩, 옥수수로 속을 채운 뒤 발사믹크림과 렌치소스를 뿌려낸 오믈렛",false,https://ldb-phinf.pstatic.net/20210227_179/1614410859163pBiSP_JPEG/hNSZfwdI0rzsyhnJuUEZIfJD.jpg
1474129285,6,콤비네이션 오믈렛,11800,11800,11800,"매콤한 칠리미트와 모짜치즈, 옥수수로 속을 채운 뒤 체다치즈와 렌치소스를 뿌려낸 오믈렛",false,https://ldb-phinf.pstatic.net/20210227_13/161441087314259JPw_JPEG/frPU8hYUre4ZZ7SAd5evpznj.jpg
1483551001,0,간사이덴뿌라우동,10000,10000,10000,간사이 테레 수제 소스에 우동과 새우 2pc,false,https://ldb-phinf.pstatic.net/20231126_226/170099831638982GJE_JPEG/ajj.jpg
1483551001,1,돈카츠카레우동,10000,10000,10000,숙성된 카레와 간사이우동면에 일식으로 튀겨낸 돈까스,false,https://ldb-phinf.pstatic.net/20231126_203/17009982726415v2wl_JPEG/a.jpg
1483551001,2,애비카레우동,10000,10000,10000,숙성된 카레와 간사이우동면에 새우2pc,false,https://ldb-phinf.pstatic.net/20231126_212/1700998205831Ks73u_JPEG/88.jpg
1483551001,3,에비카레,10000,10000,10000,일식숙성카레와 일식으로 튀겨낸 새우 2pc,false,https://ldb-phinf.pstatic.net/20231126_126/1700998081612mTaFO_JPEG/ewer.jpg
1483551001,4,가라아게 카레,10000,10000,10000,일식숙성카레와 수제 가라아게,false,https://ldb-phinf.pstatic.net/20231126_114/1700997932979tOO90_JPEG/r.jpg
1483551001,5,가츠 카레,10000,10000,10000,일식숙성카레와 수제 돈까스,false,https://ldb-phinf.pstatic.net/20231126_11/1700997847194OfD2c_JPEG/3345.jpg
1483551001,6,사케동(더블),14000,14000,14000,국산 백미 + 생연어 10pc,false,https://ldb-phinf.pstatic.net/20231126_54/1700997679243jb1VK_JPEG/20210803_191424.jpg
1483551001,7,사케동,11000,11000,11000,국산 백미 + 생연어 7pc,false,https://ldb-phinf.pstatic.net/20231126_97/17009975004878iRNt_JPEG/20210723_181327.jpg
1483551001,8,치라시마,11000,11000,11000,부채살 120g + 생연어 3pc,false,https://ldb-phinf.pstatic.net/20231126_166/1700997197310wPvqi_JPEG/%C4%A1%B6%F3%BD%C3%B8%B6.jpg
1483551001,9,풍미구이동(더블),13000,13000,13000,삼겹살 180g을 키친쥰 특제 소스로 조리.,false,https://ldb-phinf.pstatic.net/20231126_139/1700997152477sIlae_JPEG/33.jpg
1483551001,10,스테이크동(더불),14000,14000,14000,부채살 180g을 키친쥰 특제 소스로 조리.,false,https://ldb-phinf.pstatic.net/20231126_293/1700997108597XrMXU_JPEG/22.jpg
1483551001,11,풍미구이동,10000,10000,10000,삼겹살 150g을 키친쥰 특제 소스로 조리.,false,https://ldb-phinf.pstatic.net/20231126_59/1700996650842gQgjA_JPEG/16107044288517.jpg
1483551001,12,스테이크동,11000,11000,11000,부채살 150g을 키친쥰 특제 소스로 조리.,false,https://ldb-phinf.pstatic.net/20231126_267/17009965513589O6V1_JPEG/1610704428857.jpg
1494664120,0,아메리칸치즈,6900,6900,6900,,false,
1494664120,1,베이컨치즈,7900,7900,7900,,false,
1494664120,2,치킨스테이크,8500,8500,8500,,false,
1494664120,3,베이컨 치즈버거,10800,10800,10800,"셋트메뉴 + 4,000원",false,https://ldb-phinf.pstatic.net/20250317_60/1742186814893QWipQ_JPEG/%BA%A3%C0%CC%C4%C1_%C4%A1%C1%EE%B9%F6%B0%C5.jpg
1494664120,4,레드킹 베이컨 치즈버거,11000,11000,11000,"셋트메뉴 + 4,000원",false,https://ldb-phinf.pstatic.net/20250317_19/17421868471067A2RM_PNG/KakaoTalk_20250313_180438290_22.png
1494664120,5,하와이안버거,11800,11800,11800,"셋트메뉴 + 4,000원",false,https://ldb-phinf.pstatic.net/20250317_83/1742186983505tahpv_PNG/KakaoTalk_20250313_180438290_21.png
1494664120,6,트러플머쉬룸버거,12800,12800,12800,"셋트메뉴 + 4,000원",false,https://ldb-phinf.pstatic.net/20250317_27/17421870559414rexk_JPEG/%B8%D3%BD%AC%B7%EB.jpg
1494664120,7,해쉬브라운버거,12500,12500,12500,"셋트메뉴 + 4,000원",false,https://ldb-phinf.pstatic.net/20250317_179/1742186798748oPSLm_JPEG/%C7%D8%BD%AC%BA%EA%B6%F3%BF%EE%B9%F6%B0%C5.jpg
1494664120,8,통쉬림프 버거,12800,12800,12800,"셋트메뉴 + 4,000원",false,https://ldb-phinf.pstatic.net/20250317_149/1742186951976gdEqL_PNG/KakaoTalk_20250313_180438290_18.png
1494664120,9,미트칠리버거,12800,12800,12800,"셋트메뉴 + 4,000원",false,https://ldb-phinf.pstatic.net/20250317_201/1742186873609rqL42_PNG/KakaoTalk_20250313_180438290_14.png
1494664120,10,내슈빌 치킨버거,12900,12900,12900,"셋트메뉴 + 4,000원",false,https://ldb-phinf.pstatic.net/20250317_98/1742186967189fKc8e_PNG/KakaoTalk_20250313_180438290_20.png
1494664120,11,비프앤핫치킨 스테이크버거,18500,18500,18500,,false,https://ldb-phinf.pstatic.net/20250317_23/1742186915568UEGSo_PNG/KakaoTalk_20250313_180438290_17.png
1494664120,12,순살가라아게,5000,5000,5000,,false,https://ldb-phinf.pstatic.net/20250317_284/1742187236044dUckc_PNG/KakaoTalk_20250313_180438290_04.png
1494664120,13,어니언링,4000,4000,4000,,false,https://ldb-phinf.pstatic.net/20250317_281/1742187221001WNAEL_PNG/KakaoTalk_20250313_180438290_01.png
1494664120,14,버팔로윙봉,8800,8800,8800,,false,https://ldb-phinf.pstatic.net/20250317_56/17421872081942Slzg_PNG/KakaoTalk_20250313_180438290_05.png
1494664120,15,갈릭버터 감자튀김,5500,5500,5500,,false,https://ldb-phinf.pstatic.net/20250317_132/1742187175594fjjGH_PNG/KakaoTalk_20250313_180438290_10.png
1494664120,16,오리지널 감자튀김,4500,4500,4500,,false,https://ldb-phinf.pstatic.net/20250317_120/1742187149788cyLXG_PNG/KakaoTalk_20250313_180438290_12.png
1494664120,17,치즈 감자튀김,5500,5500,5500,,false,https://ldb-phinf.pstatic.net/20250317_8/1742187164944d7WWF_PNG/KakaoTalk_20250313_180438290_11.png
1494664120,18,케이준 감자튀김,5000,5000,5000,,false,https://ldb-phinf.pstatic.net/20250317_105/1742187183644dwoNH_PNG/KakaoTalk_20250313_180438290_09.png
1495413009,0,보쌈정식,11000,11000,11000,"가성비 짱!!
콩나물국도 별미!!",true,https://ldb-phinf.pstatic.net/20251126_207/17641207715811zv18_JPEG/1000021793.jpg
1495413009,1,김치찌게,11000,11000,11000,묵은지 김치로 만든 별미음식,true,https://ldb-phinf.pstatic.net/20251126_51/1764120830326PM8tf_JPEG/1000021795.jpg
1495413009,2,돼지수육국밥,12000,12000,12000,부드러운 수육을 푹 고아서 만든 육수국물과 함께 드실수 있는 겨울을 이길수 있는 음식입니다,true,https://ldb-phinf.pstatic.net/20251207_21/1765085201610cqezQ_JPEG/1000022003.jpg
1495413009,3,매콤수육덮밥,14000,14000,14000,보쌈고기를 양념과 함께 직화로 제공하는 별미음식입니다,true,https://ldb-phinf.pstatic.net/20251126_138/1764120884565SLnWl_JPEG/1000021801.jpg
1495413009,4,명품비빔국수,12000,12000,12000,"비빔국수의 최고봉, 맛없으면 돈안받습니다
국수위에 보쌈고기도 듬뿍 올려드립니다",true,https://ldb-phinf.pstatic.net/20260521_53/1779359910243mbXMl_JPEG/1000025593.jpg
1495413009,5,물밀면,12000,12000,12000,"부산밀면의 맛을 그대로 경험할수 있습니다
맛보기 보쌈도 함께 드립니다",false,https://ldb-phinf.pstatic.net/20260423_203/1776907306692YlDBb_JPEG/1000025078.jpg
1495413009,6,회비빔밀면,14000,14000,14000,,false,
1495413009,7,비빔밀면,13000,13000,13000,,false,
1495413009,8,미역국밥,10000,10000,10000,,false,https://ldb-phinf.pstatic.net/20260211_18/1770787739840C2nfO_JPEG/1000023031.jpg
1495413009,9,김치찌게전골,50000,50000,50000,숙성된 김치로 아침에 갓도착한 국산돼지생고기로 만든 것으로 판교테크로에서 소문난 음식입니다,false,
1495413009,10,안주용 보쌈,60000,60000,60000,4명정도가 술안주용으로 함께 드실수 있는 보쌈고기 김치찌게가 서비스로 나갑니다,false,
1495413009,11,골뱅이무침,25000,25000,25000,자연산 유동골뱅이와 양배추 기타 앙념으로 무쳐 만든 술안주용으로 최고입니다,false,
1495413009,12,수육추가(100g),7000,7000,7000,,false,
1495413009,13,보쌈김치추가,3000,3000,3000,,false,
1495413009,14,콜라/사이다,2000,2000,2000,,false,
1497736880,0,우대갈비 한판[2~3인],129000,129000,129000,우대갈비1대 + 양념우대갈비1대 + 김치삼겹찜 + 소갈비살 된장찌개 [공기밥별도],true,https://ldb-phinf.pstatic.net/20241019_101/1729315563261AOCyD_JPEG/KakaoTalk_20241017_093900408.jpg
1497736880,1,방이옥 한판[2~3인],89000,89000,89000,우대갈비1대 + 삼겹살 + 목살 + 김치찜 or 된장찌개 [공기밥 별도],true,https://ldb-phinf.pstatic.net/20241016_274/17290314413756BcJq_JPEG/%B9%E6%C0%CC%BF%C1new_%C7%D1%C6%C7.jpg
1497736880,2,방이옥 돈판 [2~3인],66000,66000,66000,삼겹살 + 목살 + 돈마호크 + 김치찜 or 된장찌개 [공기밥 별도],true,https://ldb-phinf.pstatic.net/20241016_270/17290319829172NEpt_JPEG/%B9%E6%C0%CC%BF%C1new_%B5%B7%C6%C7.jpg
1497736880,3,우대갈비 [1대],66000,66000,66000,[뼈포함±660g] [ 후라이드or 숯불-초벌방식 선택],true,https://ldb-phinf.pstatic.net/20241019_9/1729315780787CgXMJ_JPEG/KakaoTalk_20241017_093900408_05.jpg
1497736880,4,양념 우대갈비 [1대],66000,66000,66000,[뼈포함±660g] [ 숯불초벌방식으로만 제공됩니다.],true,https://ldb-phinf.pstatic.net/20241019_151/1729315832373o1kxp_JPEG/KakaoTalk_20241017_093900408_05.jpg
1497736880,5,삼겹살[1인],16000,16000,16000,[180g] 2인부터 주문가능/추가시 1인 주문가능 [ 후라이드or 숯불-초벌방식 선택],false,https://ldb-phinf.pstatic.net/20241019_6/17293156429098l0Xa_JPEG/KakaoTalk_20241017_093900408_04.jpg
1497736880,6,목살[1인],16000,16000,16000,[180g] 2인부터 주문가능/추가시 1인 주문가능 [ 후라이드or 숯불-초벌방식 선택],false,https://ldb-phinf.pstatic.net/20241019_300/17293157132994HH9D_JPEG/KakaoTalk_20241017_093900408_03.jpg
1497736880,7,돈마호크 [1대],32000,32000,32000,[360g] [ 후라이드or 숯불-초벌방식 선택],false,https://ldb-phinf.pstatic.net/20241019_220/1729315733128T4f1A_JPEG/KakaoTalk_20241017_093900408_01.jpg
1497736880,8,숙성항정살[1인],18000,18000,18000,[150g] 2인부터 주문가능/추가시 1인 주문가능 [ 후라이드or 숯불-초벌방식 선택],false,https://ldb-phinf.pstatic.net/20250627_103/17509848105677cp1z_JPEG/1000035861.jpg
1497736880,9,황제꽃갈비살 [1인],18000,18000,18000,[130g] 2인부터 주문가능/추가시 1인 주문가능,false,https://ldb-phinf.pstatic.net/20241019_179/1729315386617lwfyS_JPEG/%C8%B2%C1%A6%B2%C9%B0%A5%BA%F1%BB%EC.jpg
1497736880,10,한우 육회 (200g),28000,28000,28000,[ 단품 200g ] 최고급 한우를 엄선하여 특제소스로 버무려 부드럽고 고소합니다.,false,https://ldb-phinf.pstatic.net/20241025_19/17297996820308gWTq_JPEG/%C7%D1%BF%EC%C0%B0%C8%B8.jpg
1497736880,11,육전,18000,18000,18000,[ 단품 200g ] 엄선된 소고기를 얇게 썰어 부쳐내 남녀노소 누구나즐길수 있습니다.,false,https://ldb-phinf.pstatic.net/20241025_118/1729799709653rwxf4_JPEG/%C0%B0%C0%FC.jpg
1497736880,12,벌집양념껍데기,8000,8000,8000,[ 단품 150g ] 프리미엄 암돼지 껍데기를 특제소스 숙성시킨 후 구워낸 별미메뉴,false,https://ldb-phinf.pstatic.net/20241025_239/1729799768027HspAq_JPEG/%BE%E7%B3%E4%B2%AE%B5%A5%B1%E2.jpg
1497736880,13,된장술밥,10000,10000,10000,한국인은 밥심 마지막으로 된장술밥,false,https://ldb-phinf.pstatic.net/20250627_137/17509848428193fU4O_JPEG/1000035929.jpg
1497736880,14,[점심특선] 삼겹살 정식(1인),15000,15000,15000,[11시~2시 / 2인 부터 주문가능] 삼겹살(150g)+쌈야채+소갈비살 된장찌개+공기밥,false,https://ldb-phinf.pstatic.net/20241025_137/1729792768349PMtym_JPEG/20241025_025911.jpg
1497736880,15,[점심특선]연탄 간장불고기(1인),11000,11000,11000,[11시~2시/2인 부터 주문가능] 간장불고기(150g)+쌈야채+소갈비살 된장찌개+공기밥,false,https://ldb-phinf.pstatic.net/20241025_137/1729793091806C6f9Y_JPEG/%B0%A3%C0%E5%BA%D2%B0%ED%B1%E2%BA%BA%C0%BD2.jpg
1497736880,16,[점심특선]연탄 고추장불고기 (1인),11000,11000,11000,[11시~2시/2인부터 주문가능] 고추장불고기(150g)+쌈야채+소갈비살 된장찌개+공기밥,false,https://ldb-phinf.pstatic.net/20241025_251/17297930381724iRgG_JPEG/%C1%A6%C0%B0%BA%BA%C0%BD4.jpg
1497736880,17,[점심특선] 육회 비빔밥(1인),13000,13000,13000,[11시~2시] 특제소스로 버무린 육회를 신선한 재료들과 함께 비벼먹는 육회비빔밥입니다.,false,https://ldb-phinf.pstatic.net/20241025_271/1729793851098c0xkR_JPEG/20241025_031424.jpg
1497736880,18,[점심특선] 뚝배기 김치찜 (1인),10000,10000,10000,[11시~2시]매콤 칼칼~ 맛있게 끓인 김치찜 국물에 밥 비벼 먹으면 맛있습니다,false,https://ldb-phinf.pstatic.net/20241025_248/1729793277226mHKbQ_JPEG/20241025_030744.jpg
1509063821,0,짜장면,8000,8000,8000,,false,https://ldb-phinf.pstatic.net/20200818_143/1597717515237JFIw9_JPEG/yz-NSsfh9-a8gM11vPOj7STj.jpeg.jpg
1509063821,1,짬뽕,10000,10000,10000,,false,
1509063821,2,해물야채볶음밥,10000,10000,10000,,false,https://ldb-phinf.pstatic.net/20200818_141/1597717493635njExm_JPEG/PmChmJIY9d3sZv8Qr7rk1GXt.jpeg.jpg
1509063821,3,차돌짬뽕,13000,13000,13000,,true,https://ldb-phinf.pstatic.net/20200818_218/1597717475414Iz6a4_JPEG/J4-jS7BG0A-hM59tYvX-7dIx.jpeg.jpg
1509063821,4,냉짬뽕,13000,13000,13000,,false,
1509063821,5,찹쌀탕수육,25000,25000,25000,,true,https://ldb-phinf.pstatic.net/20200818_212/1597717704717rltLQ_JPEG/fP4CpnJxhvQ2JhHU0uwF_NH-.jpeg.jpg
1509063821,6,유린기,28000,28000,28000,,false,https://ldb-phinf.pstatic.net/20200818_142/1597717763719wTC5x_JPEG/ZNbaAp7eZ5Wg8zuTPIRnxq4W.jpeg.jpg
1509063821,7,멘보샤,23000,23000,23000,,false,https://ldb-phinf.pstatic.net/20200818_46/1597717792217Rcco9_JPEG/XyYDVHY6qXpDQoqXFyCgvIuy.jpeg.jpg
1509063821,8,어향동고,30000,30000,30000,,false,https://ldb-phinf.pstatic.net/20200818_145/1597717822452V6OYz_JPEG/rT46eEkTPDHQ3XEZnMF1mSoR.jpeg.jpg
1511864306,0,hot 숯불시카고 소스,500,500,500,,false,
1511864306,1,땅콩소스,500,500,500,,false,
1511864306,2,타르타르 소스,500,500,500,,false,
1511864306,3,청양마요 소스,500,500,500,,false,
1511864306,4,펩시제로 500ml,2000,2000,2000,,false,
1511864306,5,펩시콜라 500ml,2000,2000,2000,,false,
1511864306,6,야채튀김 (3ps),3500,3500,3500,,false,
1511864306,7,치킨텐더튀김 (2ps),3500,3500,3500,,false,https://ldb-phinf.pstatic.net/20240306_21/1709709979945ucOp7_JPEG/%C4%A1%C5%B2%C5%D9%B4%F5%C6%A2%B1%E8.jpg
1511864306,8,통새우튀김 (3ps),3500,3500,3500,,false,https://ldb-phinf.pstatic.net/20240306_298/1709709954454Atul8_JPEG/%C5%EB%BB%F5%BF%EC%C6%A2%B1%E8.jpg
1511864306,9,고추튀김 (3ps),3500,3500,3500,,false,https://ldb-phinf.pstatic.net/20240306_103/1709709923169mI9hq_JPEG/%B0%ED%C3%DF%C6%A2%B1%E8.jpg
1511864306,10,현미 떡볶이,8500,8500,8500,,false,https://ldb-phinf.pstatic.net/20240810_288/1723276445701tW3Ee_JPEG/%B6%B1%BA%BA%C0%CC.jpg
1511864306,11,통새우 김밥,5900,5900,5900,,false,https://ldb-phinf.pstatic.net/20240810_4/1723276511858kiKvx_JPEG/%C5%EB%BB%F5%BF%EC%B1%E8%B9%E4.jpg
1511864306,12,치킨텐더 김밥,5900,5900,5900,,false,https://ldb-phinf.pstatic.net/20240810_280/1723276521084bbIc9_JPEG/%C4%A1%C5%B2%C5%D9%B4%F5%B1%E8%B9%E4.jpg
1511864306,13,참치마요 김밥,5900,5900,5900,,false,https://ldb-phinf.pstatic.net/20240810_48/1723276531579FcMAK_JPEG/%C2%FC%C4%A1%B8%B6%BF%E4%B1%E8%B9%E4.jpg
1511864306,14,소불고기 김밥,5900,5900,5900,,false,https://ldb-phinf.pstatic.net/20240306_105/17097076696322pQgK_JPEG/%BC%D2%BA%D2%B0%ED%B1%E2_%B1%E8%B9%E4.jpg
1511864306,15,우엉김밥,4900,4900,4900,,false,https://ldb-phinf.pstatic.net/20240810_99/1723276541981V4H57_JPEG/%BF%EC%BE%FB%B1%E8%B9%E4.jpg
1511864306,16,소불고기 키토김밥,7900,7900,7900,,false,https://ldb-phinf.pstatic.net/20240306_252/1709707545564sJg9l_JPEG/%BC%D2%BA%D2%B0%ED%B1%E2_%C5%B0%C5%E4%B1%E8%B9%E4.jpg
1511864306,17,참치마요 키토김밥,7900,7900,7900,,false,https://ldb-phinf.pstatic.net/20240810_140/17232765667483SBmi_JPEG/%C2%FC%C4%A1%B8%B6%BF%E4%C5%B0%C5%E4.jpg
1511864306,18,치킨텐더 키토김밥,7900,7900,7900,,false,https://ldb-phinf.pstatic.net/20240810_49/1723276576086n3t3H_JPEG/%C4%A1%C5%B2%C5%D9%B4%F5%C5%B0%C5%E4.jpg
1511864306,19,통새우 키토김밥,7900,7900,7900,,false,https://ldb-phinf.pstatic.net/20240810_261/1723276585765TsLL0_JPEG/%C5%EB%BB%F5%BF%EC%C5%B0%C5%E4.jpg
1511864306,20,기본 키토김밥,6900,6900,6900,,false,https://ldb-phinf.pstatic.net/20240306_130/170970735200522ROB_JPEG/%B1%E2%BA%BB_%C5%B0%C5%E4%B1%E8%B9%E4.jpg
1524160577,0,제육/돼지불백 쌈밥정식,11000,11000,11000,,false,
1524160577,1,육회비빔밥,10000,10000,10000,,false,
1524160577,2,냉면,10000,10000,10000,,false,
1524160577,3,한돈생고기,9000,9000,9000,,false,https://ldb-phinf.pstatic.net/20221112_92/1668241743679krn9h_JPEG/6C3E10BB-8D6A-4D2E-A0B6-E4378540C307.jpeg
1524160577,4,냉동삼겹살,11000,11000,11000,,true,https://ldb-phinf.pstatic.net/20221005_189/1664977781962EPL4a_JPEG/E7076EE3-FE78-46EC-BE21-4B7A5002920B.jpeg
1524160577,5,김치찌개,9000,9000,9000,,false,
1524160577,6,제육볶음+미역국,9000,9000,9000,,false,
1524160577,7,사골육수라면,5000,5000,5000,,false,
1524160577,8,폭탄계란찜,5000,5000,5000,,false,
1524160577,9,계란버터마요밥,3000,3000,3000,,false,
1525289234,0,올 미트 타코,16400,16400,16400,"몬테레이 잭 치즈를 듬뿍 넣은 스테이크 타코, 까르니따스 타코, 그릴치킨 타코 + 소스2종",false,https://ldb-phinf.pstatic.net/20260129_197/1769661393762Qbz6Q_PNG/%BF%C3%B9%CC%C6%AE%C5%B8%C4%DA.png
1525289234,1,그릴 새우 타코,13900,13900,13900,멕시칸 양념으로 맛을 낸 그릴새우 타코,false,https://ldb-phinf.pstatic.net/20260129_89/1769661380505X7PCt_PNG/%B1%D7%B8%B1_%BB%F5%BF%EC_%C5%B8%C4%DA.png
1525289234,2,그릴 치킨 샐러드,9900,9900,9900,매콤한 치킨 샐러드,false,https://ldb-phinf.pstatic.net/20260129_146/1769661371666kwTW3_PNG/%C4%A1%C5%B2%BB%F8%B7%AF%B5%E5.png
1525289234,3,스테이크 부리또 볼,13900,13900,13900,"보울에 담아먹는 멕시칸식 부리또볼(토핑 선택시, 가격변동)",false,https://ldb-phinf.pstatic.net/20260129_62/1769661357050C0GAQ_PNG/%BD%BA%C5%D7%C0%CC%C5%A9%BA%CE%B8%AE%B6%C7%BA%BC.png
1525289234,4,알빠스톨 부리또 볼,11900,11900,11900,"보울에 담아먹는 멕시칸식 부리또볼(토핑 선택시, 가격변동)",false,https://ldb-phinf.pstatic.net/20260129_199/1769661345260YRzhO_PNG/%BE%CB%BA%FC%BD%BA%C5%E7%BA%CE%B8%AE%B6%C7%BA%BC.png
1525289234,5,그릴 치킨 부리또 볼,9900,9900,9900,"보울에 담아먹는 멕시칸식 부리또볼(토핑 선택시, 가격변동)",false,https://ldb-phinf.pstatic.net/20260129_82/1769661330413X24s1_PNG/%C4%A1%C5%B2%BA%CE%B8%AE%B6%C7%BA%BC.png
1525289234,6,까르니따스 부리또,10900,10900,10900,"입맛에 맞는 토핑을 선택할 수 있는 멕시칸 스타일 부리또 (토핑 선택시, 가격변동)",false,https://ldb-phinf.pstatic.net/20260129_231/1769661320342NGXPY_PNG/%B1%EE%B8%A3%B4%CF%B5%FB%BD%BA%BA%CE%B8%AE%B6%C7.png
1525289234,7,K-MEX 김치 프라이즈,6500,6500,6500,"바삭한 감자튀김에 볶음김치, 치폴레 마요, 치즈 딥 소스를 더한 퓨전 프라이즈",false,https://ldb-phinf.pstatic.net/20260129_177/1769661291787CquSX_PNG/%B1%E8%C4%A1%C7%C1%B6%F3%C0%CC%C1%EE.png
1525289234,8,나초&치즈딥,6000,6000,6000,진한치즈의 풍미를 즐길 수 있는 치즈딥과 나초,false,https://ldb-phinf.pstatic.net/20260129_99/1769661267363mXCEB_PNG/%B3%AA%C3%CA.png
1525289234,9,까르니따스 나초,10500,10500,10500,멕시칸 스타일 돼지고기와 함께 먹는 나초,false,https://ldb-phinf.pstatic.net/20260129_263/1769661233783GuHBR_PNG/%B1%EE%B8%A3%B4%CF%B5%FB%BD%BA_%B3%AA%C3%CA.png
1536092704,0,에그 마요 칠리(R),5900,5900,5900,"에그샐러드, 체다치즈, 양파, 피망, 양상추, 청양페퍼드레싱",true,https://ldb-phinf.pstatic.net/20240215_294/1707960378859pmjSb_JPEG/01.%BF%A1%B1%D7%B8%B6%BF%E4%C4%A5%B8%AE.jpg
1536092704,1,햄&치즈(R),6100,6100,6100,"벌꿀로숙성한햄, 모짜렐라치즈, 양파, 토마토, 양상추, 랜치드레싱",false,https://ldb-phinf.pstatic.net/20240215_153/1707960445620NFxd4_JPEG/02.%C7%DC%C4%A1%C1%EE.jpg
1536092704,2,바질 카프레제(R),6900,6900,6900,"토마토, 모짜렐라&체다 치즈, 블랙올리브, 양상추, 바질페스토&크리미베이컨알프레도드레싱",false,https://ldb-phinf.pstatic.net/20260305_236/1772679419259MLyOB_PNG/%B9%D9%C1%FA%C4%AB%C7%C1%B7%B9%C1%A6.png
1536092704,3,트레디셔널(R),7500,7500,7500,"제스티비프,터키가슴살햄,벌꿀로 숙성한 햄,체다치즈,블랙올리브,양파,토마토,양상추,랜치드레싱",true,https://ldb-phinf.pstatic.net/20240215_110/1707960655279VbE47_JPEG/04.%C6%AE%B7%B9%B5%F0%BC%C5%B3%CE.jpg
1536092704,4,BLT(R),6900,6900,6900,"베이컨, 양파, 토마토, 양상추, 마요 드레싱",false,https://ldb-phinf.pstatic.net/20240215_141/1707960700275DwNTU_JPEG/06.BLT.jpg
1536092704,5,이탈리안(R),7000,7000,7000,"살라미,페퍼로니,벌꿀로 숙성한 햄,모짜렐라치즈,블랙올리브,양파,토마토,양상추,레드와인드레싱",false,https://ldb-phinf.pstatic.net/20240215_297/1707960664399LB3hz_JPEG/05.%C0%CC%C5%BB%B8%AE%BE%C8.jpg
1536092704,6,치킨 까르보나라(R),7800,7800,7800,"닭가슴살, 베이컨, 모짜렐라치즈, 양송이, 크리미 베이컨 알프레도 드레싱",true,https://ldb-phinf.pstatic.net/20230206_6/1675643671426OaDT2_JPEG/07.%C4%A1%C5%B2%B1%EE%B8%A3%BA%B8%B3%AA%B6%F3.jpg
1536092704,7,치킨 베이컨 랜치(R),7800,7800,7800,"닭가슴살, 베이컨, 체다치즈, 양파, 토마토, 양상추, 랜치드레싱",false,https://ldb-phinf.pstatic.net/20240215_109/1707960792989nPXLB_JPEG/08.%C4%A1%C5%B2%BA%A3%C0%CC%C4%C1%B7%A3%C4%A1.jpg
1536092704,8,허니 머스타드 치킨(R),7800,7800,7800,"닭가슴살, 모짜렐라치즈, 양파, 토마토, 양상추, 허니 머스타드 드레싱",false,https://ldb-phinf.pstatic.net/20230206_58/1675643755193xxSOp_JPEG/09.%C7%E3%B4%CF%B8%D3%BD%BA%C5%B8%B5%E5%C4%A1%C5%B2.jpg
1536092704,9,터키 아보카도(R),9100,9100,9100,"터키가슴살햄, 닭가슴살, 양파, 토마토, 양상추, 아보카도&랜치 드레싱",false,https://ldb-phinf.pstatic.net/20230206_98/167564380447933cQP_JPEG/10.%C5%CD%C5%B0%C4%A1%C5%B2%BE%C6%BA%B8%C4%AB%B5%B5.jpg
1536092704,10,더블 치즈 스테이크(R),10200,10200,10200,"제스티비프, 더블 모짜렐라 치즈, 볶은양파, 마요 드레싱",true,https://ldb-phinf.pstatic.net/20220302_64/1646181090889wbSIh_PNG/%B4%F5%BA%ED%C4%A1%C1%EE%BD%BA%C5%D7%C0%CC%C5%A9.png
1536092704,11,블랙 앵거스 & 트러플 스테이크(R),10600,10600,10600,"블랙앵거스, 양파, 양송이, 토마토, 양상추, 트러플 마요 드레싱",false,https://ldb-phinf.pstatic.net/20240215_53/1707960971227GlQK5_JPEG/13.%BA%ED%B7%A2%BE%DE%B0%C5%BD%BA%C6%AE%B7%AF%C7%C3%BD%BA%C5%D7%C0%CC%C5%A9.jpg
1536092704,12,필리 치즈 스테이크(R),11600,11600,11600,"블랙앵거스, 양파, 피망, 체다치즈, 모짜렐라치즈, 블랙페퍼, K-갈릭 바비큐&마요 드레싱",false,https://ldb-phinf.pstatic.net/20240215_6/1707961024613L4xn1_JPEG/14.%C7%CA%B8%AE%C4%A1%C1%EE%BD%BA%C5%D7%C0%CC%C5%A9.jpg
1536092704,13,코리안 트레디셔널,7700,7700,7700,"직화불고기, 체다치즈, 양파, 토마토, 양상추, 할라피뇨, 핫 비비큐 & 마요 드레싱",true,https://ldb-phinf.pstatic.net/20220302_50/1646181186840bRb1N_PNG/%C4%DA%B8%AE%BE%C8%C6%AE%B7%B9%B5%F0%BC%C5%B3%CE.png
1536092704,14,크레이지 핫 치킨(R),7800,7800,7800,"핫치킨, 모짜렐라치즈, 양송이, 양파, 피망, 청양페퍼&크리미 베이컨 알프레도 드레싱",false,https://ldb-phinf.pstatic.net/20240215_179/1707960849552dyPVm_JPEG/10.%C5%A9%B7%B9%C0%CC%C1%F6%C7%D6%C4%A1%C5%B2.jpg
1536092704,15,골든 갈릭 불고기(R),8500,8500,8500,"직화불고기, 체다치즈, 양송이, 양파, 토마토, 양상추, 갈릭버터, 청양페퍼&마요 드레싱",false,https://ldb-phinf.pstatic.net/20260305_229/1772679591722f1d8d_PNG/%B0%F1%B5%E7%B0%A5%B8%AF%BA%D2%B0%ED%B1%E2.png
1536092704,16,리코타 베지 & 아보카도(R),7500,7500,7500,"허니리코타치즈,체다치즈,블랙올리브,양파,피망,양송이,토마토,양상추,아보카도&레드와인 드레싱",false,https://ldb-phinf.pstatic.net/20230206_271/1675643539416nMhoG_JPEG/15.%B8%AE%C4%DA%C5%B8%BA%A3%C1%F6%BE%C6%BA%B8%C4%AB%B5%B5.jpg
1536092704,17,플렉스 스테이크(R),8100,8100,8100,"식물성숯불직화구이,체다,할라피뇨,양파,피망,토마토,계절야채,양상추,핫비비큐&레드와인드레싱",false,https://ldb-phinf.pstatic.net/20230206_219/1675644061408s8PgB_JPEG/16.%C7%C3%B7%BA%BD%BA%BD%BA%C5%D7%C0%CC%C5%A9.jpg
1536092704,18,치폴레 쉬림프(R),7900,7900,7900,"새우, 씨푸드믹스, 양파, 피망, 토마토, 치폴레 마요 드레싱",false,https://ldb-phinf.pstatic.net/20220302_100/1646181166095t51SE_PNG/%C4%A1%C6%FA%B7%B9%BD%AC%B8%B2%C7%C1.png
1536092704,19,치킨 샐러드,9900,9900,9900,"치킨 가슴살, 계절 야채 블렌드, 곡물 토핑, 슈레드 치즈",false,https://ldb-phinf.pstatic.net/20260305_290/1772677928995OqOm6_PNG/%C4%A1%C5%B2_%BB%F8%B7%AF%B5%E5_%B4%A9%B3%A2%C4%C6.png
1536092704,20,허니 리코타 치즈 샐러드,9900,9900,9900,"허니 리코타 치즈, 크랜베리, 계절 야채 블렌드, 곡물 토핑",false,https://ldb-phinf.pstatic.net/20260305_3/1772677941765O4Ef3_PNG/%B8%AE%C4%DA%C5%B8%C4%A1%C1%EE_%BB%F8%B7%AF%B5%E5_%B4%A9%B3%A2%C4%C6.png
1536092704,21,클래식 콥 샐러드,10400,10400,10400,"에그 샐러드, 치킨 가슴살, 베이컨, 계절 야채 블렌드, 곡물 토핑, 슈레드 치즈",false,https://ldb-phinf.pstatic.net/20260305_21/1772677983009mUQzp_PNG/%C5%AC%B7%A1%BD%C4_%C4%DF_%BB%F8%B7%AF%B5%E5__%B4%A9%B3%A2%C4%C6.png
1536092704,22,쉬림프 샐러드,11400,11400,11400,"새우, 계절 야채 블렌드, 곡물 토핑, 슈레드 치즈",false,https://ldb-phinf.pstatic.net/20260305_117/1772678024218KsbNX_PNG/%BD%B4%B8%B2%C7%C1_%BB%F8%B7%AF%B5%E5__%B4%A9%B3%A2%C4%C6.png
1536092704,23,플렉스 스테이크 샐러드,11900,11900,11900,"식물성 숯불 직화 구이, 계절 야채 블렌드, 곡물 토핑, 슈레드 치즈, 아보카도",true,https://ldb-phinf.pstatic.net/20260305_133/1772678017471E5OIm_PNG/%C7%C3%B7%BA%BD%BA%BD%BA%C5%D7%C0%CC%C5%A9_%BB%F8%B7%AF%B5%E5_%B4%A9%B3%A2%C4%C6.png
1536092704,24,클래식 피자,10900,10900,10900,"페퍼로니, 양파, 블랙 올리브, 양송이, 피망, 피자 치즈, 크리미 베이컨 알프레도 드레싱",true,https://ldb-phinf.pstatic.net/20220302_218/164618162742391Rdj_PNG/%C5%AC%B7%A1%BD%C4%C7%C7%C0%DA.png
1536092704,25,치킨 까르보나라 피자,10900,10900,10900,"닭가슴살, 베이컨, 양송이, 피자 치즈, 크리미 베이컨 알프레도 드레싱",false,https://ldb-phinf.pstatic.net/20220302_111/1646181610896E0koJ_PNG/%C4%A1%C5%B2%B1%EE%B8%A3%BA%B8%B3%AA%B6%F3%C7%C7%C0%DA.png
1536092704,26,크리미 머쉬룸 스프,4200,4200,4200,,false,https://ldb-phinf.pstatic.net/20240215_252/1707961818198C6HsQ_JPEG/%C5%A9%B8%AE%B9%CC%B8%D3%BD%AC%B7%EB%BD%BA%C7%C1.jpg
1536092704,27,포테이토 베이컨 스프,4200,4200,4200,,false,https://ldb-phinf.pstatic.net/20220302_251/16461815728994RCqp_PNG/%C5%AC%B7%A5%C2%F7%BF%EC%B4%F5%BD%BA%C7%C1.png
1536092704,28,프레시 콘 수프,4200,4200,4200,,false,https://ldb-phinf.pstatic.net/20250305_79/1741147495986IqlKP_JPEG/%C7%C1%B7%B9%BD%AC-%C4%DC-%BC%F6%C7%C1.jpg
1536092704,29,미니 해쉬 브라운(4P),1500,1500,1500,미니 해쉬 브라운(4P) & 케찹,false,https://ldb-phinf.pstatic.net/20260305_264/1772679652168fG3HO_PNG/%C7%D8%BD%AC%BA%EA%B6%F3%BF%EE_4P.png
1536092704,30,호두 쿠키,2200,2200,2200,,false,https://ldb-phinf.pstatic.net/20240215_110/1707962224075qKOWc_JPEG/%C8%A3%B5%CE%C4%ED%C5%B0.jpg
1536092704,31,초코 쿠키,2200,2200,2200,,false,https://ldb-phinf.pstatic.net/20240215_41/1707962206415buiiI_JPEG/%C3%CA%C4%DA%C4%ED%C5%B0.jpg
1536092704,32,나초 치킨 너겟(4P),2500,2500,2500,나초 치킨 너겟(4P) & 케찹,false,https://ldb-phinf.pstatic.net/20260305_244/1772679686787vlubt_PNG/%B3%AA%C3%CA%C4%A1%C5%B2%B3%CA%B0%D9_4P.png
1536092704,33,오븐 웨지,3000,3000,3000,,false,https://ldb-phinf.pstatic.net/20240215_273/1707962241439YTADw_JPEG/%BF%C0%BA%EC%BF%FE%C1%F6%C6%F7%C5%D7%C0%CC%C5%E4.jpg
1536092704,34,아메리카노,3500,3500,3500,,false,https://ldb-phinf.pstatic.net/20230206_154/1675644485523VwEzf_JPEG/%BE%C6%B8%DE%B8%AE%C4%AB%B3%EB.jpg
1536092704,35,카페라떼,4500,4500,4500,,false,https://ldb-phinf.pstatic.net/20220302_261/1646182357325lXkWn_PNG/%C4%AB%C6%E4%B6%F3%B6%BC_ICED.png
1536092704,36,카페모카,5000,5000,5000,,false,https://ldb-phinf.pstatic.net/20220302_145/1646182446779pXE9j_PNG/%C4%AB%C6%E4%B8%F0%C4%AB.png
1536092704,37,바닐라라떼,5000,5000,5000,,false,https://ldb-phinf.pstatic.net/20220302_40/1646182425286igdoJ_PNG/%BE%C6%C0%CC%BD%BA-%B9%D9%B4%D2%B6%F3%B6%F3%B6%BC.png
1536092704,38,자몽에이드,3900,3900,3900,,false,https://ldb-phinf.pstatic.net/20220302_41/1646182526333ovHK2_PNG/%BF%A1%C0%CC%B5%E5_%C0%DA%B8%F9.png
1536092704,39,레몬에이드,3900,3900,3900,,false,https://ldb-phinf.pstatic.net/20220302_116/1646182544626ka8nq_PNG/%BF%A1%C0%CC%B5%E5_%B7%B9%B8%F3.png
1536092704,40,복숭아 아이스티,3500,3500,3500,,false,https://ldb-phinf.pstatic.net/20220302_37/1646182519189Qo6y8_PNG/%BE%C6%C0%CC%BD%BA%C6%BC%28%BA%B9%BC%FE%BE%C6%2C%B7%B9%B8%F3%29.png
1536092704,41,레몬 아이스티,3500,3500,3500,,false,https://ldb-phinf.pstatic.net/20220302_124/1646182511221RAked_PNG/%BE%C6%C0%CC%BD%BA%C6%BC%28%BA%B9%BC%FE%BE%C6%2C%B7%B9%B8%F3%29.png
1536092704,42,꿀 유자티,3500,3500,3500,,false,https://ldb-phinf.pstatic.net/20240215_282/17079623140289CwyW_JPEG/%C7%D6_%B2%DC%C0%AF%C0%DA%C6%BC.jpg
1536092704,43,레몬 생강티,3500,3500,3500,,false,https://ldb-phinf.pstatic.net/20250305_144/174114756732884eam_JPEG/%B7%B9%B8%F3%BB%FD%B0%AD%C6%BC_%BE%C6%C0%CC%BD%BA.jpg
1536092704,44,핫 / 아이스 초코,4300,4300,4300,,false,https://ldb-phinf.pstatic.net/20220302_238/1646182468807xBaCx_PNG/%C3%CA%C4%DA_HOT.png
1536092704,45,우유,2700,2700,2700,,false,https://ldb-phinf.pstatic.net/20220302_201/16461818887637vWPV_PNG/%BF%EC%C0%AF.png
1536092704,46,탄산음료,2000,2000,2000,"콜라, 사이다, 탐스제로, 마운틴듀, 제로콜라",false,https://ldb-phinf.pstatic.net/20230206_30/1675644538967GVCNV_JPEG/%BC%D2%B4%D9.jpg
1540029547,0,모듬사시미 2인,58000,58000,58000,,false,https://ldb-phinf.pstatic.net/20240728_8/1722174464913aez7I_JPEG/%BE%C6%C0%CC%B0%A1%BB%E7_%C3%D4%BF%B5%BA%BB14.jpg
1540029547,1,와규&블랙타이거 테판,42000,42000,42000,블랙타이거새우와 부드러운 MB9+등급의 부채살 조합 (2인 기준),false,https://ldb-phinf.pstatic.net/20240728_163/1722174414019whTQm_JPEG/%BE%C6%C0%CC%B0%A1%BB%E7_%C3%D4%BF%B5%BA%BB19.jpg
1540029547,2,호르몬(대창)테판,34000,34000,34000,,false,https://ldb-phinf.pstatic.net/20250203_166/1738572377093Cz5Yl_JPEG/Screenshot_20250203_173929_KakaoTalk.jpg
1540029547,3,토리모모 테판,29000,29000,29000,특제소스와 함께 닭다리살로만 구성된 토리모모테판 (2인 기준),false,https://ldb-phinf.pstatic.net/20240728_112/1722174586751E5CMP_JPEG/%BE%C6%C0%CC%B0%A1%BB%E7_%C3%D4%BF%B5%BA%BB16.jpg
1540029547,4,스페셜치즈오꼬노미야끼,22000,22000,22000,,false,https://ldb-phinf.pstatic.net/20250203_242/1738572432253ecIt2_JPEG/Screenshot_20250203_174014_KakaoTalk.jpg
1540029547,5,야끼소바,19000,19000,19000,,false,https://ldb-phinf.pstatic.net/20250203_33/1738572455177H4Wjd_JPEG/Screenshot_20250203_173958_KakaoTalk.jpg
1540029547,6,얼큰해물나베,34000,34000,34000,,false,https://ldb-phinf.pstatic.net/20250203_245/1738572473478U7hRb_JPEG/Screenshot_20250203_174003_KakaoTalk.jpg
1540029547,7,스지오뎅나베,31000,31000,31000,,false,https://ldb-phinf.pstatic.net/20240728_12/1722174683972lCtIJ_JPEG/%BE%C6%C0%CC%B0%A1%BB%E7_%C3%D4%BF%B5%BA%BB21.jpg
1540029547,8,치킨가라아게&에그타르타르,27000,27000,27000,,false,https://ldb-phinf.pstatic.net/20250203_278/1738572493437HzBbo_JPEG/Screenshot_20250203_173822_KakaoTalk.jpg
1540029547,9,와사비마요새우튀김,25000,25000,25000,,false,https://ldb-phinf.pstatic.net/20250203_149/1738572589169FPUDX_JPEG/Screenshot_20250203_174909_KakaoTalk.jpg
1540029547,10,오징어먹물가라아게,25000,25000,25000,,false,https://ldb-phinf.pstatic.net/20250203_210/1738572604081xuoHq_JPEG/Screenshot_20250203_174937_KakaoTalk.jpg
1540029547,11,모찌리도후&아마구로미,15000,15000,15000,,false,https://ldb-phinf.pstatic.net/20250203_144/17385726179725Pwg7_JPEG/Screenshot_20250203_173936_KakaoTalk.jpg
1540029547,12,스테이크벤또,15000,15000,15000,MB9 최상등급 와규 스테이크 벤또,false,https://ldb-phinf.pstatic.net/20250203_173/1738572335254ajJFt_JPEG/Screenshot_20250203_174025_KakaoTalk.jpg
1540029547,13,토리모모벤또,13000,13000,13000,,false,https://ldb-phinf.pstatic.net/20250203_92/173857273202866daG_JPEG/Screenshot_20250203_174008_KakaoTalk.jpg
1540029547,14,9시간 돈코츠라멘,13000,13000,13000,6시간 우려낸 돈코츠 육수와 특제 베이스로 3시간동안 삶아낸 차슈가 만든 조화로운 라멘,false,https://ldb-phinf.pstatic.net/20250203_242/1738572107257nBA2v_JPEG/Screenshot_20250203_173922_KakaoTalk.jpg
1540029547,15,차슈벤또,12000,12000,12000,,false,https://ldb-phinf.pstatic.net/20250203_232/1738572709008OmD8a_JPEG/Screenshot_20250203_174019_KakaoTalk.jpg
1540029547,16,카츠벤또,12000,12000,12000,수제소스에 바삭한 돈까스가 일품인 카츠 벤또,false,https://ldb-phinf.pstatic.net/20250203_242/1738572086312rqrrn_JPEG/Screenshot_20250203_173952_KakaoTalk.jpg
1545864194,0,🎉옥된장 잔칫상 셋-트 2인🎉,39000,39000,39000,"48.0>39.0
모둠수육전골小小 + 오징어미나리전 + 불스지볶음(맵기 : 강/약)",true,https://ldb-phinf.pstatic.net/20260109_25/1767922533564Pt6sY_PNG/%BF%C1%B5%C8%C0%E5-%B7%CE%B0%ED-1.png
1545864194,1,🎉옥된장 잔칫상 셋-트 3인🎉,59000,59000,59000,"72.5>59.0
모둠수육전골小+오징어미나리전+불스지볶음(맵기 : 강/약)+모둠수육무침小",false,https://ldb-phinf.pstatic.net/20260109_183/1767922631311wCIUs_PNG/%BF%C1%B5%C8%C0%E5-%B7%CE%B0%ED-1.png
1545864194,2,🎉옥된장 잔칫상 셋-트 4인🎉,79000,79000,79000,"98.0>79.0
모둠수육전골中+오징어미나리전+불스지볶음(맵기 : 강/약)+모둠수육무침中",false,https://ldb-phinf.pstatic.net/20260109_235/1767922644823hX2hJ_PNG/%BF%C1%B5%C8%C0%E5-%B7%CE%B0%ED-1.png
1545864194,3,<된장 전골>,,,,"울엄마표 집밥, 든든한 한끼
푸짐한 재료와 진한 된장 육수
엄마 손맛 느껴지는 된장전골",false,https://ldb-phinf.pstatic.net/20250730_63/1753836015932puJcJ_JPEG/%BF%C1%B5%C8%C0%E5_%B7%CE%B0%ED.jpg
1545864194,4,고소한 한끼 [들깨미역 된장전골],10000,10000,10000,"고소한 들깨가루와 수제비가 듬뿍 들어간 건강 된장전골 / 3시 이후 2,000원 추가됩니다",false,https://ldb-phinf.pstatic.net/20250730_113/17538360003050Vq65_JPEG/%B5%C8%C0%E5%C0%FC%B0%F1_1_%B5%E9%B1%FA%B5%C8%C0%E5%C0%FC%B0%F1.jpg
1545864194,5,쫄깃한 한끼 [우렁 된장전골],11000,11000,11000,"쫄깃한 우렁이 푸짐하게 들어간 깊은 맛의 된장전골 / 3시 이후 2,000원 추가됩니다",false,https://ldb-phinf.pstatic.net/20250730_163/1753835988003KAJBf_JPEG/%B5%C8%C0%E5%C0%FC%B0%F1_2_%BF%EC%B7%B7%B5%C8%C0%E5%C0%FC%B0%F1.jpg
1545864194,6,탱글한 한끼 [오징어 된장전골],11000,11000,11000,"탱글탱글한 식감과 시원한 육수가 일품인 된장전골 / 3시 이후 2,000원 추가됩니다",false,https://ldb-phinf.pstatic.net/20250730_160/17538359761325WJoV_JPEG/%B5%C8%C0%E5%C0%FC%B0%F1_3_%BF%C0%C2%A1%BE%EE_%B5%C8%C0%E5_%C0%FC%B0%F1.jpg
1545864194,7,담백한 한끼 [표고버섯 된장전골],11000,11000,11000,"건강한 표고버섯과 다양한 채소가 어우러진 담백한 된장전골/3시 이후 2,000원 추가됩니다",false,https://ldb-phinf.pstatic.net/20250730_137/1753835964105P7Fbz_JPEG/%B5%C8%C0%E5%C0%FC%B0%F1_4_%C7%A5%B0%ED%B9%F6%BC%B8%B5%C8%C0%E5%C0%FC%B0%F1.jpg
1545864194,8,🎊200만그릇 판매 牛삼겹 된장전골,11000,11000,11000,"부드러운 소고기삼겹이 푸짐하게 들어간 든든 한끼 된장전골/3시 이후 2,000원 추가됩니다",true,https://ldb-phinf.pstatic.net/20250730_184/1753835947794gkzwc_JPEG/%B5%C8%C0%E5%C0%FC%B0%F1_5_%BC%D2%B0%ED%B1%E2%BB%EF%B0%E3%B5%C8%C0%E5%C0%FC%B0%F1.jpg
1545864194,9,깔끔한 한끼 [바지락 大 된장전골],22000,22000,22000,"바지락의 시원한 육수로 깔끔하고 개운한 맛의 된장전골 / 3시 이후 2,000원 추가됩니다",false,https://ldb-phinf.pstatic.net/20250730_189/1753835934667pVgwG_JPEG/%B5%C8%C0%E5%C0%FC%B0%F1_6_%B9%D9%C1%F6%B6%F4%D3%DE%B5%C8%C0%E5%C0%FC%B0%F1.jpg
1545864194,10,시원한 한끼 [꽃게 된장전골],12000,12000,12000,"신선한 꽃게의 감칠맛과 시원함을 느낄수 있는 된장전골 / 3시 이후 2,000원 추가됩니다",false,https://ldb-phinf.pstatic.net/20250730_284/1753835920673n1Ys8_JPEG/%B5%C8%C0%E5%C0%FC%B0%F1_7_%B2%C9%B0%D4%B5%C8%C0%E5%C0%FC%B0%F1.jpg
1545864194,11,쫀득한 한끼 [스지 된장전골],12000,12000,12000,"쫀득한 스지와 진한 된장 육수, 풍부한 맛의 조화 / 3시 이후 2,000원 추가됩니다",false,https://ldb-phinf.pstatic.net/20250730_163/17538359044022nXeq_JPEG/%B5%C8%C0%E5%C0%FC%B0%F1_8_%BD%BA%C1%F6%B5%C8%C0%E5%C0%FC%B0%F1.jpg
1545864194,12,<수육전골>,,,,"당일 정성을 다해 삶은 고기만 사용,
냄새 없이 부드럽고 푸짐하고 든든한
몸보신 1등 메뉴",false,https://ldb-phinf.pstatic.net/20250730_110/1753835886419yonbk_JPEG/%BF%C1%B5%C8%C0%E5_%B7%CE%B0%ED.jpg
1545864194,13,💪점심 한정 보양식✨ 수육전골 정식,13000,13000,13000,"점심 한정 판매 / 당일 삶은 소고기와 김치찜, 엄마김 정식 구성으로 든든한 점심 한끼",true,https://ldb-phinf.pstatic.net/20250730_234/1753835831594I5vp2_JPEG/%BC%F6%C0%B0_0_%BC%F6%C0%B0%C0%FC%B0%F1_%C1%A4%BD%C4.jpg
1545864194,14,💪보양식✨ 모둠 수육전골 小,25000,25000,25000,당일 삶은 부드러운 소고기 수육 3종과 신선한 미나리가 향긋하게 어우러진 따뜻한 수육전골,false,https://ldb-phinf.pstatic.net/20250730_167/1753835817886bdaiE_JPEG/%BC%F6%C0%B0_1_%BC%F6%C0%B0%C0%FC%B0%F1_%E1%B3.jpg
1545864194,15,💪보양식✨ 모둠 수육전골 中,38000,38000,38000,당일 삶은 부드러운 소고기 수육 3종과 신선한 미나리가 향긋하게 어우러진 따뜻한 수육전골,false,https://ldb-phinf.pstatic.net/20250730_142/1753835454598q6t7E_JPEG/%BC%F6%C0%B0_2_%B8%F0%B5%EB%BC%F6%C0%B0%C0%FC%B0%F1.jpg
1545864194,16,💪보양식✨ 모둠 수육전골 大,55000,55000,55000,당일 삶은 부드러운 소고기 수육 3종과 신선한 미나리가 향긋하게 어우러진 따뜻한 수육전골,false,https://ldb-phinf.pstatic.net/20250730_8/1753835438368CmvKx_JPEG/%BC%F6%C0%B0_2_%B8%F0%B5%EB%BC%F6%C0%B0%C0%FC%B0%F1.jpg
1545864194,17,💪보양식✨ 소갈비 전골 中,55000,55000,55000,진한 육수에 당일 삶은 푸짐한 갈비살이 어우러진 구수하고 깊은 맛의 든든한 보양식,false,https://ldb-phinf.pstatic.net/20250730_124/1753835423210Nri2M_PNG/%BC%F6%C0%B0_3__%BB%C0%B0%A5%BA%F1%C0%FC%B0%F1.png
1545864194,18,💪보양식✨ 매운 소갈비 전골 中,58000,58000,58000,당일 삶은 부드러운 소갈비와 칼칼한 양념이 만나 얼큰하면서도 깊은 맛을 내는 보양 전골,false,https://ldb-phinf.pstatic.net/20250730_258/1753835409740Ru8Qd_PNG/%BC%F6%C0%B0_4__%B8%C5%BF%EE%BB%C0%B0%A5%BA%F1%C0%FC%B0%F1.png
1545864194,19,💪보양식✨ 소갈비 전골 大,85000,85000,85000,진한 육수에 푸짐한 갈비살이 어우러진 구수하고 깊은 맛의 든든한 보양식,false,https://ldb-phinf.pstatic.net/20250730_111/1753835394301s4zkh_PNG/%BC%F6%C0%B0_3__%BB%C0%B0%A5%BA%F1%C0%FC%B0%F1.png
1545864194,20,💪보양식✨ 매운 소갈비 전골 大,88000,88000,88000,부드러운 소갈비와 칼칼한 양념이 만나 얼큰하면서도 깊은 맛을 내는 매콤한 보양 전골,false,https://ldb-phinf.pstatic.net/20250730_241/1753835380462vfqrJ_PNG/%BC%F6%C0%B0_4__%B8%C5%BF%EE%BB%C0%B0%A5%BA%F1%C0%FC%B0%F1.png
1545864194,21,💪보양식✨ 소꼬리 전골 中,65000,65000,65000,한정 판매 / 당일 정성으로 삶은 소꼬리와 진한 육수가 만나 깊은 맛을 선사하는 보양 전골,false,https://ldb-phinf.pstatic.net/20250730_44/1753835368846P8HoB_PNG/%BC%F6%C0%B0_5_%BC%D2%B2%BF%B8%AE%C0%FC%B0%F1.png
1545864194,22,💪보양식✨ 매운 소꼬리 전골 中,68000,68000,68000,한정 판매 / 당일 삶은 소꼬리의 깊은 맛에 칼칼한 매운맛을 더한 넉넉한 인심의 전골,false,https://ldb-phinf.pstatic.net/20250730_216/1753835353581FTA4K_PNG/%BC%F6%C0%B0_6_%B8%C5%BF%EE%BC%D2%B2%BF%B8%AE%C0%FC%B0%F1.png
1545864194,23,💪보양식✨ 소꼬리 전골 大,95000,95000,95000,한정 판매 / 당일 정성으로 삶은 소꼬리와 진한 육수가 만나 깊은 맛을 선사하는 보양 전골,false,https://ldb-phinf.pstatic.net/20250730_174/1753835337935a6TSM_PNG/%BC%F6%C0%B0_5_%BC%D2%B2%BF%B8%AE%C0%FC%B0%F1.png
1545864194,24,💪보양식✨ 매운 소꼬리 전골 大,98000,98000,98000,한정 판매 / 당일 삶은 소꼬리의 깊은 맛에 칼칼한 매운맛을 더한 넉넉한 인심의 전골,false,https://ldb-phinf.pstatic.net/20250730_235/1753835315976SBxqn_PNG/%BC%F6%C0%B0_6_%B8%C5%BF%EE%BC%D2%B2%BF%B8%AE%C0%FC%B0%F1.png
1545864194,25,<별미 차림표>,,,,"전골과 함께 먹으면 금상첨화!!
🌿자체 반죽 미나리전
❤️매콤새콤 무침
🔥불맛 볶음요리",false,https://ldb-phinf.pstatic.net/20250730_44/1753835254569xoBb1_JPEG/%BF%C1%B5%C8%C0%E5_%B7%CE%B0%ED.jpg
1545864194,26,🔥불맛 가득! 오징어 제육 두루치기,29000,29000,29000,쫄깃한 오징어와 호불호 없는 제육에 화끈한 불맛 소스 / 점심에는 밥이 제공됩니다.,false,https://ldb-phinf.pstatic.net/20251023_87/1761204144967HV8dV_PNG/%BF%C0%C2%A1%BE%EE%C1%A6%C0%B0%B5%CE%B7%E7%C4%A1%B1%E2_%BF%CF%C1%B6%B8%AE_1000.png
1545864194,27,오징어 미나리전,20000,20000,20000,쫄깃한 오징어와 향긋하고 아삭한 미나리를 함께 부쳐 고소하고 담백한 맛이 일품인 미나리전,true,https://ldb-phinf.pstatic.net/20250730_4/1753834783665D4iaU_PNG/%C0%CF%C7%B0%C3%DF%B0%A1_1_%BF%C0%C2%A1%BE%EE%B9%CC%B3%AA%B8%AE%C0%FC.png
1545864194,28,보리새우 미나리전,17000,17000,17000,고소하고 바삭한 보리새우가 가득! 처음부터 끝까지 바삭함을 즐길 수 있는 보리새우 미나리전,false,https://ldb-phinf.pstatic.net/20250730_147/1753834771435lRXGG_JPEG/%C0%CF%C7%B0%C3%DF%B0%A1_2_%BA%B8%B8%AE%BB%F5%BF%EC_%B9%CC%B3%AA%B8%AE%C0%FC.jpg
1545864194,29,우렁 미나리전,15000,15000,15000,신선한 우렁과 아삭한 미나리를 자체 반죽으로 함께 부쳐내어 재료 본연의 맛이 느껴지는 전,false,https://ldb-phinf.pstatic.net/20250730_265/1753834759416OSOx2_JPEG/%C0%CF%C7%B0%C3%DF%B0%A1_3_%BF%EC%B7%B7%B9%CC%B3%AA%B8%AE%C0%FC.jpg
1545864194,30,소고기삼겹 두부김치,15000,15000,15000,"부드러운 소고기삼겹과 잘 익은 김치, 고소한 두부의 환상 조합, 한국인의 소울푸드",false,https://ldb-phinf.pstatic.net/20250730_162/1753834745760eExcM_JPEG/%C0%CF%C7%B0%C3%DF%B0%A1_4_%BC%D2%B0%ED%B1%E2%BB%EF%B0%E3%B5%CE%BA%CE%B1%E8%C4%A1.jpg
1545864194,31,모둠 수육무침,25000,25000,25000,"푸짐한 고기와 신선한 채소, 매콤 달콤 입맛 돋는 옥된장 대표 무침 메뉴",false,https://ldb-phinf.pstatic.net/20250730_188/1753834733496EqSjN_JPEG/%C0%CF%C7%B0%C3%DF%B0%A1_5_%B8%F0%B5%D2%BC%F6%C0%B0%B9%AB%C4%A7.jpg
1545864194,32,오징어미나리 초무침,22000,22000,22000,새콤달콤 소스로 버무린 오징어를 아삭한 미나리와 함께! 수육전골 고기와 먹으면 금상 첨화!,false,https://ldb-phinf.pstatic.net/20251023_255/17612041732078Td0Y_JPEG/%C0%CF%C7%B0%C3%DF%B0%A1_%BF%C0%C2%A1%BE%EE%B9%CC%B3%AA%B8%AE%C3%CA%B9%AB%C4%A7.jpg
1551303071,0,파스타세트,24000,24000,24000,"식전빵,가든샐러드,파스타or리조또 택1개,미니크렘브륄레,음료(커피/차/오렌지쥬스)",false,https://ldb-phinf.pstatic.net/20250320_200/1742464125255oUz0H_JPEG/1000007546.jpg
1551303071,1,2인세트,100000,100000,100000,"식전빵,샐러드,파스타or리조또택1개,스테이크1개(채끝만원추가),수제디저트,(커피,차,쥬스)",false,https://ldb-phinf.pstatic.net/20250320_177/17424640697846q7UE_JPEG/1000007522.jpg
1551303071,2,3인세트,126000,126000,126000,"식전빵,샐러드,파스타&리조또 택2개,스테이크1개(채끝만원추가),수제디저트,(커피,차,쥬스)",false,https://ldb-phinf.pstatic.net/20250320_247/1742464102490Edlt9_JPEG/1000007513.jpg
1551303071,3,한우1+ 스테이크 200g,80000,80000,80000,"한우1+ 채끝등심 200g, 메쉬포테이토, 계절야채구이",false,https://ldb-phinf.pstatic.net/20260121_294/1768924740552OStdP_JPEG/KakaoTalk_20260121_005721891.jpg
1551303071,4,양갈비 스테이크(프렌치렉),73000,73000,73000,호주산 프렌치렉 350g~380g(뼈포함무게),false,
1551303071,5,문어,27000,27000,27000,"오일에 콩피한 문어와 계절퓨레, 알감자, 방울토마토, 미니양배추, 스모크파프리카",false,https://ldb-phinf.pstatic.net/20250604_258/1749019660772BJocc_JPEG/1000007758.jpg
1551303071,6,잠봉플랫브레드,21000,21000,21000,"피타브레드위에 바질페스토와 모짜렐라치즈, 루꼴라, 모르타델라햄의 가벼운 미니피자",false,https://ldb-phinf.pstatic.net/20260608_268/178089925082205h92_JPEG/%C0%E1%BA%C0%C7%C3%B7%BF%BA%EA%B7%A1%B5%E55.jpg
1551303071,7,연어그라브락스,25000,25000,25000,"염장을 해 쫀득하면서 깊은감칠맛의 연어와 상큼한 레몬드레싱,아이올리소스, 발사믹젤리,허브들",false,https://ldb-phinf.pstatic.net/20250604_270/1749019493121ObmBi_JPEG/1000008189.jpg
1551303071,8,부라타치즈와 토마토,27000,27000,27000,"부라타치즈와 여러가지색깔의 방울토마토, 스테비아토마토, 과일과 상큼한 드레싱",false,https://ldb-phinf.pstatic.net/20250318_7/17422800276857knjg_JPEG/1000007675.jpg
1551303071,9,잠봉파스타(세트시 1000원추가),24000,24000,24000,마늘퓨레가 들어가 녹진한 맛의 오일파스타와 위에 이불처럼 덮힌 모르타델라햄,true,https://ldb-phinf.pstatic.net/20260608_162/1780899606104NlFnS_JPEG/%C0%E1%BA%C0%C6%C4%BD%BA%C5%B8.jpg
1551303071,10,가자미 레몬버터파스타(세트1000추가,24000,24000,24000,"잘구운 가자미와 상큼한 레몬, 묵직한 버터가 만나 계속 손이 자꾸 가는 파스타",false,https://ldb-phinf.pstatic.net/20260608_83/1780899451088Xdcwz_JPEG/%B0%A1%C0%DA%B9%CC%B7%B9%B8%F3%B9%F6%C5%CD%C6%C4%BD%BA%C5%B82.jpg
1551303071,11,문어파스타(세트시 1000원 추가),24000,24000,24000,오일에 저온조리한 부드러운 문어와 초리조와 문어엑기스로 감칠맛이 폭발하는 오일파스타,true,https://ldb-phinf.pstatic.net/20250218_23/1739861887227pQc9G_JPEG/KakaoTalk_20250213_185737208.jpg
1551303071,12,허브오일 새우비스큐 파스타,23000,23000,23000,오일에 마리네이드한 다양한 허브와 비스큐로 만든 감칠맛 나는 파스타,false,https://ldb-phinf.pstatic.net/20260310_20/1773153147060T1nPI_JPEG/%C7%E3%BA%EA%BB%F5%BF%EC.jpg
1551303071,13,부라타토마토파스타,23000,23000,23000,부라타치즈와 상큼함 토마토소스의 파스타,true,https://ldb-phinf.pstatic.net/20250210_275/1739123617197MN3QP_JPEG/1000007257.jpg
1551303071,14,라자냐,23000,23000,23000,"한우3,호주산1로 5시간이상 직접끓인 라구와
치즈를 라자냐면에 겹겹이 쌓아 만든 파스타",true,https://ldb-phinf.pstatic.net/20250210_199/17391251220208tCNi_JPEG/1000007060.jpg
1551303071,15,handmade살시챠 리조또,23000,23000,23000,직접만든 수제 이탈리안소세지를 리조또에 넣어 녹진한 맛의 오일리조또,false,
1551303071,16,오징어먹물리조또,23000,23000,23000,"고소한 오징어먹물과 부드러운 크림, 그위에 얇게 썬 갑오징어살과 상큼한토마토, 루꼴라",false,https://ldb-phinf.pstatic.net/20250224_7/1740353477056tUFCu_JPEG/1000007439.jpg
1551303071,17,보타르가파스타(세트시1000원추가),24000,24000,24000,어란(숭어알)이 듬뿍들어간 버터베이스 파스타,false,https://ldb-phinf.pstatic.net/20260129_85/17696126972501jEt6_JPEG/KakaoTalk_20260129_000419481.jpg
1551303071,18,해장파스타(세트시 2000원 추가),25000,25000,25000,"블랙타이거새우,새우,갑오징어,쭈꾸미,홍합,바지락이 들어간 매콤한 토마토스튜 파스타",false,https://ldb-phinf.pstatic.net/20250226_241/17405495328097mBcq_JPEG/1000007539.jpg
1551303071,19,갈릭새우크림파스타(세트시1000원추가,24000,24000,24000,"블랙타이거새우,새우가 들어간 마늘맛이 풍부한 크림파스타",false,https://ldb-phinf.pstatic.net/20260129_261/1769612899903wbIC4_JPEG/KakaoTalk_20260129_000419481_02.jpg
1551303071,20,매운새우로제파스타(세트시1000원추가,24000,24000,24000,"새우와 베이컨, 청양고추, 쥬키니, 케이퍼, 올리브,페퍼론치노가 들어간 매운 로제파스타",false,https://ldb-phinf.pstatic.net/20250218_208/1739861997518q5KKz_JPEG/KakaoTalk_20250218_154147597.jpg
1551303071,21,비프크림파스타(세트시2000원 추가),25000,25000,25000,한우채끝 60g과 샐러리가 들어가 프레쉬한 크림파스타,false,
1551303071,22,엔쵸비&새우 파스타,23000,23000,23000,엔쵸비로 감칠맛을 낸 오일파스타,false,https://ldb-phinf.pstatic.net/20250210_148/1739124548357WqbKN_JPEG/1000007228.jpg
1551303071,23,버섯트러플크림파스타(세트1000원추가,24000,24000,24000,"양송이,표고버섯,새송이,만가닥버섯과 트러플페이스트로 진한 맛을 낸 크림 파스타",false,https://ldb-phinf.pstatic.net/20250210_64/1739124703683FKvOT_JPEG/1000007224.jpg
1551303071,24,까르보나라,23000,23000,23000,통베이컨과 계란노른자로 크리미하게 만든 파스타,false,https://ldb-phinf.pstatic.net/20250210_253/1739124725418CQkI8_JPEG/1000007307.jpg
1551303071,25,라구 파스타,23000,23000,23000,"한우3,호주산1로 5시간이상 직접끓여 만든 깊은맛의 파스타",false,https://ldb-phinf.pstatic.net/20250214_148/1739500179583TC0NI_JPEG/1000007349.jpg
1551303071,26,봉골레,23000,23000,23000,큰바지락과 바지락살이 들어간 오일파스타,false,https://ldb-phinf.pstatic.net/20250214_288/17395001677953sz18_JPEG/1000007343.jpg
1551303071,27,해산물오일파스타(세트시1000원추가),24000,24000,24000,"블랙타이거새우,새우,갑오징어,쭈꾸미,홍합,바지락이 들어간 오일베이스의 파스타",false,https://ldb-phinf.pstatic.net/20250221_245/174007440404689TLq_JPEG/1000007380.jpg
1551303071,28,해산물토마토파스타(세트시1000원추가,24000,24000,24000,"블랙타이거새우,새우, 갑오징어, 쭈꾸미, 홍합, 바지락이 들어간 토마토베이스의 파스타",false,
1551303071,29,해산물 리조또(세트시1000원추가),24000,24000,24000,"블랙타이거새우,새우,갑오징어,쭈꾸미,홍합,바지락이 들어간 오일베이스의 리조또",false,
1551303071,30,트러플 후렌치후라이,8000,8000,8000,잘튀겨진 감자튀김에 트러플오일을 뿌린 사이드메뉴,false,
1551303071,31,미니디저트(크렘브륄레),3000,3000,3000,"부드러운 커스타드, 설탕코팅달고나",false,
1551303071,32,와인에이드,8000,8000,8000,,false,https://ldb-phinf.pstatic.net/20250310_22/1741580302691MXed5_JPEG/1000007549.jpg
1551303071,33,스텔라병맥주(세트시5000원),8000,8000,8000,,false,
1551303071,34,"하우스와인red,white",8000,8000,8000,세트시 5000원,false,
1551303071,35,하우스와인 rose,10000,10000,10000,rose(위스퍼링엔젤),false,
1551303071,36,논알콜모히또(세트시4000원추가),8000,8000,8000,,false,https://ldb-phinf.pstatic.net/20260608_141/1780899793180GMtYH_JPEG/%B3%ED%BE%CB%C4%DD%B8%F0%C8%F7%B6%C7.jpg
1551303071,37,얼그레이레몬에이드(세트시4000원),8000,8000,8000,,false,https://ldb-phinf.pstatic.net/20250310_293/1741580377392CPySi_JPEG/1000007548.jpg
1551303071,38,레몬에이드(세트시4000원),8000,8000,8000,,false,
1551303071,39,얼그레이(HOT/ICE)세트주문안됨,4000,4000,4000,,false,
1551303071,40,카모마일차(HOT/ICE),4000,4000,4000,카모마일차,false,
1551303071,41,아메리카노HOT,4000,4000,4000,,false,
1551303071,42,아메리카노ICE(세트시1000원추가),4000,4000,4000,,false,
1551303071,43,산펠리그리 250ml(세트시2500원,4000,4000,4000,세트시 2500원추가,false,
1551303071,44,제로콜라350ml(세트시2000원),3500,3500,3500,,false,https://ldb-phinf.pstatic.net/20240929_213/1727616571251Q2A4u_JPEG/%C1%A6%B7%CE%C4%DD%B6%F3.jpg
1551303071,45,콜라350ml(세트시2000원),3500,3500,3500,,false,https://ldb-phinf.pstatic.net/20240929_104/17276165871317z1XO_JPEG/%C4%DA%C4%AB%C4%DD%B6%F3.jpg
1551303071,46,스프라이트(세트시2000원),3500,3500,3500,스프라이트,false,
1551742227,0,백면,10000,10000,10000,"진하게 우려낸 국내산 돼지사골육수
매일 뽑아낸 자가제면의 맛있는 백면",true,https://ldb-phinf.pstatic.net/20231019_179/1697644730070XWLqB_JPEG/%B9%E9%B8%E9.jpg
1551742227,1,홍면,10000,10000,10000,불향가득 청량고추의 깔끔한 매운맛,false,https://ldb-phinf.pstatic.net/20231019_235/1697644762624nLVwq_JPEG/%C8%AB%B8%E9.jpg
1551742227,2,장면,10000,10000,10000,"꼬불꼬불 계란면, 닭육수, 간장,
풍미가득 장면",false,https://ldb-phinf.pstatic.net/20231019_270/1697644779991LpGKC_JPEG/%C0%E5%B8%E9.jpg
1551742227,3,청면,10000,10000,10000,"맑은닭육수와 단정한 소금간
그리고 새우완자",false,https://ldb-phinf.pstatic.net/20231019_227/1697644797534tLEYN_JPEG/%C3%BB%B8%E9.jpg
1551742227,4,오코노미야끼,18000,18000,18000,,false,https://ldb-phinf.pstatic.net/20231019_50/1697644811401pAjVX_JPEG/%BF%C0%C4%DA%B3%EB%B9%CC%BE%DF%B3%A2.jpg
1551742227,5,교자,5000,5000,5000,,false,https://ldb-phinf.pstatic.net/20231019_96/1697644824954vYVbH_JPEG/%B1%B3%C0%DA.jpg
1555619837,0,홍콩식 우육탕면,10500,10500,10500,,true,https://ldb-phinf.pstatic.net/20260113_221/1768269911328NS294_PNG/1.%BF%EC%C0%B0%C5%C1.png
1555619837,1,청경채 도가니 양지탕면,13000,13000,13000,,false,https://ldb-phinf.pstatic.net/20260113_180/1768269918909yXCGW_PNG/2.%B5%B5%B0%A1%B4%CF.png
1555619837,2,홍콩완탕면,12000,12000,12000,,false,https://ldb-phinf.pstatic.net/20260113_185/1768269941085c6PiK_PNG/3.%BF%CF%C5%C1.png
1555619837,3,매운양곱창탕면,14500,14500,14500,,false,https://ldb-phinf.pstatic.net/20260113_14/1768269935760C2TK2_PNG/4.%B0%F6%C3%A2.png
1555619837,4,마라우육탕면,13000,13000,13000,,false,https://ldb-phinf.pstatic.net/20260113_240/1768271959601TfFI3_PNG/5.%B8%B6%B6%F3.png
1555619837,5,군만두(4P),8000,8000,8000,,true,https://ldb-phinf.pstatic.net/20260113_1/1768269950169xYi9W_PNG/5.%B1%BA%B8%B8%B5%CE.png
1555619837,6,찐만두(4P),8000,8000,8000,,false,https://ldb-phinf.pstatic.net/20260113_128/17682699581563QAG0_PNG/6.%C2%F0%B8%B8%B5%CE.png
1559613992,0,런치(평일 : 11:00-14:00),15000,15000,15000,"월-뽀모도로
화-트러플 풍기 리소토
수-카쵸에페페
목-명란 리소토
금-굴라쉬 국물 리소토",true,https://ldb-phinf.pstatic.net/20260406_284/1775464843277lTrla_JPEG/IMG_9845.jpeg
1559613992,1,페스츄리 페페로니피자,28000,28000,28000,"페스츄리도우, 토마토소스, 페페로니, 올리브, 100%모짜렐라치즈, 올리브오일",false,https://ldb-phinf.pstatic.net/20260531_261/1780203409216nr07N_JPEG/CEDD5A5E-20CE-4916-AE29-32A08E2913F6.jpg
1559613992,2,생면 라자냐,25000,25000,25000,,true,https://ldb-phinf.pstatic.net/20250619_141/1750330872860tN1nR_JPEG/IMG_2113.jpeg
1559613992,3,뇨끼,24000,24000,24000,,true,https://ldb-phinf.pstatic.net/20250618_107/1750173475480U6JHS_JPEG/IMG_2073.jpeg
1559613992,4,명란로제파스타,24000,24000,24000,"명란, 생크림, 새우, 애호박, 양파, 엑스트라버진올리브오일",true,https://ldb-phinf.pstatic.net/20260412_139/1775969739461n8BC0_JPEG/IMG_0078.jpeg
1559613992,5,명란오일파스타,23000,23000,23000,"명란, 애호박, 양파, 마늘, 엑스트라버진 올리브오일, 페페론치노",true,https://ldb-phinf.pstatic.net/20260325_183/1774430201763sCqux_JPEG/IMG_9831.jpeg
1559613992,6,화이트라구,23000,23000,23000,,true,https://ldb-phinf.pstatic.net/20250618_3/1750172759419fGRld_JPEG/IMG_2063.jpeg
1559613992,7,포르치니,23000,23000,23000,,true,https://ldb-phinf.pstatic.net/20250618_253/17501727037294gyBb_JPEG/IMG_2061.jpeg
1559613992,8,아란치니,14000,14000,14000,,true,https://ldb-phinf.pstatic.net/20260531_154/1780203219317GpgDl_JPEG/IMG_0086.jpg
1559613992,9,치킨스테이크,30000,30000,30000,"마리네이드 닭다리살, 매쉬드포테이토, 마늘콩피, 애호박",true,https://ldb-phinf.pstatic.net/20260325_145/1774429888722Pu10I_JPEG/IMG_9820.jpeg
1559613992,10,(국산)채끝등심 스테이크330g,85000,85000,85000,"채끝등심, 가니쉬3-5종, 말돈소금, 홀그레인 머스타드, 매쉬드 포테이토",true,https://ldb-phinf.pstatic.net/20260531_227/1780203255871lOBhI_JPEG/IMG_0089.jpg
1559613992,11,티라미슈,11000,11000,11000,"사보이아르디, 마스카포네, 에스프레소, 코코아파우더",false,https://ldb-phinf.pstatic.net/20260325_171/1774429962862yk7jJ_JPEG/IMG_9830.jpeg
1559613992,12,카놀리,14000,14000,14000,,true,https://ldb-phinf.pstatic.net/20250618_239/17501736242584cf4O_JPEG/IMG_0971.jpeg
1559613992,13,부라타샐러드,24000,24000,24000,"부라타치즈, (방울,완숙)토마토,썬드라이토마토, 로메인올리브오일, 바질, 바질페스토,",false,https://ldb-phinf.pstatic.net/20260325_230/1774430047351QCRwt_JPEG/IMG_9829.jpeg
1559613992,14,스트라치아텔라 루꼴라 샐러드,21000,21000,21000,,false,https://ldb-phinf.pstatic.net/20250618_105/1750172604178R9TSy_JPEG/IMG_2065.jpeg
1559613992,15,캐비지 버터,20000,20000,20000,,false,https://ldb-phinf.pstatic.net/20260412_217/1775969811820jyIGd_JPEG/IMG_9965.jpeg
1559613992,16,위스키 하이볼 와인 맥주,,,,,false,https://ldb-phinf.pstatic.net/20250618_142/1750173825283LqXQx_JPEG/IMG_2056.jpeg
1576050573,0,짜장면,9500,9500,9500,,false,https://ldb-phinf.pstatic.net/20250109_176/17364077752315cg02_JPEG/%C2%A5%C0%E5%B8%E9.jpg
1576050573,1,해물짬뽕,12000,12000,12000,,false,https://ldb-phinf.pstatic.net/20250109_271/1736407785109HVS44_JPEG/%C7%D8%B9%B0%C2%AB%BB%CD.jpg
1576050573,2,삼선짜장면,12000,12000,12000,,false,https://ldb-phinf.pstatic.net/20250109_212/17364078315196SxdE_JPEG/%BB%EF%BC%B1%C2%A5%C0%E5.jpg
1576050573,3,짬뽕밥,12000,12000,12000,,false,https://ldb-phinf.pstatic.net/20250109_45/1736407849788A7jLr_JPEG/%C2%AB%BB%CD%B9%E4.jpg
1576050573,4,삼선쟁반짜장,13000,13000,13000,,false,https://ldb-phinf.pstatic.net/20250109_88/1736389356744cM0rS_JPEG/%C0%EF%B9%DD%C2%A5%C0%E5.jpg
1576050573,5,삼선볶음밥,12000,12000,12000,,false,https://ldb-phinf.pstatic.net/20250109_105/1736389424813sLxWv_JPEG/%BB%EF%BC%B1_%BA%BA%C0%BD%B9%E4.jpg
1576050573,6,하이보 특짬뽕,19000,19000,19000,,false,https://ldb-phinf.pstatic.net/20250109_282/1736389314352LGWAQ_JPEG/%C6%AF%C2%AB%BB%CD.jpg
1576050573,7,해물잡탕밥,19000,19000,19000,,false,https://ldb-phinf.pstatic.net/20250109_289/1736389406393lsUuC_JPEG/%C0%E2%C5%C1%B9%E4.jpg
1576050573,8,새우 샤오마이,12000,12000,12000,,false,https://ldb-phinf.pstatic.net/20250109_177/1736389245873JePdg_JPEG/%BB%F5%BF%EC_%BB%FE%BF%C0%B8%B6%C0%CC.jpg
1576050573,9,샤오롱빠오,12000,12000,12000,,false,https://ldb-phinf.pstatic.net/20250109_169/1736389235677BzJu2_JPEG/%BB%FE%BF%C0%B7%D5%BA%FC%BF%C0.jpg
1576050573,10,파채교,12000,12000,12000,,false,https://ldb-phinf.pstatic.net/20250109_210/1736389221650bttG4_JPEG/%C6%C4%C3%A4%B1%B3.jpg
1576050573,11,전복야채죽,18000,18000,18000,,false,https://ldb-phinf.pstatic.net/20250109_144/17363891941072NEyO_JPEG/%C0%FC%BA%B9%BE%DF%C3%A4%C1%D72.jpg
1576050573,12,하이보특냉채,55000,55000,55000,"R 78,000원 / L 117,000원",false,https://ldb-phinf.pstatic.net/20250109_56/1736388449251fsbK9_JPEG/%C7%CF%C0%CC%BA%B8_%C6%AF%B3%C3%C3%A4.jpg
1576050573,13,하이보샥스핀찜,80000,80000,80000,"L 120,000원",false,https://ldb-phinf.pstatic.net/20250109_123/1736388411672OjH30_JPEG/%BC%A1%BD%BA%C7%C9%C2%F2.jpg
1576050573,14,삼선누릉지탕,45000,45000,45000,"R 68,000원 / L 102,000원",false,https://ldb-phinf.pstatic.net/20250109_80/1736388324996sSGOX_JPEG/%B4%A9%B8%AA%C1%F6%C5%C1_%282%29.jpg
1576050573,15,등심탕수육,32000,32000,32000,"R 45,000원 / L 68,000원",false,https://ldb-phinf.pstatic.net/20250109_1/1736388289862AYo70_JPEG/%C5%C1%BC%F6%C0%B0.jpg
1576050573,16,자연송이소고기,62000,62000,62000,"R 82,000원 / L 123,000원",false,https://ldb-phinf.pstatic.net/20250109_151/1736388236237RgqA5_JPEG/%BC%DB%C0%CC%BF%EC%C0%B02.jpg
1576050573,17,깐풍기,35000,35000,35000,"R 48,000원 / L 72,000원",false,https://ldb-phinf.pstatic.net/20250109_230/1736388200876RN55f_JPEG/%B1%F1%C7%B3%B1%E2.jpg
1576050573,18,송이관자,62000,62000,62000,"R 82,000원 / L 123,000원",false,https://ldb-phinf.pstatic.net/20250109_159/1736388161735cozU0_JPEG/%BC%DB%C0%CC%B0%FC%C0%DA2.jpg
1576050573,19,"중새우(칠리, 마늘, 크림)",45000,45000,45000,"R 65,000원 / L 98,000원",false,https://ldb-phinf.pstatic.net/20250109_110/1736388119763GjLzl_JPEG/%C5%A9%B8%B2%BB%F5%BF%EC2.jpg
1576050573,20,전가복,62000,62000,62000,"R 82,000원 / L 123,000원",false,https://ldb-phinf.pstatic.net/20250109_286/17363880866603VqoG_JPEG/%C0%FC%B0%A1%BA%B92.jpg
1576050573,21,해삼쥬스,65000,65000,65000,"R 110,000원 / L 165,000원",false,https://ldb-phinf.pstatic.net/20250109_122/1736388061266QBDBI_JPEG/%C7%D8%BB%EF%C1%EA%BD%BA2.jpg
1576050573,22,해삼전복,75000,75000,75000,"R 110,000원 / L 165,000원",false,https://ldb-phinf.pstatic.net/20250109_150/17363880343244fdD4_JPEG/%C7%D8%BB%EF%C0%FC%BA%B92.jpg
1576050573,23,점심 스페셜코스,58000,58000,58000,실사진X. 3품 냉채/딤섬4종/전복해물누룽지탕/왕새우/전가복/식사/후식,false,https://ldb-phinf.pstatic.net/20230619_256/16871670773318QObY_JPEG/DSC03866.jpg
1576050573,24,점심A코스,34000,34000,34000,사진은 참고용입니다. 과일샐러드/딤섬2종/유산슬/등심탕수육/고추잡채/꽃빵/식사/후식,false,https://ldb-phinf.pstatic.net/20221108_126/1667889947293sBKWB_JPEG/%C1%A1%BD%C9_C%C4%DA%BD%BA_%28105%29.jpg
1576050573,25,점심B코스,43000,43000,43000,사진은 참고용입니다. 딤섬2종/설화삼슬/소고기야채볶음/칠리중새우/고추잡채/꽃빵/식사/후식,false,https://ldb-phinf.pstatic.net/20221108_180/1667889960734aGx5I_JPEG/%C1%A1%BD%C9_C%C4%DA%BD%BA_%2897%29.jpg
1576050573,26,Dimsum 점심A코스,38000,38000,38000,"동충하초 게살스프, 딤섬찜2종, 딤섬튀김1종, 유린기, 등심탕수육, 식사, 후식",false,https://ldb-phinf.pstatic.net/20221108_188/1667890120383DC3me_JPEG/%C5%A9%B1%E2%BA%AF%C8%AF%C1%A1%BD%C9_C%C4%DA%BD%BA_%2830%29.jpg
1576050573,27,Dimsum 점심B코스,48000,48000,48000,"해물누룽지탕, 딤섬찜2종, 딤섬튀김2종, 원앙중새우, 등심탕수육, 식사, 후식",false,https://ldb-phinf.pstatic.net/20221108_119/166789013685221TMd_JPEG/%C5%A9%B1%E2%BA%AF%C8%AF%C1%A1%BD%C9_C%C4%DA%BD%BA_%2822%29.jpg
1576050573,28,저녁 매코스,58000,58000,58000,"실사진X딤섬2종/게살냉채/삼선누룽지탕/원앙중새우/ 유린기/(고추,부추)잡채/식사/과일",false,https://ldb-phinf.pstatic.net/20221108_8/166789015158280dEG_JPEG/%C5%A9%B1%E2%BA%AF%C8%AF%C1%A1%BD%C9_C%C4%DA%BD%BA_%28102%29.jpg
1576050573,29,저녁 난코스,68000,68000,68000,실사진X.특선딤섬2종/3품냉채/게살스프/팔진오리/한우소고기야채볶음/칠리왕새우/식사/후식,false,https://ldb-phinf.pstatic.net/20221108_185/1667890169902fStYf_JPEG/%C5%A9%B1%E2%BA%AF%C8%AF%C1%A1%BD%C9_C%C4%DA%BD%BA_%2898%29.jpg
1576050573,30,저녁 국코스,85000,85000,85000,사진은 참고용.특냉채/딤섬2종/자연송이소고기볶음/금사오룡해삼게살샥스핀/바닷가재/식사/후식,false,https://ldb-phinf.pstatic.net/20221108_43/1667890204161nLnCN_JPEG/%C5%A9%B1%E2%BA%AF%C8%AF%C1%A1%BD%C9_C%C4%DA%BD%BA_%2810%29.jpg
1576050573,31,저녁 보물코스,110000,110000,110000,실사진X.VIP특냉채/케비어통게살스프/동충하초샥스핀/해삼바닷가재/도미찜/전복해물/식사/후식,false,https://ldb-phinf.pstatic.net/20221108_169/16678902168029P9Nf_JPEG/%C5%A9%B1%E2%BA%AF%C8%AF%C1%A1%BD%C9_C%C4%DA%BD%BA_%2834%29.jpg
1576050573,32,저녁 바다코스,150000,150000,150000,실사진X스페셜냉채/한우자연송이볶음/캐비어지느러미찜/장생불도장/국산해삼/자연송이바닷가재/식사,false,https://ldb-phinf.pstatic.net/20221108_265/1667890230168BuGBv_JPEG/%C5%A9%B1%E2%BA%AF%C8%AF%C1%A1%BD%C9_C%C4%DA%BD%BA_%2899%29.jpg
1576050573,33,Dimsum 저녁 딤섬A코스,58000,58000,58000,"소고기야채죽, 특선딤섬찜3종, 특선딤섬튀김1종, 팔보채, 소고기고추잡채, 식사, 후식",false,https://ldb-phinf.pstatic.net/20221108_251/1667890321238tILSy_JPEG/%C5%A9%B1%E2%BA%AF%C8%AF%C1%A1%BD%C9_C%C4%DA%BD%BA_%2827%29.jpg
1576050573,34,Dimsum 저녁 딤섬B코스,68000,68000,68000,"해물누룽지탕, 특선딤섬찜4종, 특선딤섬튀김1종, 전가복, 한우소고기야채볶음, 식사, 후식",false,https://ldb-phinf.pstatic.net/20221108_144/1667890331915g0ttH_JPEG/%C5%A9%B1%E2%BA%AF%C8%AF%C1%A1%BD%C9_C%C4%DA%BD%BA_%2897%29.jpg
1576755556,0,[NEW 신메뉴]더블등심+더블텐더,12900,12900,12900,,false,https://ldb-phinf.pstatic.net/20250601_6/1748704435299tqlsU_JPEG/%C7%C3%B7%A1%C6%BC%B3%D1%28%B4%F5%BA%ED%B5%EE%BD%C9%2B%B4%F5%BA%ED%C5%D9%B4%F5%29.jpg
1576755556,1,더블 등심+더블등심,13900,13900,13900,,false,https://ldb-phinf.pstatic.net/20250601_245/17487044769974TWiW_JPEG/%C7%C3%B7%A1%C6%BC%B3%D1%28%B4%F5%BA%ED%B5%EE%BD%C9%2B%B4%F5%BA%ED%B5%EE%BD%C9%29.jpg
1576755556,2,더블 텐더+더블 텐더,11900,11900,11900,,false,https://ldb-phinf.pstatic.net/20250601_286/1748704493614DryNj_JPEG/%C7%C3%B7%A1%C6%BC%B3%D1%28%B4%F5%BA%ED%C5%D9%B4%F5%2B%B4%F5%BA%ED%C5%D9%B4%F5%29.jpg
1576755556,3,[NEW 신메뉴]더블갈비살+더블텐더,12900,12900,12900,,false,https://ldb-phinf.pstatic.net/20250601_46/174870451205604Pln_JPEG/%C7%C3%B7%A1%C6%BC%B3%D1%28%B4%F5%BA%ED_%B0%A5%BA%F1%BB%EC%2B%B4%F5%BA%ED%C5%D9%B4%F5%29.jpg
1576755556,4,[NEW 신메뉴]더블불고기+더블텐더,12900,12900,12900,,false,https://ldb-phinf.pstatic.net/20250601_41/1748704527163KhO8W_JPEG/%C7%C3%B7%A1%C6%BC%B3%D1%28%B4%F5%BA%ED%BA%D2%B0%ED%B1%E2%2B%B4%F5%BA%ED%C5%D9%B4%F5%29.jpg
1576755556,5,프리미어 더블갈비살1+1(비프+비프),13900,13900,13900,햄버거 1개 + 햄버거 1개,false,https://ldb-phinf.pstatic.net/20250530_89/1748583063999ah4wc_JPEG/%B4%F5%BA%ED_%B0%A5%BA%F1%BB%EC_1%2B1.jpg
1576755556,6,프리미어 더블 불고기1+1,12900,12900,12900,햄버거 1개 + 햄버거 1개,false,https://ldb-phinf.pstatic.net/20250530_27/1748582968122LOb3M_JPEG/%B4%F5%BA%ED_%BA%D2%B0%ED%B1%E2_1%2B1.jpg
1576755556,7,프리미어 갈비살 1+1,7900,7900,7900,,false,https://ldb-phinf.pstatic.net/20250601_195/17487379619461G6NR_JPEG/%B0%A5%BA%F1%BB%EC_1%2B1.jpg
1576755556,8,프리미어 불고기 1+1,7900,7900,7900,,false,https://ldb-phinf.pstatic.net/20250601_84/1748737978058lRgfI_JPEG/%BA%D2%B0%ED%B1%E2%B9%F6%B0%C5_1%2B1.jpg
1576755556,9,호랑이 더블 비프+호랑이 더블 치킨,11900,11900,11900,시그니처 패티 두 종류를 모두 한꺼번에 맛 보실 수 있는 버거옥 간판 메뉴,true,https://ldb-phinf.pstatic.net/20250530_121/1748583081132AmCei_JPEG/%C8%A3%B6%FB%C0%CC%B4%F5%BA%ED1%2B1.jpg
1576755556,10,호랑이 더블비프 + 호랑이 더블비프,12900,12900,12900,,false,
1576755556,11,용 더블 치킨+용 더블 비프,11900,11900,11900,[매운맛]시그니처 패티 두 종류를 모두 한꺼번에 맛 보실수 있는 버거옥 간판 메뉴,false,https://ldb-phinf.pstatic.net/20250530_40/1748583088622QLUOo_JPEG/%BF%EB%B4%F5%BA%ED1%2B1.jpg
1576755556,12,용 더블비프 + 용 더블비프,12900,12900,12900,,false,
1576755556,13,백두 비프 + 백두 치킨,8800,8800,8800,,false,https://ldb-phinf.pstatic.net/20250601_122/1748738113793XuWUf_JPEG/%B9%E9%B5%CE_%B9%F6%B0%C5_1%2B1.jpg
1576755556,14,백두 비프 + 백두 비프,9800,9800,9800,,false,
1576755556,15,백두 치킨 + 백두 치킨,8800,8800,8800,,false,
1576755556,16,한라 비프 + 한라 치킨,8800,8800,8800,,false,https://ldb-phinf.pstatic.net/20250601_158/1748738154368AAriw_JPEG/%C7%D1%B6%F3_%B9%F6%B0%C5_1%2B1.jpg
1576755556,17,한라 비프 + 한라 비프,9800,9800,9800,,false,
1576755556,18,한라 치킨 + 한라 치킨,8800,8800,8800,,false,
1576755556,19,호랑이 더블 비프 세트,9900,9900,9900,햄버거 1개+감자튀김 1개+음료 1개,true,https://ldb-phinf.pstatic.net/20250530_91/1748583107913CvP5i_JPEG/%C8%A3%B6%FB%C0%CC_%B4%F5%BA%ED_%BA%F1%C7%C1_%BC%BC%C6%AE.jpg
1576755556,20,호랑이 더블 치킨 세트,9900,9900,9900,햄버거 1개+감자튀김 1개+음료 1개,false,https://ldb-phinf.pstatic.net/20250530_59/1748583114070Ik5qC_JPEG/%C8%A3%B6%FB%C0%CC_%B4%F5%BA%ED_%C4%A1%C5%B2_%BC%BC%C6%AE.jpg
1576755556,21,용 더블 비프 세트,9900,9900,9900,햄버거 1개+감자튀김 1개+음료 1개,false,https://ldb-phinf.pstatic.net/20250530_225/17485831204902rN41_JPEG/%BF%EB_%B4%F5%BA%ED_%BA%F1%C7%C1_%BC%BC%C6%AE.jpg
1576755556,22,용 더블 치킨 세트,9900,9900,9900,햄버거 1개+감자튀김 1개+음료 1개,false,https://ldb-phinf.pstatic.net/20250530_145/1748583125242Gojik_JPEG/%BF%EB_%B4%F5%BA%ED_%C4%A1%C5%B2_%BC%BC%C6%AE.jpg
1576755556,23,백두 비프 버거,6900,6900,6900,Only 소고기 원육과 버거옥 사과소스가 어우러진 버거,false,https://ldb-phinf.pstatic.net/20250601_132/1748738314124XwwwP_JPEG/%B9%E9%B5%CE_%BA%F1%C7%C1_%B9%F6%B0%C5.jpg
1576755556,24,백두 치킨 버거,6900,6900,6900,Only 국내산 닭과 버거옥 청양마요소스가 어우러진버거,false,https://ldb-phinf.pstatic.net/20250601_171/17487383278396lYF6_JPEG/%B9%E9%B5%CE_%C4%A1%C5%B2_%B9%F6%B0%C5.jpg
1576755556,25,한라 비프 버거,6900,6900,6900,Only 소고기 원육과 버거옥 전용 핫소스로 강렬한 매콤한맛,false,https://ldb-phinf.pstatic.net/20250601_238/1748738338529ky05S_JPEG/%C7%D1%B6%F3_%BA%F1%C7%C1_%B9%F6%B0%C5.jpg
1576755556,26,한라 치킨 버거,6900,6900,6900,Only 국내산 닭과 버거옥 전용 핫소스로 강렬한 매콤한맛,false,https://ldb-phinf.pstatic.net/20250601_131/1748738352706RJkVV_JPEG/%C7%D1%B6%F3_%C4%A1%C5%B2_%B9%F6%B0%C5.jpg
1576755556,27,더블 등심 버거,7900,7900,7900,,false,https://ldb-phinf.pstatic.net/20250601_182/1748738435433gVjLo_JPEG/%B4%F5%BA%ED_%B5%EE%BD%C9_%B9%F6%B0%C5.jpg
1576755556,28,어니언 더블 텐더 버거,7900,7900,7900,,false,https://ldb-phinf.pstatic.net/20250601_271/1748738445638fXxAa_JPEG/%BE%EE%B4%CF%BE%F0_%B4%F5%BA%ED_%C5%D9%B4%F5_%B9%F6%B0%C5.jpg
1576755556,29,치킨텐더(2조각),3500,3500,3500,국내산 하림닭을 사용해 겉은 바삭하고 속은 촉촉한 부드러운 텐더,false,https://ldb-phinf.pstatic.net/20250530_118/1748583176995XIHLd_JPEG/%C4%A1%C5%B2_%C5%D9%B4%F5_2%C1%B6%B0%A2.jpg
1576755556,30,일반 감자튀김,2200,2200,2200,슈스트링 코팅감자를 버거옥의 튀김스킬을 사용해 바싹하게 튀김,false,https://ldb-phinf.pstatic.net/20250530_70/1748583182527I74Nq_JPEG/%B0%A8%C0%DA%C6%A2%B1%E8.jpg
1576755556,31,펩시콜라(240ml),2000,2000,2000,,false,
1590056599,0,가든 스모크덕 샐러드,9900,9900,9900,(추천소스 : 발사믹 소스) 훈제 오리와 프레시한 채소와 그래놀라로 든든한 샐러드,false,https://ldb-phinf.pstatic.net/20251219_168/1766126302096grMuo_PNG/30_%B0%A1%B5%E7%BD%BA%B8%F0%C5%A9%B4%F6_%C7%D7%B0%F8.png
1590056599,1,로스팅 닭다리살 샐러드,9900,9900,9900,"(추천소스 : 스리라차 마요 소스) 닭다리살, 구운단호박 포만감까지 채워주는 맛있는 샐러드",false,https://ldb-phinf.pstatic.net/20251219_246/1766126167473tqqVu_PNG/29_%B7%CE%BD%BA%C6%C3%B4%DF%B4%D9%B8%AE%BB%EC_%C7%D7%B0%F8.png
1590056599,2,크런치 시저 샐러드,8900,8900,8900,(추천소스 : 시저 소스) 클래식한 시저 샐러드,false,https://ldb-phinf.pstatic.net/20251219_288/1766126129708bPKWP_PNG/28_%C5%A9%B7%B1%C4%A1%BD%C3%C0%FA_%C7%D7%B0%F8.png
1590056599,3,탄단지데이 샐러드,8500,8500,8500,(추천소스 : 오리엔탈 소스) 맛과 영양이 가득한 데일리 샐러드,false,https://ldb-phinf.pstatic.net/20251219_125/1766126053615qEtEm_PNG/27_%C5%BA%B4%DC%C1%F6%B5%A5%C0%CC_%C7%D7%B0%F8.png
1590056599,4,닭가슴살 에그 포케,11500,11500,11500,"고단백의 닭가슴살, 계란에 슬로우캘리 소이소스로 감칠맛을 더한 프로틴 포케",false,https://ldb-phinf.pstatic.net/20250901_160/1756688990886VYG0J_PNG/9_%B4%DF%B0%A1%BD%BF%BB%EC%BF%A1%B1%D7%C6%F7%C4%C9.png
1590056599,5,올인원 포케,14000,14000,14000,"연어, 참치, 문어를 한번에 담은 올인원 프로틴 포케",false,https://ldb-phinf.pstatic.net/20250901_32/1756689000124H9VIN_PNG/12_%C5%AC%B7%A1%BD%C4%BF%C3%C0%CE%BF%F8%C6%F7%C4%C9.png
1590056599,6,닭가슴살 에그 통밀 랩,7900,7900,7900,시그니처 소스로 버무려진 닭가슴살과 담백한 계란이 가득한 든든한 통밀 랩,false,https://ldb-phinf.pstatic.net/20240412_268/1712894694652oM2IG_JPEG/1_%B4%DF%B0%A1%BD%BF%BB%EC%BF%A1%B1%D7_%C5%EB%B9%D0_%B7%A6%28%B3%D7%C0%CC%B9%F6%29.jpg
1590056599,7,블랙페퍼 치킨 통밀 랩,8900,8900,8900,블랙페퍼 치킨이 통째로 들어간 부드러운 닭다리살 통밀 랩,false,https://ldb-phinf.pstatic.net/20240412_281/1712894553469eDU24_JPEG/3_%BA%ED%B7%A2%C6%E4%C6%DB%C4%A1%C5%B2_%C5%EB%B9%D0_%B7%A6%28%B3%D7%C0%CC%B9%F6%29.jpg
1590056599,8,부채살 스테이크 통밀 랩,10900,10900,10900,수비드한 부채살과 달짝지근한 소스가 들어간 든든한 통밀 랩,false,https://ldb-phinf.pstatic.net/20240412_152/1712894485124LIqfj_JPEG/4_%BA%CE%C3%A4%BB%EC%BD%BA%C5%D7%C0%CC%C5%A9_%C5%EB%B9%D0_%B7%A6%28%B3%D7%C0%CC%B9%F6%29.jpg
1590056599,9,클래식 참치 포케,11500,11500,11500,참치 속살을 달콤 짭짤한 특제 쇼유소스에 고소하게 버무려 낸 메뉴,false,https://ldb-phinf.pstatic.net/20240412_238/1712894369639Lh3SH_JPEG/1_%C5%AC%B7%A1%BD%C4%C2%FC%C4%A1%C6%F7%C4%C9.jpg
1590056599,10,스파이시 참치 포케,11500,11500,11500,스파이시 크림소스를 담백한 맛의 참치 속살과 버무려 한국인의 입맛도 저격한 메뉴,true,https://ldb-phinf.pstatic.net/20240412_197/1712894337906oY25s_JPEG/2_%BD%BA%C6%C4%C0%CC%BD%C3%C2%FC%C4%A1%C6%F7%C4%C9.jpg
1590056599,11,솔트앤페퍼 참치 포케,11500,11500,11500,통후추와 페퍼론치노를 오일베이스에 함께 버무려 내 깔끔하게 매콤하고 담백한 메뉴,false,https://ldb-phinf.pstatic.net/20240412_97/1712894311802rhndK_JPEG/3_%BC%D6%C6%AE%BE%D8%C6%E4%C6%DB%C2%FC%C4%A1%C6%F7%C4%C9.jpg
1590056599,12,클래식 연어 포케,12500,12500,12500,신선한 연어를 달콤 짭짤한 특제 쇼유소스에 고소하게 버무려 낸 슬로우캘리 대표 메뉴,true,https://ldb-phinf.pstatic.net/20240412_155/17128942864204cju9_JPEG/4_%C5%AC%B7%A1%BD%C4%BF%AC%BE%EE%C6%F7%C4%C9.jpg
1590056599,13,스파이시 연어 포케,12500,12500,12500,스파이시 크림소스를 담백한 맛의 신선한 연어와 버무려 한국인의 입맛도 저격한 매콤한 메뉴,false,https://ldb-phinf.pstatic.net/20240412_243/1712894260353TwM50_JPEG/5_%BD%BA%C6%C4%C0%CC%BD%C3%BF%AC%BE%EE%C6%F7%C4%C9.jpg
1590056599,14,와사비 렌치 연어 포케,12500,12500,12500,고소하고 담백한 특제 와사비 렌치 소스를 신선한 연어와 함께 버무려 낸 메뉴,false,https://ldb-phinf.pstatic.net/20240412_142/1712894226993swLrE_JPEG/6_%BF%CD%BB%E7%BA%F1%B7%BB%C4%A1%BF%AC%BE%EE%C6%F7%C4%C9.jpg
1590056599,15,라임 폰즈 문어 포케,10500,10500,10500,탱글한 식감의 자숙 문어와 새콤달콤 라임폰즈 소스가 조화롭게 어우러져 입맛을 돋는 메뉴,false,https://ldb-phinf.pstatic.net/20240412_62/17128941999001XQzQ_JPEG/7_%B6%F3%C0%D3%C6%F9%C1%EE%B9%AE%BE%EE%C6%F7%C4%C9.jpg
1590056599,16,오리엔탈 두부 포케,9500,9500,9500,부드럽고 담백한 연두부 튀김으로 슬로우캘리의 특제 오리엔탈 드레싱이 만난 비건 메뉴,false,https://ldb-phinf.pstatic.net/20240412_72/1712894175232wAgtY_JPEG/8_%BF%C0%B8%AE%BF%A3%C5%BB%B5%CE%BA%CE%C6%F7%C4%C9.jpg
1590056599,17,트러플 버섯 포케,10500,10500,10500,3가지버섯과 트러플향이 어우러진건강과 영양이 가득한 슬로우캘리만의 비건 스타일 포케,false,https://ldb-phinf.pstatic.net/20240412_110/17128941390821deQm_JPEG/9_%C6%AE%B7%AF%C7%C3%B9%F6%BC%B8%C6%F7%C4%C9.jpg
1590056599,18,블랙페퍼 치킨 보울,11500,11500,11500,직접 선별한 부드러운 닭 다리에 아일랜드 풍의 중독성 강한 블랙페퍼 소스,true,https://ldb-phinf.pstatic.net/20240412_69/1712894110211P6IYU_JPEG/10_%BA%ED%B7%A2%C6%E4%C6%DB%C4%A1%C5%B2%BA%B8%BF%EF.jpg
1590056599,19,부채살 스테이크 보울,13500,13500,13500,마리네이드 한 부챗살을 저온 조리하여 만든 슬로우캘리만의 건강한 육류 보울,true,https://ldb-phinf.pstatic.net/20240412_220/1712894075858KArs5_JPEG/11_%BA%CE%C3%A4%BB%EC%BD%BA%C5%D7%C0%CC%C5%A9%BA%B8%BF%EF.jpg
1590056599,20,하와이안 갈릭 쉬림프,13500,13500,13500,달콤한 갈릭 버터 소스와 통통한 새우가 어우러진 하와이 대표 메뉴,false,https://ldb-phinf.pstatic.net/20250901_96/17566889455623kSd9_PNG/16_%C7%CF%BF%CD%C0%CC%BE%C8%B0%A5%B8%AF%BD%AC%B8%B2%C7%C1.png
1590056599,21,프리미엄 연어 스테이크,14500,14500,14500,연어와 각종 신선한 재료들을 겉바속촉하게 그릴링하여 타르타르 소스와 함께 겉들인 메뉴,false,https://ldb-phinf.pstatic.net/20250901_256/1756688955487fHPEt_PNG/17_%C7%C1%B8%AE%B9%CC%BE%F6%BF%AC%BE%EE%BD%BA%C5%D7%C0%CC%C5%A9.png
1590056599,22,스파이시 토마토 야채 스프,4900,4900,4900,매콤한 토마토소스와 각종 야채가 어우러진 건강한 비건메뉴,false,https://ldb-phinf.pstatic.net/20250901_127/17566889689783jfiK_PNG/18_%BD%BA%C6%C4%C0%CC%BD%C3%C5%E4%B8%B6%C5%E4%BD%BA%C7%C1.png
1590056599,23,유기농 콤부차 진저레몬,5500,5500,5500,,false,https://ldb-phinf.pstatic.net/20240412_80/1712893921722Vaw2a_JPEG/21%C4%DE%BA%CE%C2%F7_%28%C1%F8%C0%FA%B7%B9%B8%F3%29.jpg
1590056599,24,유기농 콤부차 석류,5500,5500,5500,,false,https://ldb-phinf.pstatic.net/20240412_232/1712893897334X5aCK_JPEG/20_%C4%DE%BA%CE%C2%F7%28%BC%AE%B7%F9%B8%C0%29.jpg
1590056599,25,건강쥬스 ABC,3900,3900,3900,,false,https://ldb-phinf.pstatic.net/20240412_259/1712893868964vTcLn_JPEG/18_%C2%F8%C1%F3%C1%EA%BD%BA%28abc%29.jpg
1590056599,26,건강쥬스 GREEN,3900,3900,3900,,false,https://ldb-phinf.pstatic.net/20240412_161/1712893851040tzKbr_JPEG/19_%C2%F8%C1%F3%C1%EA%BD%BA%28%B1%D7%B8%B0%29.jpg
1590056599,27,"아메리카노 (HOT, ICED)",3000,3000,3000,,false,https://ldb-phinf.pstatic.net/20240412_95/1712893758650vt3JD_JPEG/22_%BE%C6%B8%DE%B8%AE%C4%AB%B3%EB.jpg
1590056599,28,제로 콜라,2000,2000,2000,,false,https://ldb-phinf.pstatic.net/20240412_235/1712893720173Opza5_JPEG/24_%C1%A6%B7%CE%C4%DD%B6%F3.jpg
1590056599,29,콜라,2000,2000,2000,,false,https://ldb-phinf.pstatic.net/20240412_278/17128937031916TTXN_JPEG/23_%C4%DD%B6%F3.jpg
1590056599,30,제로 스프라이트,2000,2000,2000,,false,https://ldb-phinf.pstatic.net/20240412_25/1712893687198yDysC_JPEG/26_%BD%BA%C7%C1%B6%F3%C0%CC%C6%AE%C1%A6%B7%CE.jpg
1590056599,31,스프라이트,2000,2000,2000,,false,https://ldb-phinf.pstatic.net/20240412_116/1712893658135ljI9V_JPEG/25_%BD%BA%C7%C1%B6%F3%C0%CC%C6%AE.jpg
1590056599,32,탄산수,3500,3500,3500,,false,https://ldb-phinf.pstatic.net/20240911_152/17260474884706q2ym_PNG/%B6%F3%C0%D3.png
1593577547,0,명품 한우 꽃등심,45000,45000,45000,최상품,true,https://ldb-phinf.pstatic.net/20211203_204/1638516536075JUli0_JPEG/33.jpg
1593577547,1,숙성 통 삼겹살,17000,17000,17000,,true,https://ldb-phinf.pstatic.net/20211207_49/1638844040816BkAUr_JPEG/2.jpg
1593577547,2,명품 한우 차돌,27000,27000,27000,암소 최상품,false,https://ldb-phinf.pstatic.net/20211203_202/1638516262735cDnrm_JPEG/23.jpg
1593577547,3,명품 한우 육회,26000,26000,26000,,false,https://ldb-phinf.pstatic.net/20211203_282/1638516272470LS4xE_JPEG/17.jpg
1593577547,4,명품 숙성 오겹살,18000,18000,18000,,false,https://ldb-phinf.pstatic.net/20211207_121/1638858374909WGTrw_JPEG/%B2%D9%B9%CC%B1%E21%BF%C0%B0%E3%BB%EC-%C6%ED%C1%FD.jpg
1593577547,5,숙성 통 목살,17000,17000,17000,,false,https://ldb-phinf.pstatic.net/20211203_200/1638516283198NsDLA_JPEG/15.jpg
1593577547,6,생갈비,18000,18000,18000,,false,https://ldb-phinf.pstatic.net/20211203_15/1638516293541IaEUK_JPEG/9.jpg
1593577547,7,항정살,21000,21000,21000,,false,https://ldb-phinf.pstatic.net/20211203_226/1638516313541DhEwK_PNG/KakaoTalk_20211203_153256513_02.png
1593577547,8,가브리살,19000,19000,19000,,false,https://ldb-phinf.pstatic.net/20211203_143/1638516326917pVyOR_JPEG/21.jpg
1593577547,9,구워먹는 임실치즈,10000,10000,10000,,true,https://ldb-phinf.pstatic.net/20211203_45/1638513209262MJgGI_JPEG/29.jpg
1593577547,10,화포술밥(된장술밥),8000,8000,8000,,true,https://ldb-phinf.pstatic.net/20211203_53/1638519615911kjqKW_JPEG/27.jpg
1593577547,11,깍두기 치즈 볶음밥,8000,8000,8000,,false,https://ldb-phinf.pstatic.net/20211203_138/1638516342140kAJWT_JPEG/24.jpg
1593577547,12,후식냉면(물),6000,6000,6000,,false,https://ldb-phinf.pstatic.net/20211203_264/1638516349465IBeQL_JPEG/26.jpg
1593577547,13,후식냉면(비빔),6000,6000,6000,,false,https://ldb-phinf.pstatic.net/20211203_153/1638516357394mYd2u_JPEG/25.jpg
1596023803,0,닭한마리 꽃삼합 샤브샤브,14900,14900,14900,샤브촌by계백집의 시그니처 메뉴인 닭한마리 꽃삼합 샤브샤브입니다. (닭반마리 제공),true,https://ldb-phinf.pstatic.net/20230404_155/16805658237512MYlz_JPEG/%B2%C9%BB%EF%C7%D5.JPG
1596023803,1,닭볶음탕 꽃삼합 샤브샤브,14900,14900,14900,닭볶음탕 꽃삼합 샤브샤브 (닭반마리 제공),true,https://ldb-phinf.pstatic.net/20230404_28/1680565781079aGvXc_JPEG/%B4%DF%BA%BA%C0%BD.JPG
1596023803,2,소고기샤브샤브(맑은/얼큰),13900,13900,13900,맑은 국물과 얼큰한 국물 중 손님 취향대로 선택하시는 소고기 샤브샤브,true,https://ldb-phinf.pstatic.net/20230404_82/1680565739282DNnPt_JPEG/%BC%D2%B0%ED%B1%E2.JPG
1601851950,0,부채살스테이크 샐러드,15200,15200,15200,,true,https://ldb-phinf.pstatic.net/20250615_270/1749971559338vgeQ9_PNG/%BA%CE%C3%A4%BB%EC%BD%BA%C5%D7%C0%CC%C5%A9%BB%F8%B7%AF%B5%E5_%B4%A9%B3%A2.png
1601851950,1,연어 포케,13800,13800,13800,,true,https://ldb-phinf.pstatic.net/20250615_24/1749973464829Gofie_PNG/%BF%AC%BE%EE_%C6%F7%C4%C9_%B4%A9%B3%A2.png
1601851950,2,알리오올리오 파스타,9000,9000,9000,,true,https://ldb-phinf.pstatic.net/20240618_248/17187199629622MSvK_JPEG/%C6%C4%BD%BA%C5%B8_%BE%CB%B8%AE%BF%C0%BF%C3%B8%AE%BF%C0_%BA%B8%C1%A4.jpg
1601851950,3,연두부 샐러드,9200,9200,9200,,false,https://ldb-phinf.pstatic.net/20250615_300/17499697665328uRwj_PNG/%BF%AC%B5%CE%BA%CE_%BB%F8%B7%AF%B5%E5_%B4%A9%B3%A2.png
1601851950,4,아보카도 샐러드,10200,10200,10200,,false,https://ldb-phinf.pstatic.net/20250615_200/17499705625977VplS_PNG/%BE%C6%BA%B8%C4%AB%B5%B5_%BB%F8%B7%AF%B5%E5_%B4%A9%B3%A2.png
1601851950,5,쉬림프 샐러드,10200,10200,10200,,false,https://ldb-phinf.pstatic.net/20250615_259/1749970600200E4rOw_PNG/%BD%AC%B8%B2%C7%C1%BB%F8%B7%AF%B5%E5_%B4%A9%B3%A2.png
1601851950,6,제육 샐러드,10200,10200,10200,,false,https://ldb-phinf.pstatic.net/20250615_94/1749970638304Yw5BU_PNG/%C1%A6%C0%B0_%BB%F8%B7%AF%B5%E5_%B4%A9%B3%A2.png
1601851950,7,수비드닭가슴살샐러드,10200,10200,10200,,false,https://ldb-phinf.pstatic.net/20250615_127/1749970763842ahVzl_PNG/%BC%F6%BA%F1%B5%E5%B4%DF%B0%A1%BD%BF%BB%EC%BB%F8%B7%AF%B5%E5_%B4%A9%B3%A2.png
1601851950,8,큐브닭가슴살 샐러드,10200,10200,10200,,false,https://ldb-phinf.pstatic.net/20250615_77/1749970882308BXVVj_PNG/%B4%DF%B0%A1%BD%BF%BB%EC%BB%F8%B7%AF%B5%E5_%B4%A9%B3%A2.png
1601851950,9,돈불고기 샐러드,10200,10200,10200,,false,https://ldb-phinf.pstatic.net/20250615_181/1749971047643ccf5E_PNG/%B5%B7%BA%D2%B0%ED%B1%E2%BB%F8%B7%AF%B5%E5_%B4%A9%B3%A2.png
1601851950,10,닭다리살 샐러드,10200,10200,10200,,false,https://ldb-phinf.pstatic.net/20250615_174/1749971075425J58Qc_PNG/%B4%DF%B4%D9%B8%AE%BB%EC%BB%F8%B7%AF%B5%E5_%B4%A9%B3%A2.png
1601851950,11,소고기 샐러드,12800,12800,12800,,false,https://ldb-phinf.pstatic.net/20250615_133/1749971239352AEbqJ_PNG/%BC%D2%B0%ED%B1%E2%BB%F8%B7%AF%B5%E5_%B4%A9%B3%A2.png
1601851950,12,문어 샐러드,12800,12800,12800,,false,https://ldb-phinf.pstatic.net/20250615_128/1749971254272EUR7k_PNG/%B9%AE%BE%EE%BB%F8%B7%AF%B5%E5_%B4%A9%B3%A2.png
1601851950,13,틸라피아 샐러드,12800,12800,12800,,false,https://ldb-phinf.pstatic.net/20250615_212/1749971500021ycs1n_PNG/%C6%BF%B6%F3%C7%C7%BE%C6_%BB%F8%B7%AF%B5%E5_%B4%A9%B3%A2.png
1601851950,14,연어 샐러드,12800,12800,12800,,false,https://ldb-phinf.pstatic.net/20250615_166/1749971518167pIqb2_PNG/%BF%AC%BE%EE_%BB%F8%B7%AF%B5%E5_%B4%A9%B3%A2.png
1601851950,15,연어스테이크 샐러드,15200,15200,15200,,false,https://ldb-phinf.pstatic.net/20250615_131/1749971537248WiHNt_PNG/%BF%AC%BE%EE%BD%BA%C5%D7%C0%CC%C5%A9_%BB%F8%B7%AF%B5%E5_%B4%A9%B3%A2.png
1601851950,16,연두부 포케,10200,10200,10200,,false,https://ldb-phinf.pstatic.net/20250615_162/1749972162388QuxWp_PNG/%BF%AC%B5%CE%BA%CE_%C6%F7%C4%C9_%B4%A9%B3%A2.png
1601851950,17,아보카도 포케,11200,11200,11200,,false,https://ldb-phinf.pstatic.net/20250615_218/1749972190819UgMUN_PNG/%BE%C6%BA%B8%C4%AB%B5%B5_%C6%F7%C4%C9_%B4%A9%B3%A2.png
1601851950,18,에그베이컨 포케,11200,11200,11200,,false,https://ldb-phinf.pstatic.net/20250615_133/1749972218880ovraj_PNG/%BA%A3%C0%CC%C4%C1_%C6%F7%C4%C9_%B4%A9%B3%A2.png
1601851950,19,쉬림프 포케,11200,11200,11200,,false,https://ldb-phinf.pstatic.net/20250615_73/1749972233690CJlP9_PNG/%BD%AC%B8%B2%C7%C1_%C6%F7%C4%C9_%B4%A9%B3%A2.png
1601851950,20,제육 포케,11200,11200,11200,,false,https://ldb-phinf.pstatic.net/20250615_73/1749972506924COWgr_PNG/%C1%A6%C0%B0_%C6%F7%C4%C9_%B4%A9%B3%A2.png
1601851950,21,수비드닭가슴살 포케,11200,11200,11200,,false,https://ldb-phinf.pstatic.net/20250615_282/1749972525022rveSW_PNG/%BC%F6%BA%F1%B5%E5%B4%DF%B0%A1%BD%BF%BB%EC_%C6%F7%C4%C9_%B4%A9%B3%A2.png
1601851950,22,큐브닭가슴살 포케,11200,11200,11200,,false,https://ldb-phinf.pstatic.net/20250615_147/17499727351533IgDu_PNG/%C5%A5%BA%EA%B4%DF%B0%A1%BD%BF%BB%EC_%C6%F7%C4%C9_%B4%A9%B3%A2.png
1601851950,23,돈불고기 포케,11200,11200,11200,,false,https://ldb-phinf.pstatic.net/20250615_279/1749972847151EAzmk_PNG/%B5%B7%BA%D2%B0%ED%B1%E2_%C6%F7%C4%C9_%B4%A9%B3%A2.png
1601851950,24,닭다리살 포케,11200,11200,11200,,false,https://ldb-phinf.pstatic.net/20250615_291/1749973068096EcJMO_PNG/%B4%DF%B4%D9%B8%AE%BB%EC_%C6%F7%C4%C9_%B4%A9%B3%A2.png
1601851950,25,소고기 포케,13800,13800,13800,,false,https://ldb-phinf.pstatic.net/20250615_60/17499730833577JhGw_PNG/%BC%D2%B0%ED%B1%E2_%C6%F7%C4%C9_%B4%A9%B3%A2.png
1601851950,26,틸라피아 포케,13800,13800,13800,,false,https://ldb-phinf.pstatic.net/20250615_195/1749973254518u9sa9_PNG/%C6%BF%B6%F3%C7%C7%BE%C6_%C6%F7%C4%C9_%B4%A9%B3%A2.png
1601851950,27,문어 포케,13800,13800,13800,,false,https://ldb-phinf.pstatic.net/20250615_207/1749973270395bfqaD_PNG/%B9%AE%BE%EE_%C6%F7%C4%C9_%B4%A9%B3%A2.png
1601851950,28,연어스테이크 포케,16200,16200,16200,,false,https://ldb-phinf.pstatic.net/20250615_233/1749973481166tEMCs_PNG/%BF%AC%BE%EE%BD%BA%C5%D7%C0%CC%C5%A9_%C6%F7%C4%C9_%B4%A9%B3%A2.png
1601851950,29,부채살스테이크 포케,16200,16200,16200,,false,https://ldb-phinf.pstatic.net/20250615_72/17499734977388zFdl_PNG/%BA%CE%C3%A4%BB%EC%BD%BA%C5%D7%C0%CC%C5%A9_%C6%F7%C4%C9_%B4%A9%B3%A2.png
1601851950,30,쉬림프 도시락,10700,10700,10700,,false,https://ldb-phinf.pstatic.net/20250615_105/1749973888308ticwK_PNG/%BD%AC%B8%B2%C7%C1_%B5%B5%BD%C3%B6%F4_%B4%A9%B3%A2.png
1601851950,31,제육 도시락,10700,10700,10700,,false,https://ldb-phinf.pstatic.net/20250615_169/1749973902757TLsCT_PNG/%C1%A6%C0%B0_%B5%B5%BD%C3%B6%F4_%B4%A9%B3%A2.png
1601851950,32,수비드닭가슴살 도시락,10700,10700,10700,,false,https://ldb-phinf.pstatic.net/20250615_196/1749973925810szlwL_PNG/%BC%F6%BA%F1%B5%E5%B4%DF%B0%A1%BD%BF%BB%EC_%B5%B5%BD%C3%B6%F4_%B4%A9%B3%A2.png
1601851950,33,큐브닭가슴살 도시락,10700,10700,10700,,false,https://ldb-phinf.pstatic.net/20250615_221/1749974127096sePbQ_PNG/%C5%A5%BA%EA%B4%DF%B0%A1%BD%BF%BB%EC_%B5%B5%BD%C3%B6%F4_%B4%A9%B3%A2.png
1601851950,34,돈불고기 도시락,10700,10700,10700,,false,https://ldb-phinf.pstatic.net/20250615_179/1749974144393QndoK_PNG/%B5%B7%BA%D2%B0%ED%B1%E2_%B5%B5%BD%C3%B6%F4_%B4%A9%B3%A2.png
1601851950,35,닭다리살 도시락,10700,10700,10700,,false,https://ldb-phinf.pstatic.net/20250615_107/17499741607153nrQ2_PNG/%B4%DF%B4%D9%B8%AE%BB%EC_%B5%B5%BD%C3%B6%F4_%B4%A9%B3%A2.png
1601851950,36,소고기 도시락,13300,13300,13300,,false,https://ldb-phinf.pstatic.net/20250615_165/1749974435982Mlyij_PNG/%BC%D2%B0%ED%B1%E2_%B5%B5%BD%C3%B6%F4_%B4%A9%B3%A2.png
1601851950,37,틸라피아 도시락,13300,13300,13300,,false,https://ldb-phinf.pstatic.net/20250615_196/1749974459107gKQMv_PNG/%C6%BF%B6%F3%C7%C7%BE%C6_%B5%B5%BD%C3%B6%F4_%B4%A9%B3%A2.png
1601851950,38,연어스테이크 도시락,15700,15700,15700,,false,https://ldb-phinf.pstatic.net/20250615_218/1749974473361Wl21g_PNG/%BF%AC%BE%EE%BD%BA%C5%D7%C0%CC%C5%A9_%B5%B5%BD%C3%B6%F4_%B4%A9%B3%A2.png
1601851950,39,부채살스테이크 도시락,15700,15700,15700,,false,https://ldb-phinf.pstatic.net/20250615_249/17499744908524rKrr_PNG/%BA%CE%C3%A4%BB%EC%BD%BA%C5%D7%C0%CC%C5%A9_%B5%B5%BD%C3%B6%F4_%B4%A9%B3%A2.png
1601851950,40,버섯크림 파스타,9500,9500,9500,,false,https://ldb-phinf.pstatic.net/20240618_291/1718720041147pEqgG_JPEG/%B9%E4%B7%F9_%B9%F6%BC%B8%C5%A9%B8%B2%B8%AE%C1%B6%B6%C7_%BA%B8%C1%A4.jpg
1601851950,41,아라비아따 파스타,9500,9500,9500,,false,https://ldb-phinf.pstatic.net/20240618_166/1718720090460dOGbd_JPEG/%C6%C4%BD%BA%C5%B8_%BE%C6%B6%F3%BA%F1%BE%C6%B5%FB_%BA%B8%C1%A4.jpg
1601851950,42,베이컨크림 파스타,9900,9900,9900,,false,https://ldb-phinf.pstatic.net/20240618_259/17187201423435SGmX_JPEG/%C6%C4%BD%BA%C5%B8_%BA%A3%C0%CC%C4%C1%C5%A9%B8%B2_%BA%B8%C1%A4.jpg
1601851950,43,쉬림프로제 파스타,12400,12400,12400,,false,https://ldb-phinf.pstatic.net/20240618_49/1718720171486akLTT_JPEG/%C6%C4%BD%BA%C5%B8_%BD%AC%B8%B2%C7%C1%B7%CE%C1%A6_%BA%B8%C1%A4.jpg
1601851950,44,김치볶음밥,9500,9500,9500,,false,https://ldb-phinf.pstatic.net/20240618_202/1718720234218P0cDV_JPEG/%B9%E4%B7%F9_%B1%E8%C4%A1%BA%BA%C0%BD%B9%E4_%BA%B8%C1%A4.jpg
1601851950,45,베이컨토마토리조또,9900,9900,9900,,false,https://ldb-phinf.pstatic.net/20240618_292/1718720341599GLdVn_JPEG/%B9%E4%B7%F9_%BA%A3%C0%CC%C4%C1%C5%E4%B8%B6%C5%E4%B8%AE%C1%B6%B6%C7_%BA%B8%C1%A4.jpg
1601851950,46,버섯크림리조또,9900,9900,9900,,false,https://ldb-phinf.pstatic.net/20240618_67/17187203047103pFKs_JPEG/%B9%E4%B7%F9_%B9%F6%BC%B8%C5%A9%B8%B2%B8%AE%C1%B6%B6%C7_%BA%B8%C1%A4.jpg
1601851950,47,그릭요거트,5000,5000,5000,,false,https://ldb-phinf.pstatic.net/20240618_271/1718720558427qUo3O_JPEG/%BF%E4%B0%C5%C6%AE_03_%BA%B8%C1%A4.jpg
1601851950,48,아메리카노,2000,2000,2000,,false,https://ldb-phinf.pstatic.net/20240618_70/1718720586143sYTGu_JPEG/%C0%BD%B7%E1_%BE%C6%C0%CC%BD%BA%BE%C6%B8%DE%B8%AE%C4%AB%B3%EB_%BA%B8%C1%A4.jpg
1601851950,49,카페라떼,3500,3500,3500,,false,https://ldb-phinf.pstatic.net/20240618_282/1718720604202rMxvl_JPEG/%C0%BD%B7%E1_%BE%C6%C0%CC%BD%BA%C4%AB%C6%E4%B6%F3%B6%BC_%BA%B8%C1%A4.jpg
1601851950,50,자몽에이드,5000,5000,5000,,false,https://ldb-phinf.pstatic.net/20240618_66/1718720642791Rlmz3_JPEG/%C0%BD%B7%E1_%C0%DA%B8%F9%BF%A1%C0%CC%B5%E5_%BA%B8%C1%A4.jpg
1601851950,51,레몬에이드,5000,5000,5000,,false,https://ldb-phinf.pstatic.net/20240618_242/1718720661158hPalJ_JPEG/%C0%BD%B7%E1_%B7%B9%B8%F3%BF%A1%C0%CC%B5%E5_%BA%B8%C1%A4.jpg
1601851950,52,청포도에이드,5000,5000,5000,,false,https://ldb-phinf.pstatic.net/20240618_162/1718720677679YHBGh_JPEG/%C0%BD%B7%E1_%C3%BB%C6%F7%B5%B5%BF%A1%C0%CC%B5%E5_%BA%B8%C1%A4.jpg
1601851950,53,탄산수,2000,2000,2000,,false,
1601851950,54,콜라,2000,2000,2000,,false,
1601851950,55,제로콜라,2000,2000,2000,,false,
1601851950,56,스프라이트,2000,2000,2000,,false,
1601851950,57,제로스프라이트,2000,2000,2000,,false,
1601851950,58,제로닥터페퍼,2000,2000,2000,,false,
1601851950,59,복숭아 아이스티,2000,2000,2000,,false,
1602580777,0,츠케멘,10000,10000,10000,,false,https://ldb-phinf.pstatic.net/20200904_145/15992118603390Vacq_JPEG/OVnUUKOPdcBP92opBjM0LYNV.jpeg.jpg
1602580777,1,신라멘,10000,10000,10000,,false,
1602580777,2,돈코츠라멘,10000,10000,10000,,false,
1602580777,3,바질라멘,11000,11000,11000,,false,
1602580777,4,차슈,3000,3000,3000,,false,
1602580777,5,맛계란,1000,1000,1000,,false,
1602580777,6,치킨가라아게,2500,2500,2500,,false,
1602580777,7,새우튀김 2개,3000,3000,3000,,false,
1603429250,0,문어보쌈(중) 2~3인,54800,54800,54800,최상급 활문어의 쫄깃하고 야들야들한 식감과 부드럽고 풍미좋은 수육과 묵은지의 조합,true,https://ldb-phinf.pstatic.net/20220301_222/1646145014958qh6cU_JPEG/color_correct-2.jpg
1603429250,1,문어보쌈(대) 3~4인분,89800,89800,89800,최상급 활문어 숙회의 쫄깃하고 야들야들한 식감과 부드럽고 풍미좋은 수육과 묵은지의 조합,true,https://ldb-phinf.pstatic.net/20220301_146/1646145052609pSOGH_JPEG/color_correct-2.jpg
1603429250,2,비빔 막국수,9800,9800,9800,매콤새콤달콤한 비빔막국수는 한국인의 맛이죠. 어머니의 28년 정성을 그대로 담았습니다.,true,https://ldb-phinf.pstatic.net/20220301_53/1646144841786RujE0_JPEG/color_correct.jpg
1603429250,3,들기름 막국수,9800,9800,9800,손수 만든 들기름 특제육수와 직접 짜온 100% 들기름으로 담백하고 고소한 깊은 풍미,true,https://ldb-phinf.pstatic.net/20220301_133/1646144854935Uz80p_JPEG/color_correct.jpg
1603429250,4,물 막국수,9800,9800,9800,매콤새콤한 다진양념이 들어간 물막국수로 배와 야채로 우려낸 육수의 시원함이 어우러진 막국수,false,https://ldb-phinf.pstatic.net/20220302_282/164615000559199d7x_JPEG/color_correct.jpg
1603429250,5,문어숙회(소) 1~2인,34800,34800,34800,오직 살아있는 문어만을 고집합니다. 최상급 활문어 숙회의 쫄깃하고 야들야들한 식감이 일품,false,https://ldb-phinf.pstatic.net/20220301_270/16461456853457R6Vv_JPEG/color_correct-2.jpg
1603429250,6,문어숙회(중) 2~3인,59800,59800,59800,오직 살아있는 문어만을 고집합니다. 최상급 활문어 숙회의 쫄깃하고 야들야들한 식감이 일품,false,https://ldb-phinf.pstatic.net/20220301_167/1646145754235bYeST_JPEG/color_correct-3.jpg
1603429250,7,맛보기 수육 (점심/추가메뉴),14800,14800,14800,수 많은 정성과 노력이 들어간 구워삶은수육으로 풍미가 남다른 맛으로 인기 추가메뉴,false,https://ldb-phinf.pstatic.net/20220302_252/1646150133330Uerjo_JPEG/color_correct-2.jpg
1603429250,8,왕교자 찐만두 (점심 /추가메뉴),6800,6800,6800,"만두전문점에서 사용하는 전용 찜기로, 엄선해서 고른 왕교자로 육즙이 느껴지는 찐만두",false,https://ldb-phinf.pstatic.net/20220302_130/1646149486539K70s9_JPEG/color_correct-2.jpg
1603429250,9,간장수육덮밥,11800,11800,11800,손수 만든 특제 간장과 직접 짜온 100% 들기름과 풍미가 깊은 수육의 조화로 한끼 뚝딱!,false,https://ldb-phinf.pstatic.net/20220302_188/1646149361916WrK5S_JPEG/color_correct.jpg
1603429250,10,해물 부추전 (안주),24800,24800,24800,국내산 문어와 선동오징어 그리고 새우가 듬뿍 담긴 해물부추전,false,https://ldb-phinf.pstatic.net/20220301_132/1646146558105SWzsJ_JPEG/color_correct.jpg
1603429250,11,묵은지 해물전 (안주),24800,24800,24800,"제데로 숙성시킨 묵은지와 국내산 문어,오징어와 새우가 들어간 안주",false,https://ldb-phinf.pstatic.net/20220301_286/1646146325057EzRka_JPEG/color_correct-2.jpg
1603429250,12,매콤한 해물볶음 (안주),29800,29800,29800,국내산 문어와 선동오징어 그리고 새우가 듬뿍 들어간 매콤한 볶음 안주,false,https://ldb-phinf.pstatic.net/20220302_219/1646149241370WidYF_JPEG/color_correct-2.jpg
1603429250,13,고래사 어묵탕 (안주),22800,22800,22800,프리미엄 부산어묵 '고래사어묵' 만을 사용합니다. 높은어육함량으로 국물 맛도 끝내줘요,false,https://ldb-phinf.pstatic.net/20220302_217/1646149123350NsW8i_JPEG/color_correct.jpg
1603429250,14,해물라면,12800,12800,12800,국내산 문어와 선동오징어 그리고 새우가 듬뿍 들어간 해물라면으로 인기높은 추가 안주메뉴,false,https://ldb-phinf.pstatic.net/20220302_143/1646149643559l6ean_JPEG/color_correct-3.jpg
1608631238,0,국밥,10000,10000,10000,,false,https://ldb-phinf.pstatic.net/20241004_222/17280230761545SGOV_JPEG/temp_1728021750220.-1131058911.jpeg
1608631238,1,특국밥,12000,12000,12000,,false,https://ldb-phinf.pstatic.net/20241004_282/1728023126643WLFvM_JPEG/temp_1728021750220.-1131058911.jpeg
1608631238,2,하얀국밥,10000,10000,10000,,false,https://ldb-phinf.pstatic.net/20260406_180/1775461347307Niwhe_PNG/1775461185191.png
1608631238,3,황태해장국,10000,10000,10000,,false,https://ldb-phinf.pstatic.net/20260406_198/1775461396118Injjv_PNG/1775461185191.png
1608631238,4,황태해장국정식,13000,13000,13000,,false,https://ldb-phinf.pstatic.net/20260406_165/17754614941896VuUl_PNG/1775461189760.png
1608631238,5,하얀국밥정식,13000,13000,13000,,false,https://ldb-phinf.pstatic.net/20260406_60/1775461468894F13pQ_PNG/1775461189887.png
1608631238,6,국밥정식,13000,13000,13000,,false,https://ldb-phinf.pstatic.net/20260406_154/1775461426830HXH04_PNG/1775461189612.png
1608631238,7,수육 (소 350g),28000,28000,28000,,false,https://ldb-phinf.pstatic.net/20241004_300/1728023375795UoCxH_JPEG/temp_1728022447556.-21964079.jpeg
1608631238,8,수육(대 530g),38000,38000,38000,,false,https://ldb-phinf.pstatic.net/20241004_190/17280234003186b5WW_JPEG/temp_1728022447556.-21964079.jpeg
1608631238,9,갓수육 (대 530g),43000,43000,43000,,false,https://ldb-phinf.pstatic.net/20241004_23/1728023479415JBzdd_JPEG/temp_1728022447562.-21964079.jpeg
1608631238,10,갓수육(소 350g),33000,33000,33000,,false,https://ldb-phinf.pstatic.net/20241004_69/1728023445176hx9de_JPEG/temp_1728022447562.-21964079.jpeg
1608631238,11,수육무침,33000,33000,33000,"매일삶은수육에 나진비법소스와 야채와
들깨가 어우러져 깔끔단백 그자체!!",false,https://ldb-phinf.pstatic.net/20241007_110/1728305412567etE1t_PNG/1727314060666.png
1608631238,12,술상한상,53000,53000,53000,,false,https://ldb-phinf.pstatic.net/20241004_146/1728023674026THCcG_JPEG/temp_1728022447572.-21964079.jpeg
1609949246,0,런치A세트-샤브샤브(전각),16900,16900,16900,"쇠고기(캐나다산 전각80g)샐러드,신선한야채,단호박,두부,떡,소스3종,칼국수or죽",true,https://ldb-phinf.pstatic.net/20250507_258/1746592389412Yd3rN_JPEG/%BB%FE%BA%EA%BB%FE%BA%EA1.jpg
1609949246,1,런치A세트-스키야키(전각),16900,16900,16900,"쇠고기(캐나다산전각80g)샐러드,신선한야채,생계란,은행,두부,곤약,볶음밥or야끼우동(택1)",true,https://ldb-phinf.pstatic.net/20250507_22/1746592427760scw6s_JPEG/%BD%BA%C5%B0%BE%DF%C5%B01.jpg
1609949246,2,런치B세트-샤브샤브(알목심),18900,18900,18900,"쇠고기(미국산 알목심80g)샐러드,신선한야채,단호박,두부,떡,소스3종,칼국수or죽",false,https://ldb-phinf.pstatic.net/20250507_62/1746592407827iKGt2_JPEG/%BB%FE%BA%EA%BB%FE%BA%EA1.jpg
1609949246,3,런치B세트-스키야키(알목심),18900,18900,18900,"쇠고기(미국산 알목심80g)샐러드,신선한야채,생계란,은행,두부,곤약,볶음밥or야끼우동",false,https://ldb-phinf.pstatic.net/20250507_70/17465924405480oXDO_JPEG/%BD%BA%C5%B0%BE%DF%C5%B01.jpg
1609949246,4,런치C세트-샤브샤브(살치살),21900,21900,21900,"쇠고기(미국산 살치살80g)샐러드,신선한야채,단호박,떡,소스3종,칼국수or죽",false,https://ldb-phinf.pstatic.net/20250507_18/17465924170425nySc_JPEG/%BB%FE%BA%EA%BB%FE%BA%EA1.jpg
1609949246,5,런치C세트-스키야키(살치살),21900,21900,21900,"쇠고기(미국산 살치살80g)신선한야채,생계란,은행,곤약,두부,볶음밥or야끼우동",false,https://ldb-phinf.pstatic.net/20250507_156/1746592450233z8FMS_JPEG/%BD%BA%C5%B0%BE%DF%C5%B01.jpg
1609949246,6,런치D세트-샤브샤브(한우설도++),23900,23900,23900,"쇠고기(한우설도++80g)샐러드,신선한야채,단호박,두부,떡,소스3종,칼국수or죽",false,https://ldb-phinf.pstatic.net/20250912_147/1757650768617V5mKW_JPEG/%BB%FE%BA%EA%BB%FE%BA%EA.jpg
1609949246,7,런치D세트-스키야키(한우설도++),23900,23900,23900,"쇠고기(한우설도++80g)샐러드,신선한야채,생계란,은행,두부,곤약,볶음밥or야끼우동",false,https://ldb-phinf.pstatic.net/20250912_182/1757650789660kMw7D_JPEG/%BD%BA%C5%B0%BE%DF%C5%B0.jpg
1609949246,8,런치-(무한)알목심,31900,31900,31900,"미국산 알목심과 신선한 채소가 무제한. 스키야키와 샤브샤브 중 택1, 후식포함",false,https://ldb-phinf.pstatic.net/20251231_53/17671642622345YzjG_JPEG/KakaoTalk_20251231_144139444.jpg
1609949246,9,런치-(무한)살치살,36900,36900,36900,"미국산 살치살과 신선한 채소가 무제한. 스키야키와 샤브샤브 중 택1, 후식포함",false,https://ldb-phinf.pstatic.net/20251231_76/1767164272210rAs0K_JPEG/KakaoTalk_20251231_144139444.jpg
1609949246,10,런치-(무한)한우설도++,39900,39900,39900,"한우설도++와 신선한 채소가 무제한. 스키야키와 샤브샤브 중 택1, 후식포함",false,https://ldb-phinf.pstatic.net/20250929_192/1759114596581vhnUG_JPEG/KakaoTalk_20250925_163539637.jpg
1609949246,11,디너A세트-샤브샤브(전각),20900,20900,20900,"쇠고기(캐나다산전각100g)샐러드,신선한야채,단호박,떡,소스3종,칼국수or죽(택1)",true,https://ldb-phinf.pstatic.net/20250507_169/1746592472339AtInw_JPEG/%BB%FE%BA%EA%BB%FE%BA%EA1.jpg
1609949246,12,디너A세트-스키야키(전각),20900,20900,20900,"쇠고기(캐나다산전각100g)샐러드,신선한야채,생계란,은행,두부,곤약,볶음밥or야끼우동",true,https://ldb-phinf.pstatic.net/20250507_45/1746592499276t4XKM_JPEG/%BD%BA%C5%B0%BE%DF%C5%B01.jpg
1609949246,13,디너B세트-샤브샤브(알목심),22900,22900,22900,"쇠고기(미국산 알목심100g)샐러드,신선한야채,단호박,떡,소스3종,칼국수or죽",false,https://ldb-phinf.pstatic.net/20250507_7/1746592480487wAwgM_JPEG/%BB%FE%BA%EA%BB%FE%BA%EA1.jpg
1609949246,14,디너B세트-스키야키(알목심),22900,22900,22900,"쇠고기(미국산 알목심100g),샐러드,신선한야채,생계란,두부,곤약등,볶음밥or야끼우동",false,https://ldb-phinf.pstatic.net/20250507_30/1746592506320u1fm4_JPEG/%BD%BA%C5%B0%BE%DF%C5%B01.jpg
1609949246,15,디너C세트-샤브샤브(살치살),25900,25900,25900,"쇠고기(미국산 살치살100g)신선한야채,단호박,떡,두부,소스3종,칼국수or죽",false,https://ldb-phinf.pstatic.net/20250507_86/1746592489175K4oeo_JPEG/%BB%FE%BA%EA%BB%FE%BA%EA1.jpg
1609949246,16,디너C세트-스키야키(살치살),25900,25900,25900,"쇠고기(미국산 살치살100g)신선한야채,생계란,은행,곤약,두부,볶음밥or야끼우동",false,https://ldb-phinf.pstatic.net/20250507_166/1746592513373PcW3m_JPEG/%BD%BA%C5%B0%BE%DF%C5%B01.jpg
1609949246,17,디너D세트-샤브샤브(한우설도++),27900,27900,27900,"쇠고기(한우설도++100g)신선한야채,단호박,떡,두부,소스3종,칼국수or죽",false,https://ldb-phinf.pstatic.net/20250912_145/1757650989664h08TW_JPEG/%BB%FE%BA%EA%BB%FE%BA%EA.jpg
1609949246,18,디너D세트-스키야키(한우설도++),27900,27900,27900,"쇠고기(한우설도++100g),샐러드,신선한야채,생계란,두부,곤약등,볶음밥or야끼우동",false,https://ldb-phinf.pstatic.net/20250912_111/1757651013977DEEAT_JPEG/%BD%BA%C5%B0%BE%DF%C5%B0.jpg
1609949246,19,디너-(무한)알목심,34900,34900,34900,"미국산 알목심과 신선한 채소가 무제한. 스키야키와 샤브샤브 중 택1, 후식포함",false,https://ldb-phinf.pstatic.net/20251231_60/1767164293180ayWRU_JPEG/KakaoTalk_20251231_144139444.jpg
1609949246,20,디너-(무한)살치살,39900,39900,39900,"미국산 살치살과 신선한 채소가 무제한. 스키야키와 샤브샤브 중 택1, 후식포함",false,https://ldb-phinf.pstatic.net/20251231_130/1767164301347ka1Ou_JPEG/KakaoTalk_20251231_144139444.jpg
1609949246,21,디너-(무한)한우설도++,41900,41900,41900,"한우설도++와 신선한 채소가 무제한. 스키야키와 샤브샤브 중 택1, 후식포함",false,https://ldb-phinf.pstatic.net/20250929_38/1759114601966F0ops_JPEG/KakaoTalk_20250925_163539637.jpg
1611851503,0,전문 서버가 구워드리는 프리미엄 한우,0,,,전문 서버가 직접 구워드리니 가장 맛있는 순간을 편하게 즐겨보세요.,true,https://ldb-phinf.pstatic.net/20260510_270/1778406742860jBPsm_JPEG/1778406443326.jpg
1611851503,1,리뷰 작성 시 프리미엄젤라또 제공,0,,,,true,https://ldb-phinf.pstatic.net/20260527_298/1779869798234U0tEM_JPEG/naver_place_notice_1080-4.jpg
1611851503,2,숙성 특안심,59000,59000,59000,"3주 이상 숙성한 한우 안심으로
부드러운 식감과 깊은 풍미를 느낄 수 있는 부위입니다.",true,https://ldb-phinf.pstatic.net/20240907_39/1725686917389hMRrX_JPEG/IMG_6677.jpeg
1611851503,3,숙성 채끝등심,58000,58000,58000,"3주 이상 숙성한 한우 채끝으로
풍부한 육즙과 부드러운 식감을 느낄 수 있습니다.",false,https://ldb-phinf.pstatic.net/20240907_271/1725686936880KLOVJ_JPEG/IMG_6678.jpeg
1611851503,4,숙성 눈꽃등심,62000,62000,62000,"3주 이상 숙성한 한우 등심으로
마블링이 뛰어나고 고소한 풍미가 특징입니다.",false,https://ldb-phinf.pstatic.net/20240907_110/1725686950421n3sGO_JPEG/IMG_6679.jpeg
1611851503,5,새우 알등심,69000,69000,69000,"한우 특수부위로 쫄깃한 식감과
고소한 풍미를 함께 즐길 수 있는 부위입니다.",false,https://ldb-phinf.pstatic.net/20240907_257/1725686967706g6kyj_JPEG/IMG_6680.jpeg
1611851503,6,숙성 살치살,69000,69000,69000,"3주 이상 숙성한 한우 살치살로
풍부한 육즙과 깊은 풍미를 느낄 수 있습니다.",false,https://ldb-phinf.pstatic.net/20240907_150/1725686983951lUcWj_JPEG/IMG_6681.jpeg
1611851503,7,우몽 스페셜,210000,210000,210000,엄선한 한우를 즐길 수 있는 우몽 대표 모둠 메뉴로 여러 부위별 풍미를 경험할 수 있습니다,false,https://ldb-phinf.pstatic.net/20240907_65/1725687000582YNjVF_JPEG/IMG_6682.jpeg
1611851503,8,우몽 육회 [Side],38000,38000,38000,"신선한 한우로 담백하게 즐기는 육회
부드러운 식감과 깔끔한 풍미가 특징입니다.",false,https://ldb-phinf.pstatic.net/20260515_135/1778815904894xhbh9_JPEG/%C0%B0%C8%B8.jpg
1611851503,9,육 사시미 [Side],39000,39000,39000,신선한 한우를 그대로 즐길 수 있는 육사시미로 부드러운 식감과 담백한 풍미가 특징입니다,false,https://ldb-phinf.pstatic.net/20260515_184/1778815917227zFEzj_JPEG/%C0%B0%BB%E7%BD%C3%B9%CC.jpg
1611851503,10,브리치즈구이 [Side],28000,28000,28000,,false,https://ldb-phinf.pstatic.net/20260515_206/17788160448863Lx17_JPEG/%BA%EA%B8%AE%C4%A1%C1%EE%B1%B8%C0%CC.jpg
1611851503,11,메이플 은행구이 [Side],18000,18000,18000,쫄깃한 맛이 특징의 은행을 고소하게 볶아 달콤한 메이플 시럽에 볶아낸 메이플 은행구이,false,https://ldb-phinf.pstatic.net/20260515_188/1778815942892nluut_JPEG/%B8%DE%C0%CC%C7%C3%C0%BA%C7%E0%B1%B8%C0%CC.jpg
1611851503,12,임실치즈구이 [Side],12000,12000,12000,고소한 임실치즈를 직접 구워 즐기는 메뉴로 한우와 함께 곁들이기 좋은 사이드입니다,false,https://ldb-phinf.pstatic.net/20260515_213/1778817236579mrDMc_JPEG/KakaoTalk_20260508_174235562_13.jpg
1611851503,13,날치알 계란찜 [Side],8000,8000,8000,부드러운 계란찜에 날치알을 더해 고소함과 톡톡 터지는 식감을 함께 즐길 수 있습니다,false,https://ldb-phinf.pstatic.net/20260515_3/17788159878310KXE4_JPEG/%B0%E8%B6%F5%C2%F2.jpg
1611851503,14,우니 [Side],60000,60000,60000,,false,https://ldb-phinf.pstatic.net/20260515_3/1778816268815lAUmk_JPEG/%BF%EC%B4%CF.jpg
1611851503,15,차돌 철판 볶음밥 [Side],15000,15000,15000,차돌박이와 김치를 함께 볶아 깊은 풍미를 살린 철판 볶음밥으로 고소한 맛이 특징입니다,false,https://ldb-phinf.pstatic.net/20260515_14/1778815956783LuflW_JPEG/%C7%D1%BF%EC%C2%F7%B5%B9%C3%B6%C6%C7%BA%BA%C0%BD%B9%E4.jpg
1611851503,16,한우 짜장면 [Side],18000,18000,18000,,false,https://ldb-phinf.pstatic.net/20260515_87/1778816110279vyHF2_JPEG/%C7%D1%BF%EC%C2%A5%C0%E5%B8%E9.jpg
1611851503,17,곱창국수 [Side],16000,16000,16000,,false,https://ldb-phinf.pstatic.net/20260515_285/1778816353320L4ch6_JPEG/%B0%F6%C3%A2%B1%B9%BC%F6.jpg
1611851503,18,한우 해장 라면 [Side],15000,15000,15000,한우 육수로 깊은 맛을 낸 라면으로 시원한 국물과 깔끔한 풍미가 특징인 메뉴입니다,false,https://ldb-phinf.pstatic.net/20260515_97/1778815969104cMjrA_JPEG/%C7%D1%BF%EC%C7%D8%C0%E5%B6%F3%B8%E9.jpg
1611851503,19,물냉면/비빔냉면 [Side],12000,12000,12000,시원한 물냉면과 새콤달콤한 비빔냉면을 취향에 맞게 즐길 수 있는 별미 메뉴입니다,false,https://ldb-phinf.pstatic.net/20260515_47/1778816002199NAjD4_JPEG/%B9%B0%B3%C3%B8%E9.jpg
1611851503,20,춘천식 닭갈비 [Lunch],15000,15000,15000,특제 고추장 양념으로 볶아낸 닭갈비로 매콤한 풍미와 깊은 맛을 함께 즐길 수 있습니다,false,
1611851503,21,우삼겹 숙주 볶음 [Lunch],15000,15000,15000,우삼겹과 숙주를 함께 볶아 담백한 맛과 아삭한 식감을 살린 든든한 한 끼 메뉴입니다,false,
1611851503,22,우몽1인 편백찜 [Lunch],15000,15000,15000,편백나무 찜기에 담아낸 메뉴로 재료 본연의 맛과 담백한 풍미를 즐길 수 있습니다,true,https://ldb-phinf.pstatic.net/20240907_245/1725687046879kH4Ic_JPEG/IMG_6700.jpeg
1611851503,23,한우 등심 큐브스테이크 [Lunch],21000,21000,21000,한우 등심을 큐브 형태로 구워낸 메뉴로 부드러운 식감과 고소한 풍미를 즐길 수 있습니다,false,https://ldb-phinf.pstatic.net/20240907_32/1725687058111rCBz3_JPEG/IMG_6697.jpeg
1611851503,24,해갈탕 [Lunch],23000,23000,23000,진하게 끓여낸 육수에 다양한 재료를 더한 메뉴로 시원하고 깊은 국물 맛이 특징입니다,false,https://ldb-phinf.pstatic.net/20240907_80/17256871056268aeNH_JPEG/IMG_6690.jpeg
1611851503,25,우몽 왕갈비탕 [Lunch],18000,18000,18000,푹 끓여낸 육수에 왕갈비를 더한 갈비탕으로 깊고 진한 국물 맛을 즐길 수 있습니다,false,https://ldb-phinf.pstatic.net/20250617_76/1750122830061FB9lv_JPEG/%B0%A5%BA%F1%C5%C1.jpg
1611851503,26,한우 국밥 / 고기국수 [Lunch],15000,15000,15000,진하게 우려낸 육수에 한우를 듬뿍 담아낸 국밥으로 깊은 풍미를 느낄 수 있는 메뉴입니다,false,https://ldb-phinf.pstatic.net/20250617_266/1750122443118g3Rnp_JPEG/%B1%B9%B9%E4%2C%B0%ED%B1%E2%B1%B9%BC%F6.jpg
1611851503,27,곱개장 / 곱창국수 [Lunch],16000,16000,16000,얼큰한 육수에 곱창을 더한 국밥으로 진한 풍미와 깊은 국물 맛을 느낄 수 있습니다,false,https://ldb-phinf.pstatic.net/20250617_157/1750122540042vbBUe_JPEG/%B0%F6%B0%B3%C0%E5%2C%B0%F6%C3%A2%B1%B9%BC%F6.jpg
1611851503,28,차돌 김치 볶음밥 [Lunch],10000,10000,10000,차돌박이와 김치를 함께 볶아낸 메뉴로 고소하고 깊은 풍미를 즐길 수 있는 볶음밥입니다,false,https://ldb-phinf.pstatic.net/20240907_19/1725687083377rhlmA_JPEG/IMG_6694.jpeg
1611851503,29,물냉면 / 비빔냉면 [LUNCH],12000,12000,12000,,false,https://ldb-phinf.pstatic.net/20260515_79/1778818942267r28EN_JPEG/%B3%C3%B8%E9.jpg
1620963045,0,점심시간에는 예약이 불가합니다,1,,,,true,
1620963045,1,부추전,12000,12000,12000,,false,
1620963045,2,김치전,12000,12000,12000,,false,
1620963045,3,낙지오봉집스페셜,59000,59000,59000,직화낙지볶음+보쌈+쟁반막국수,false,https://ldb-phinf.pstatic.net/20230616_17/16868885521737wo4l_JPEG/%BF%C0%BA%C0%BD%BA%C6%E4%BC%C8-01.jpg
1620963045,4,매생이연포보쌈,59000,59000,59000,연포탕+보쌈+죽+칼국수,false,https://ldb-phinf.pstatic.net/20230616_240/1686888529516vGym1_JPEG/%B8%C5%BB%FD%C0%CC%BF%AC%C6%F7%BA%B8%BD%D3_%C1%A4%BB%E7%B0%A2.jpg
1620963045,5,가브리수육전골,34000,34000,34000,,false,https://ldb-phinf.pstatic.net/20230616_60/1686888511322LS5p6_JPEG/%B0%A1%BA%EA%B8%AE%BC%F6%C0%B0%C0%FC%B0%F1.jpg
1620963045,6,매생이연포탕,32000,32000,32000,연포탕+칼국수,false,https://ldb-phinf.pstatic.net/20230616_279/1686888477868tChfb_JPEG/%BF%AC%C6%F7%C5%C1-01.jpg
1620963045,7,얼큰낙지전골,32000,32000,32000,,false,https://ldb-phinf.pstatic.net/20230616_12/1686888438727ODy2m_JPEG/%BE%F3%C5%AB%B3%AB%C1%F6%C0%FC%B0%F1.jpg
1620963045,8,조개탕,22000,22000,22000,,false,https://ldb-phinf.pstatic.net/20230616_173/1686888421785zpJ0P_JPEG/%C1%B6%B0%B3%C5%C1-01.jpg
1620963045,9,오봉집보쌈,33000,33000,33000,"(소) 33,000원 / (중) 38,000원 / (대) 44,000원",false,https://ldb-phinf.pstatic.net/20230616_31/1686888403976elziU_JPEG/%B0%A1%BA%EA%B8%AE%BA%B8%BD%D3.jpg
1620963045,10,직화낙지볶음,14000,14000,14000,"점심특선시 13,000원",false,https://ldb-phinf.pstatic.net/20230616_236/1686888362376IjhRl_JPEG/%C1%F7%C8%AD%B3%AB%C1%F6%BA%BA%C0%BD-01.jpg
1620963045,11,불매운맛낙지볶음,14000,14000,14000,"점심특선시 13,000원",false,https://ldb-phinf.pstatic.net/20230616_289/1686888341236vQWD0_JPEG/%C1%F7%C8%AD%B3%AB%C1%F6%BA%BA%C0%BD-01.jpg
1620963045,12,직화제낙볶음,14000,14000,14000,"점심특선시 13,000원",false,https://ldb-phinf.pstatic.net/20230616_126/16868883227711sWiT_JPEG/%C1%A6%B3%AB%BA%BA%C0%BD.jpg
1620963045,13,직화제육볶음,12000,12000,12000,"점심특선시 11,000원",false,https://ldb-phinf.pstatic.net/20230616_2/1686888297390L141H_JPEG/%C1%A6%C0%B0%BA%BA%C0%BD-01.jpg
1620963045,14,보쌈정식,12000,12000,12000,"점심특선시 11,000원",false,https://ldb-phinf.pstatic.net/20230616_160/1686888492153t0kgp_JPEG/%B0%A1%BA%EA%B8%AE%C1%A4%BD%C4_%C1%A4%B8%E9.jpg
1620963045,15,바지락칼국수,9000,9000,9000,2인이상 주문가능,false,https://ldb-phinf.pstatic.net/20230616_1/1686888215425aobwd_JPEG/%B9%D9%C1%F6%B6%F4%C4%AE%B1%B9%BC%F6-01.jpg
1620963045,16,쟁반막국수,9000,9000,9000,,false,https://ldb-phinf.pstatic.net/20230616_98/1686888194080v6VXr_JPEG/%C0%EF%B9%DD%B1%B9%BC%F6_%C1%A4%B8%E9.jpg
1620963045,17,직화오돌뼈주먹밥,17000,17000,17000,,false,https://ldb-phinf.pstatic.net/20230616_249/16868881799641AjFH_JPEG/%BF%C0%B5%B9%BB%C0%C1%D6%B8%D4%B9%E4.jpg
1620963045,18,쫀득편육,15000,15000,15000,,false,https://ldb-phinf.pstatic.net/20230616_291/1686888145929nSJze_JPEG/%C2%CB%B5%E6%C6%ED%C0%B0_%C1%A4%BB%E7%B0%A2.jpg
1620963045,19,매콤낙지만두,5000,5000,5000,,false,https://ldb-phinf.pstatic.net/20230616_185/16868880470598SW5Q_JPEG/%B3%AB%C1%F6%B8%B8%B5%CE.jpg
1624205565,0,부대전골,11000~13000,11000,13000,총 6가지의 다양한 햄으로 맛은 물론 음식에 디자인을 더한 이태리부대찌개의 대표 메뉴,true,https://ldb-phinf.pstatic.net/20211230_139/1640838044701UkBir_JPEG/%BA%CE%B4%EB%C0%FC%B0%F12.jpg
1624205565,1,한우소곱창부대전골,17000~18000,17000,18000,부대찌개에 한우소곱창과 양을 넣어 고소함을 자랑하는 소주가 빠질 수 없는 메뉴,true,https://ldb-phinf.pstatic.net/20241101_7/1730445693437GrGDq_JPEG/IMG_2980%28%C6%F7%BD%BA%C5%CD%29.JPG
1624205565,2,햄듬뿍부대전골,12000~14000,12000,14000,누가 봐도 인정할 만한 햄이 듬뿍 올라간 메뉴,false,https://ldb-phinf.pstatic.net/20230110_68/1673331587593OgUBX_JPEG/IMG_0132.JPG
1624205565,3,부대찌개,10000~11000,10000,11000,"햄, 소세지, 야채와 채수에 어울리는 이태리만의 특제 소스가 맛을 낸 깔끔한 기본 메뉴",false,https://ldb-phinf.pstatic.net/20211230_111/1640838080557vNNAD_JPEG/%BA%CE%B4%EB%C2%EE%B0%B33.jpg
1624205565,4,어묵부대찌개,11000~12000,11000,12000,어묵과 콩나물을 넣어 시원함을 끌어올린 해장할 수 있는 메뉴,false,https://ldb-phinf.pstatic.net/20241101_92/1730445664118ySU2o_JPEG/20240429_095459%28%BC%B1%C5%C3%29%28%BF%C2%B6%F3%C0%CE%29.jpg
1624205565,5,우삼겹부대전골(소),28000~30000,28000,30000,부대전골에 우삼겹을 더해 더욱 화려한 비주얼과 고소함을 자랑하는 이태리의 상징적인 메뉴,false,https://ldb-phinf.pstatic.net/20211231_81/1640954415804bQP36_JPEG/%BF%EC%BB%EF%B0%E3%BA%CE%B4%EB%C0%FC%B0%F11.jpg
1624205565,6,우삼겹부대전골(중),39000~45000,39000,45000,부대전골에 우삼겹을 더해 더욱 화려한 비주얼과 고소함을 자랑하는 이태리의 상징적인 메뉴,false,https://ldb-phinf.pstatic.net/20211230_169/1640838104598NuCvU_JPEG/%BF%EC%BB%EF%B0%E3%BA%CE%B4%EB%C0%FC%B0%F11.jpg
1624205565,7,우삼겹부대전골(대),50000~60000,50000,60000,부대전골에 우삼겹을 더해 더욱 화려한 비주얼과 고소함을 자랑하는 이태리의 상징적인 메뉴,false,https://ldb-phinf.pstatic.net/20211230_157/1640838113785yDQF0_JPEG/%BF%EC%BB%EF%B0%E3%BA%CE%B4%EB%C0%FC%B0%F11.jpg
1624205565,8,등심부대전골(소),30000~32000,30000,32000,부대전골에 소고기 등심을 더해 고급짐을 자랑하는 메뉴,false,https://ldb-phinf.pstatic.net/20211231_216/1640954601186EQAer_JPEG/%B5%EE%BD%C9%BA%CE%B4%EB%C0%FC%B0%F1.jpg
1624205565,9,등심부대전골(중),41000~48000,41000,48000,부대전골에 소고기 등심을 더해 고급짐을 자랑하는 메뉴,false,https://ldb-phinf.pstatic.net/20211230_239/16408381318610zsp2_JPEG/%B5%EE%BD%C9%BA%CE%B4%EB%C0%FC%B0%F1.jpg
1624205565,10,등심부대전골(대),52000~64000,52000,64000,부대전골에 소고기 등심을 더해 고급짐을 자랑하는 메뉴,false,https://ldb-phinf.pstatic.net/20211230_299/1640838143837MSUJR_JPEG/%B5%EE%BD%C9%BA%CE%B4%EB%C0%FC%B0%F1.jpg
1624205565,11,우삼겹등심부대전골(소),30000~32000,30000,32000,우삼겹부대전골과 등심부대전골의 장점만을 한 곳에 모은 이태리부대찌개의 실속 메뉴,false,https://ldb-phinf.pstatic.net/20211231_245/1640954678455mpybt_JPEG/%BF%EC%BB%EF%B0%E3%B5%EE%BD%C9%BA%CE%B4%EB%C0%FC%B0%F12.jpg
1624205565,12,우삼겹등심부대전골(중),41000~48000,41000,48000,우삼겹부대전골과 등심부대전골의 장점만을 한 곳에 모은 이태리부대찌개의 실속 메뉴,false,https://ldb-phinf.pstatic.net/20211230_236/1640838157431qluH0_JPEG/%BF%EC%BB%EF%B0%E3%B5%EE%BD%C9%BA%CE%B4%EB%C0%FC%B0%F12.jpg
1624205565,13,우삼겹등심부대전골(대),52000~64000,52000,64000,우삼겹부대전골과 등심부대전골의 장점만을 한 곳에 모은 이태리부대찌개의 실속 메뉴,false,https://ldb-phinf.pstatic.net/20211230_242/1640838168322Hg4CL_JPEG/%BF%EC%BB%EF%B0%E3%B5%EE%BD%C9%BA%CE%B4%EB%C0%FC%B0%F12.jpg
1624205565,14,부대볶음,13000~14000,13000,14000,"햄, 소세지를 소스와 함께 센불로 볶아내 불맛을 입힌 이태리부대찌개에서만 즐길 수 있는 특별한 메뉴",false,https://ldb-phinf.pstatic.net/20211230_50/1640838183260usqOy_JPEG/%BA%CE%B4%EB%BA%BA%C0%BD%28%B8%DE%B4%BA%C6%C7%29.jpg
1624205565,15,우삼겹부대볶음,15000~16000,15000,16000,부대볶음에 우삼겹을 더해 불맛과 고소함은 살리고 매콤함을 끌어올린 이태리부대찌개의 대표 술 안주 메뉴,false,https://ldb-phinf.pstatic.net/20211230_259/1640838198341iMVa2_JPEG/%BF%EC%BB%EF%B0%E3%BA%CE%B4%EB%BA%BA%C0%BD%28%BC%B1%C5%C3%29%2C%C0%FA%BF%EB%B7%AE.jpg
1624205565,16,쭈꾸미우삼겹볶음,33000~35000,33000,35000,이태리의 밤을 밝혀줄 술 안주 메뉴,false,https://ldb-phinf.pstatic.net/20211230_51/1640838212672Nteg7_JPEG/%BC%B1%C5%C3.jpg
1624205565,17,돈가스,8000~9000,8000,9000,겉은 바삭하고 속은 촉촉한 돈가스 특유의 맛이 살아 있는 사이드 메뉴,false,https://ldb-phinf.pstatic.net/20211230_22/1640838239557XfL77_JPEG/%B5%B7%B0%A1%BD%BA1%28%BC%B1%C5%C3%29.jpg
1624205565,18,계란말이,7000~9000,7000,9000,누구나 다 아는 그 맛! 속이 꽉~찬 계란말이,false,https://ldb-phinf.pstatic.net/20211230_260/1640838261781qN1am_JPEG/32%28%BC%B1%C5%C3%29.jpg
1625598346,0,[VIP] 마늘 꽃갈비살 불고기,20000,20000,20000,귀한 분들과 함께~!! 48h 마늘 숙성 프라임꽃갈비살로 깊은 감칠맛과 부드러운 식감을~,true,https://ldb-phinf.pstatic.net/20241104_78/17307143025414jhgM_JPEG/%B8%B6%B4%C3%BC%D2%B0%A5%BA%F1%BB%EC%BA%D2%B0%ED%B1%E2.jpg
1625598346,1,[스페셜] 쭈꾸미 불고기,16000,16000,16000,감칠맛 있는 맵싹한 양념에 버무려 맛깔나게 구워낸 쭈꾸미를 뜨거운 철판에 올려 먹는 요리~,true,https://ldb-phinf.pstatic.net/20251220_262/1766194646882uRpqu_PNG/KakaoTalk_20251220_103218843.png
1625598346,2,고추장 숙성 돼지불고기 (제육볶음),12000,12000,12000,꼭 먹어봐야할 메뉴~!! 부드러운 목살과 앞다리살을 온소반 고추장 소스로 맛깔나게~제육볶음,true,https://ldb-phinf.pstatic.net/20241104_166/1730714257042UpVU7_JPEG/%B0%ED%C3%DF%C0%E52.jpg
1625598346,3,고추장 숙성 섞어(제육+오징어)불고기,12000,12000,12000,진짜 맛있게 매운 맛! 얇게 저민 돼지고기와 탱글한 오징어를 매콤한 특제소스로~Fire,true,https://ldb-phinf.pstatic.net/20241104_111/1730714330152Xr6Jh_JPEG/%BC%AF%BE%EE4.9.jpg
1625598346,4,[한우100%] 영천 육회 비빔밥,13000,13000,13000,*필수주문*~ 최고급 육회 부위 한우 설깃살을 사용하여 만든 간장 베이스 영천식 육회비빔밥,true,https://ldb-phinf.pstatic.net/20250501_36/1746077207070yE0uN_JPEG/1000007093.jpg
1625598346,5,火 매운 오징어불고기,14000,14000,14000,매운맛을 좋아한다면~!! 매콤하고 탱글 쫄깃한 매운 오징어 불고기의 향연,false,https://ldb-phinf.pstatic.net/20241104_38/1730714370627WxqiI_JPEG/%BC%AF%BE%EE4.jpg
1625598346,6,[한우100%]얼큰 우거지 해장국밥,14000,14000,14000,"칼칼~ 진한 국물로 해장에 딱인 얼큰 해장국밥 한우1+고기, 우거지가 듬뿍 들었습니다.",true,https://ldb-phinf.pstatic.net/20250816_57/1755298945470hk0YQ_JPEG/20250815_095329.jpg
1625598346,7,[한우100%] 소고기 무국,12500,12500,12500,"한우 암소 양지,사태를 9시간 푹 고아 감칠맛을 살리고 하나하나 찢은 소고기를 토핑을 올림",true,https://ldb-phinf.pstatic.net/20230928_290/1695867671267Bbuqd_JPEG/20230610_084145.jpg
1625598346,8,버섯 불고기 뚝배기,11000,11000,11000,"점심시간 홀 매출 1위 클래스가 다른
온소반 시그니처 불고기 뚝배기",true,https://ldb-phinf.pstatic.net/20240913_141/1726192163362dVYgc_JPEG/%B8%DE%B4%BA%BB%E7%C1%F8-006.jpg
1625598346,9,한우 청국장 반상,11000,11000,11000,분당 최고의 청국장~ 온소반만의 방식으로 냄새를 잡아 남녀노소 모두에게 사랑받는 전통 청국,true,https://ldb-phinf.pstatic.net/20240913_138/172619213811604Cd5_JPEG/%BF%BE%B3%AF%C3%BB%B1%B9%C0%E5.jpg
1625598346,10,[한우100%]육회 찹쌀김부각 세트,25000,25000,25000,,false,https://ldb-phinf.pstatic.net/20230928_9/1695866914524VVuKJ_JPEG/20230605_223748.jpg
1625598346,11,스팸+후라이 콤보,2500,2500,2500,스팸구이 3pc,false,https://ldb-phinf.pstatic.net/20240911_201/1726013700711TOSgk_JPEG/%B8%DE%B4%BA%BB%E7%C1%F8-002_%281%29.jpg
1627731371,0,황태북어국,12000,12000,12000,술과 스트레스로 피곤한 속을 시원하게 풀어주는 황태북어국과 칼칼하고 맛있는 얼큰황태북어국,false,https://ldb-phinf.pstatic.net/20241019_231/17293048591280VOSH_JPEG/20241001_162439.jpg
1627731371,1,황태미역국밥,12000,12000,12000,"우리집 대표음식!!
들기름의 고소한 맛과 황태육수의 깊은 마성의 든든한 미역국",false,https://ldb-phinf.pstatic.net/20220503_59/1651573785234L0Dyh_JPEG/%C7%D1%BF%EC%BB%E7%B0%F1%C8%B2%C5%C2%B9%CC%BF%AA%B1%B9%B9%E4_01.jpg
1627731371,2,제육덮밥,12000,12000,12000,"우리집 최고 아이템 제육덮밥
칼칼하고 맛있는 제육이 듬뿍
진짜 하루가 든든해요",false,https://ldb-phinf.pstatic.net/20220503_29/16515737139745DESX_JPEG/%C1%A6%C0%B0%B5%A4%B9%E4_02.jpg
1627731371,3,참치김치덮밥,12000,12000,12000,"김치와 참치볶음의 환상의 케미
계란후라이로 단백질과 함께 깔끔하게 한끼 해결",false,https://ldb-phinf.pstatic.net/20240610_144/1717992066347Xr10u_JPEG/Resized_20240507_130047.jpeg
1627731371,4,매콤쭈꾸미덥밮,12000,12000,12000,"불향이 그윽하게 올라오는 매콤 쭈구미 덮밥
자꾸자꾸 생각나는 그맛의 주인공",false,https://ldb-phinf.pstatic.net/20240610_82/1717992088207VKuSw_JPEG/%C2%DE%B1%B8%B9%CC%BB%E7%C1%F8.jpg
1627731371,5,더매콤(신)쭈꾸미덮밥,12000,12000,12000,매워매워!! 청양고춧가루의 매콤알싸한 매움의 정석! 매운맛을 추구하는 매니아를 위한 덮밥,false,https://ldb-phinf.pstatic.net/20240610_282/1717992105990T9MWw_JPEG/%C2%DE%B1%B8%B9%CC%BB%E7%C1%F8.jpg
1627731371,6,엄마김밥,5000,5000,5000,엄마가 싸주시던 어릴적 향수의 기본김밥,false,https://ldb-phinf.pstatic.net/20220503_238/1651573825744ANmjk_JPEG/%BE%F6%B8%B6%B1%E8%B9%E4%2C%C2%FC%C4%A1%B1%E8%B9%E4_02.jpg
1627731371,7,참치김밥,6000,6000,6000,"보일듯말듯 청양고추와 참치마요의 환상적 케미
마음까지 흐뭇해지는 김밥의 선두주자 참치김밥",false,https://ldb-phinf.pstatic.net/20220503_157/16515738184118gfcN_JPEG/%BE%F6%B8%B6%B1%E8%B9%E4%2C%C2%FC%C4%A1%B1%E8%B9%E4_01.jpg
1627731371,8,치즈김밥,6000,6000,6000,"그리운 엄마김밥에 진한 치즈한장 살포시 올려놓은 치즈김밥, 커피한잔과도 의외로 잘 어울려요",false,https://ldb-phinf.pstatic.net/20240610_116/1717992045604OgJbN_JPEG/%BE%F6%B8%B6%B1%E8%B9%E4%2C%C2%FC%C4%A1%B1%E8%B9%E4_01.jpg
1627731371,9,간장제육 김밥,6500,6500,6500,빨갛지는 않지만 담백하고 약간 매콤하면서 든든한 간장 제육듬뿍 김밥,false,https://ldb-phinf.pstatic.net/20251114_170/1763046460987qwW9w_JPEG/%BE%F6%B8%B6%B1%E8%B9%E4%2C%C2%FC%C4%A1%B1%E8%B9%E4_01.jpg
1627731371,10,매콤어묵 김밥,6000,6000,6000,매콤 청양고추와 쫀쫀한 어묵볶음의 환장의 케미가 끝내줘요^^,false,https://ldb-phinf.pstatic.net/20251114_296/1763046128066oqwTB_JPEG/KakaoTalk_20251022_094725075.jpg
1627731371,11,국물떡볶이,6000,6000,6000,매콤달콤한 국물에 쫀득한 밀떡과 오뎅이 사이좋게 퐁당 빠졌어요,false,https://ldb-phinf.pstatic.net/20251114_286/1763046237098W1cAj_JPEG/%B8%C5%C4%DE%B4%DE%C4%DE%B6%B1%BA%BA%C0%CC_02.jpg
1627731371,12,라면,6000,6000,6000,콩나물과 야채듬뿍 계란1알까지 건강을 생각한 시원한 해장라면,false,
1627731371,13,만원세트메뉴,10000,10000,10000,저희 매장의 메뉴를 1만원에 드실 수 있는 세트메뉴 조합입니다.,false,https://ldb-phinf.pstatic.net/20220503_171/16515739812046d7mm_JPEG/KakaoTalk_20220430_110925160.jpg
1627731371,14,웰치스 355ml,2000,2000,2000,,false,
1627731371,15,사이다 210ml,1000,1000,1000,,false,
1627731371,16,콜라 355ml,2000,2000,2000,,false,
1627731371,17,해장계란라면,6000,6000,6000,황태 비법육수와 야채가 듬뿍들어 속이 확 풀리는 맛있는 라면,false,
1628161572,0,생고기김치찌개,7500,7500,7500,,false,
1628161572,1,김치볶음밥,7500,7500,7500,,false,
1628161572,2,참치덮밥,8000,8000,8000,,false,
1628161572,3,오징어덮밥,8000,8000,8000,,false,
1662712608,0,황태국,,,,뽀얗게 끓여낸 황태국입니다,true,https://ldb-phinf.pstatic.net/20240929_48/17275893698932HbU2_JPEG/1727589345382.jpg
1664765639,0,신전떡볶이,4000,4000,4000,,true,https://ldb-phinf.pstatic.net/20210903_222/1630653123273itjFE_JPEG/8EDJeN0_7haOC5NFD9SCBw3G.jpg
1667443269,0,반쎄오,18000,18000,18000,,false,https://ldb-phinf.pstatic.net/20221116_279/1668558958336UpgY2_JPEG/16_%B9%DD%BD%EA%BF%C0.jpg
1667443269,1,월남쌈(8p),12800,12800,12800,,false,https://ldb-phinf.pstatic.net/20221116_160/1668558938009Q8rUJ_JPEG/15_%BF%F9%B3%B2%BD%D3.jpg
1667443269,2,헤이준 분짜,15000,15000,15000,,false,https://ldb-phinf.pstatic.net/20221116_85/1668558910206U9W3G_JPEG/14_%C7%EC%C0%CC%C1%D8%BA%D0%C2%A5.jpg
1667443269,3,멘보샤(4개),8000,8000,8000,,false,https://ldb-phinf.pstatic.net/20221116_247/1668558889301Ba0HM_JPEG/13_%B8%E0%BA%B8%BB%FE.jpg
1667443269,4,왕새우 튀김(2개),5000,5000,5000,,false,https://ldb-phinf.pstatic.net/20221116_150/16685588408654xwAi_JPEG/12_%BF%D5%BB%F5%BF%EC%C6%A2%B1%E8.jpg
1667443269,5,짜조_베트남식 군만두(2개),5000,5000,5000,,false,https://ldb-phinf.pstatic.net/20221116_285/1668558821401DuoHm_JPEG/11_%C2%A5%C1%B6_%BA%A3%C6%AE%B3%B2%BD%C4%B1%BA%B8%B8%B5%CE.jpg
1667443269,6,헤이준 커리,15000,15000,15000,,false,https://ldb-phinf.pstatic.net/20221116_123/166855879680290EiN_JPEG/10_%C7%EC%C0%CC%C1%D8%C4%BF%B8%AE.jpg
1667443269,7,불고기 볶음밥,14000,14000,14000,,false,https://ldb-phinf.pstatic.net/20221116_280/1668558779611g127b_JPEG/09_%BA%D2%B0%ED%B1%E2%BA%BA%C0%BD%B9%E4.jpg
1667443269,8,파인애플 볶음밥,14000,14000,14000,,false,https://ldb-phinf.pstatic.net/20221116_182/1668558755740TtXOx_JPEG/08_%C6%C4%C0%CE%BE%D6%C7%C3%BA%BA%C0%BD%B9%E4.jpg
1667443269,9,새우볶음밥,14000,14000,14000,,false,https://ldb-phinf.pstatic.net/20221116_90/16685587283787BBTz_JPEG/07_%BB%F5%BF%EC%BA%BA%C0%BD%B9%E4.jpg
1667443269,10,헤이준(계란)볶음밥,13000,13000,13000,,false,https://ldb-phinf.pstatic.net/20221116_255/1668558713063xhWfe_JPEG/06_%C7%EC%C0%CC%C1%D8%28%B0%E8%B6%F5%29%BA%BA%C0%BD%B9%E4.jpg
1667443269,11,냉쌀국수세트 (시즌메뉴),15000,15000,15000,,false,https://ldb-phinf.pstatic.net/20221116_81/1668558691930F8WX0_JPEG/05_%B3%C3%BD%D2%B1%B9%BC%F6%BC%BC%C6%AE.jpg
1667443269,12,매운쌀국수,15000,15000,15000,,false,https://ldb-phinf.pstatic.net/20221116_122/1668558666853sa9Ho_JPEG/04_%B8%C5%BF%EE%BD%D2%B1%B9%BC%F6.jpg
1667443269,13,헤이준볶음면,13000,13000,13000,,false,https://ldb-phinf.pstatic.net/20221116_299/1668558649123Ir8N7_JPEG/03_%C7%EC%C0%CC%C1%D8%BA%BA%C0%BD%B8%E9.jpg
1667443269,14,계란쌀국수,13000,13000,13000,,false,https://ldb-phinf.pstatic.net/20221116_299/1668558623400JvUSk_JPEG/02_%B0%E8%B6%F5%BD%D2%B1%B9%BC%F6.jpg
1667443269,15,"사이공,하노이맥주,",5000,5000,5000,현지에서 맛볼수있는 베트남맥주.,true,https://ldb-phinf.pstatic.net/20221113_28/16682802734962BhIV_JPEG/20221108_173051.jpg
1667443269,16,헤이준(쇠고기)쌀국수,12000,12000,12000,,true,https://ldb-phinf.pstatic.net/20221116_107/1668558603116FO4cQ_JPEG/01_%C7%EC%C0%CC%C1%D8%28%BC%E8%B0%ED%B1%E2%29%BD%D2%B1%B9%BC%F6.jpg
1670403343,0,연어뱃살동,14000,14000,14000,다시마로 6시간 이상 숙성한 연어 뱃살이 올라간 연어덮밥,true,https://ldb-phinf.pstatic.net/20241106_298/1730876763466qvM25_JPEG/IMG_9297.jpeg
1670403343,1,사케동,13000,13000,13000,다시마로 6시간 이상 숙성한 연어가 올라간 연어덮밥,false,https://ldb-phinf.pstatic.net/20241106_177/17308767701267MJR4_JPEG/IMG_9297.jpeg
1670403343,2,스테이크동,12000,12000,12000,"과일,허브로 마리네이드한 부채살과 각종 채소가 올라가 건강하지만 부드럽고 맛있는 스테이크동",false,https://ldb-phinf.pstatic.net/20241029_227/1730175667450Vw8xd_JPEG/IMG_9143.jpeg
1670403343,3,김치규동,11500,11500,11500,우삼겹을 1차 초벌 후 특제소스에 졸여 직화로 한번 더 구워낸 규동 + 직접 볶은 볶음김치,false,https://ldb-phinf.pstatic.net/20241029_110/1730176308878gj6az_JPEG/IMG_9201.jpeg
1670403343,4,규동,11000,11000,11000,우삼겹을 1차 초벌 후 특제소스에 졸여 직화로 한번 더 구워낸 규동,false,https://ldb-phinf.pstatic.net/20241029_77/1730176068109IxmCo_JPEG/IMG_9190.jpeg
1670403343,5,치킨가라아게동,11000,11000,11000,직접 손질한 닭다리살을 정말 바삭하게 튀겨 낸 치킨 가라아게동,false,https://ldb-phinf.pstatic.net/20241029_60/1730176271286ADU1b_JPEG/IMG_9226.jpeg
1670403343,6,항정간장조림동,10000,10000,10000,항정살을 1차 초벌 후 특제소스에 졸여 직화로 한번 더 구워낸 항정살 덮밥,false,https://ldb-phinf.pstatic.net/20241029_18/1730176179149dnuDV_JPEG/IMG_9100.jpeg
1670403343,7,삼겹김치덮밥,10000,10000,10000,"허브,과일로 마리네이드 해 부드러운 삼겹살과 양파, 직접 볶은 김치의 조화가 좋은 삼겹덮밥",false,https://ldb-phinf.pstatic.net/20241029_103/17301762408545CGVL_JPEG/IMG_9158.jpeg
1670403343,8,스테이크 크림카레동,12000,12000,12000,직접 손질한 부채살과 함께 매콤하게 만들어낸 카레와 크림을 섞어 맛을 낸 카레,false,https://ldb-phinf.pstatic.net/20241106_109/1730876689726u5nq6_JPEG/IMG_9289.jpeg
1670403343,9,우삼겹 크림카레동,11000,11000,11000,소스와 함께 직화로 구운 우삼겹과 매콤하게 만들어낸 카레와 크림을 섞어 맛을 낸 카레,false,https://ldb-phinf.pstatic.net/20241106_261/1730876581455btArp_JPEG/IMG_9254.jpeg
1670403343,10,닭다리살 크림카레동,12000,12000,12000,직접 손질한 닭다리살과 약간 매콤하게 만들어낸 카레와 크림을 섞어 부드러운 맛을 낸 카레,false,https://ldb-phinf.pstatic.net/20241029_238/17301763423299lCYa_JPEG/IMG_9168.jpeg
1670403343,11,수제새우튀김,,,,직접 만든 수제 새우튀김,false,https://ldb-phinf.pstatic.net/20241029_224/1730177080731kpJIK_JPEG/IMG_4711.jpeg
1670403343,12,수제치킨가라아게,,,,직접 손질한 닭다리살을 바삭하게 튀겨낸 수제 가라아게,false,https://ldb-phinf.pstatic.net/20241029_208/1730176505943JW2v2_JPEG/IMG_4796.jpeg
1670403343,13,대왕게살크림고로케 2pcs,4000,4000,4000,,false,https://ldb-phinf.pstatic.net/20260424_117/1777007098354uRTqM_JPEG/IMG_3591.jpeg
1670403343,14,아사히 캔맥주,5000,5000,5000,,false,https://ldb-phinf.pstatic.net/20260414_59/1776157426440Xbvb9_JPEG/IMG_3427.jpeg
1670403343,15,아사히 병맥주,6000,6000,6000,,false,https://ldb-phinf.pstatic.net/20260414_289/1776157443578iqju4_JPEG/IMG_3428.jpeg
1670403343,16,기린 생맥주,6500,6500,6500,,false,https://ldb-phinf.pstatic.net/20260414_194/1776157460475LklAI_JPEG/IMG_3430.jpeg
1672168646,0,매운갈비찜닭,34800,34800,34800,부드러운 갈비가 통으로 먹을수록 빠져드는 중독적인 매운맛,true,https://ldb-phinf.pstatic.net/20251216_79/176587626940991qOe_JPEG/%B9%E8%B9%CE_%B8%C5%BF%EE%B0%A5%BA%F1%C2%F2%B4%DF_1280_960.jpg
1672168646,1,실비한우곱찜닭,34800,34800,34800,통통한 한우대창에 매운 김치 다대기 듬뿍,true,https://ldb-phinf.pstatic.net/20251216_49/1765875590896sjU44_JPEG/%B9%E8%B9%CE_%BD%C7%BA%F1%C7%D1%BF%EC%B0%F6%C2%F2%B4%DF_1280_960.jpg
1672168646,2,까만찜닭,27800,27800,27800,달콤 짭조롬한 간장 소스로 만든 까만 찜닭,false,https://ldb-phinf.pstatic.net/20251216_91/176587615619420vir_JPEG/%B9%E8%B9%CE_%B1%EE%B8%B8%C2%F2%B4%DF_1280_960.jpg
1672168646,3,묵은지찜닭,30800,30800,30800,숙성 묵은지가 통으로 들어가 더 깊고 진하다,false,https://ldb-phinf.pstatic.net/20251216_66/17658761918341UMEK_JPEG/%B9%E8%B9%CE_%B9%AC%C0%BA%C1%F6%C2%F2%B4%DF_1280_960.jpg
1672168646,4,로제찜닭,30800,30800,30800,K로제의 원조 두찜만의 특제 로제소스,false,https://ldb-phinf.pstatic.net/20251216_117/1765875700562klg4y_JPEG/%B9%E8%B9%CE_%B7%CE%C1%A6%C2%F2%B4%DF_1280_960.jpg
1672168646,5,마라로제찜닭,26800,26800,26800,마라의 얼얼함과 로제의 부드러움을 동시에,false,https://ldb-phinf.pstatic.net/20251216_56/1765875765372eXgOM_JPEG/%B9%E8%B9%CE_%B8%B6%B6%F3%B7%CE%C1%A6%C2%F2%B4%DF_1280_960.jpg
1672168646,6,불닭로제찜닭,26800,26800,26800,불닭과 로제가 만나 부드럽고 강렬한 중독적인 맛,false,https://ldb-phinf.pstatic.net/20251216_112/1765875794652yOl2y_JPEG/%B9%E8%B9%CE_%BA%D2%B4%DF%B7%CE%C1%A6%C2%F2%B4%DF_1280_960.jpg
1672168646,7,타코라구요찜닭(두찜 나쵸칩 포함),28800,28800,28800,"멕시칸 크림&라구소스, 할라피뇨, 나쵸까지 멕시칸 풍미 가득",false,https://ldb-phinf.pstatic.net/20251216_71/17658756530045bMFh_JPEG/%B9%E8%B9%CE_%C5%B8%C4%DA%B6%F3%B1%B8%BF%E4_1280_960.jpg
1672168646,8,빨간찜닭,27800,27800,27800,매콤한 고추장 소스로 만든 빨간찜닭,false,https://ldb-phinf.pstatic.net/20251216_15/1765875917430BhYG2_JPEG/%B9%E8%B9%CE_%BB%A1%B0%A3%C2%F2%B4%DF_1280_960.jpg
1672168646,9,로제닭발(무뼈),27800,27800,27800,두찜만의 특별한 로제소스로 만든 부드럽고 매콤한 무뼈닭발,false,https://ldb-phinf.pstatic.net/20251216_116/1765876340927kcG5Q_JPEG/%B9%E8%B9%CE_%B7%CE%C1%A6%B4%DF%B9%DF_1280_960.jpg
1672168646,10,치즈몽땅찜닭,31800,31800,31800,모짜렐라 + 고다 + 체다 세가지 치즈가 몽땅,false,https://ldb-phinf.pstatic.net/20251216_86/1765875811616PbRR6_JPEG/%B9%E8%B9%CE_%C4%A1%C1%EE%B8%F9%B6%A5%C2%F2%B4%DF_1280_960.jpg
1672168646,11,까만찜닭 반마리,20800,20800,20800,혼자서도 즐기는 두찜,false,https://ldb-phinf.pstatic.net/20251216_242/1765876449713Bg3NL_JPEG/%B9%E8%B9%CE_%B1%EE%B8%B8%C2%F2%B4%DF_%B9%DD%B8%B6%B8%AE_1280_960.jpg
1672168646,12,빨간찜닭 반마리,20800,20800,20800,혼자서도 즐기는 두찜,false,https://ldb-phinf.pstatic.net/20251216_208/1765876490100dgemD_JPEG/%B9%E8%B9%CE_%BB%A1%B0%A3%C2%F2%B4%DF_%B9%DD%B8%B6%B8%AE_1280_960.jpg
1672168646,13,로제찜닭 반마리,21800,21800,21800,혼자서도 즐기는 두찜,false,https://ldb-phinf.pstatic.net/20251216_28/1765876520858QXQnO_JPEG/%B9%E8%B9%CE_%B7%CE%C1%A6%C2%F2%B4%DF_%B9%DD%B8%B6%B8%AE_1280_960.jpg
1673607487,0,효카츠(순한/매콤/반반),12000,12000,12000,,false,https://ldb-phinf.pstatic.net/20230717_65/1689550682623wYYlN_JPEG/IMG_2394.jpeg
1673607487,1,콤보카츠(히레+치즈),13000,13000,13000,,false,
1673607487,2,히레카츠,13000,13000,13000,,false,
1673607487,3,치즈카츠,13000,13000,13000,,false,
1673607487,4,로스카츠,11000,11000,11000,,false,
1673607487,5,냉모밀,8500,8500,8500,,false,
1673607487,6,유부우동,7500,7500,7500,,false,
1673607487,7,김치우동,8500,8500,8500,,false,
1673607487,8,김치가츠나베,12000,12000,12000,,false,
1681194898,0,수제비,7000,7000,7000,,false,
1681194898,1,칼국수,7000,7000,7000,,false,
1681194898,2,속초코다리막국수,10000,10000,10000,,false,
1681194898,3,계란라면&김밥,7000,7000,7000,,false,https://ldb-phinf.pstatic.net/20210414_14/1618384906015RcCef_JPEG/eprt2Fu4gmDboX8BAwNb6pIs.jpg
1681194898,4,계란라면 &충무김밥,7000,7000,7000,,false,
1681194898,5,계란라면 &매운어묵김밥,7000,7000,7000,,false,
1681194898,6,매생이굴국밥,8000,8000,8000,,false,
1681194898,7,통영굴 수제비,8000,8000,8000,,false,
1681194898,8,통영굴 칼국수,8000,8000,8000,,false,
1681194898,9,만두 수제비,8000,8000,8000,,false,
1681194898,10,만두 칼국수,8000,8000,8000,,false,
1681194898,11,수육 수제비,8000,8000,8000,,false,
1681194898,12,수육칼국수,8000,8000,8000,,false,
1681194898,13,엄마도시락비빔밥,8000,8000,8000,,false,
1681194898,14,꼬막비빔밥,8000,8000,8000,,false,
1681194898,15,고기만두(3알),3000,3000,3000,,false,
1681194898,16,김치만두(3알),3000,3000,3000,,false,
1681194898,17,매운어묵김밥,3000,3000,3000,,false,
1681194898,18,코다리충무김밥,3000,3000,3000,,false,
1681194898,19,김밥,3000,3000,3000,,false,
1681194898,20,코다리무침포장,7000,7000,7000,,false,
1681194898,21,수육한접시,7000,7000,7000,,false,
1681194898,22,수육&코다리무침,10000,10000,10000,,false,
1690703651,0,크런치 프렌치 토스트,20000,20000,20000,"타히티 바닐라빈 앙글레이즈 소스, 브리오슈, 제철 과일, 밀크 비스킷",false,https://ldb-phinf.pstatic.net/20230315_93/1678886114498czJDu_JPEG/IMG_5273.jpg
1690703651,1,제주 옥돔 스테이크,45000,45000,45000,"제주 산지 직송 옥돔, 허브 소스, 제철 채소",false,https://ldb-phinf.pstatic.net/20241008_139/17283879426258vQUE_JPEG/IMG_2082.jpeg
1690703651,2,호주 와규 보섭살 스테이크,59000,59000,59000,"와규, 비프 주, 감자 퓨레, 제철 채소",false,https://ldb-phinf.pstatic.net/20241008_69/1728387904352zLrxM_JPEG/IMG_2099.jpeg
1690703651,3,제주 달고기 피쉬 앤 칩스,32000,32000,32000,"달고기 카다이프 튀김, 라따뚜이, 프렌치 프라이",false,https://ldb-phinf.pstatic.net/20241008_95/1728387850216OOyB4_JPEG/IMG_7608.jpeg
1690703651,4,연어 에그 베네딕트,18000,18000,18000,"홈메이드 그라브락스(연어), 수란, 아보카도 스프레드, 그린 샐러드",false,
1690703651,5,에그인헬,19000,19000,19000,"홈메이드 토마토 소스, 베이컨, 수란, 사워도우",false,https://ldb-phinf.pstatic.net/20230315_271/1678886399678EwN9x_JPEG/IMG_5263.jpg
1690703651,6,프렌치 어니언 스프,15000,15000,15000,"카라멜라이즈드 양파, 2가지 치즈, 사워도우 브레드",false,https://ldb-phinf.pstatic.net/20241008_162/1728387992817jCxyA_JPEG/IMG_4687.jpeg
1690703651,7,그릴드 치킨 시저샐러드,21000,21000,21000,"닭다리살 스테이크, 시저드레싱, 수란",false,https://ldb-phinf.pstatic.net/20230315_90/1678886527660C9yhT_JPEG/IMG_5243.jpg
1690703651,8,바질 페스토 파스타,21000,21000,21000,"홈메이드 바질 페스토, 감자, 방울토마토",false,https://ldb-phinf.pstatic.net/20230315_232/1678886489118UgfEf_JPEG/IMG_5258.jpg
1690703651,9,연어 타르타르,19000,19000,19000,"생 연어, 파인애플 타르타르 소스, 아보카도",false,https://ldb-phinf.pstatic.net/20230315_120/167888671566149Chc_JPEG/IMG_5362.jpg
1690703651,10,트러플 프렌치 프라이,10000,10000,10000,"트러플 오일, 감자튀김",false,https://ldb-phinf.pstatic.net/20230324_142/1679665518256WRvEb_JPEG/A4BF86C5-0424-4607-B8F6-EE7E4633F2E7.jpeg
1691434382,0,점심,10000,10000,10000,,false,
1700157492,0,돼지국밥,11000,11000,11000,,false,https://ldb-phinf.pstatic.net/20191101_285/1572581023995hCz3s_JPEG/tcGNjPSgHVQ4qLu_6VJHabyx.jpg
1700157492,1,돼지국밥(특),14000,14000,14000,,false,https://ldb-phinf.pstatic.net/20220622_115/1655862933465fUlku_JPEG/%B1%A4%C8%AD%B9%AE%B1%B9%B9%E4_%BB%E7%C1%F8.jpg
1700157492,2,평양냉면(물.비빔),15000,15000,15000,,false,https://ldb-phinf.pstatic.net/20220622_197/1655862971068baSgy_JPEG/_MG_6237.JPG
1700157492,3,평양냉면(사리추가),8000,8000,8000,,false,
1700157492,4,돼지수육,37000,37000,37000,,false,https://ldb-phinf.pstatic.net/20260302_289/17724354281336iMiw_JPEG/%B5%C5%C1%F6%BC%F6%C0%B0%A3%A8%B1%A4%C8%AD%B9%AE%B1%B9%B9%E4%A3%A9.jpg
1700157492,5,돼지수육(반접시),24000,24000,24000,,false,
1700157492,6,소내포수육,36000,36000,36000,,false,
1700157492,7,손왕만두(한접시_6개),15000,15000,15000,,false,
1700157492,8,손왕만두(반접시_3개),8000,8000,8000,,false,
1700157492,9,철판돼지불고기(한접시_350g),19000,19000,19000,,false,
1700157492,10,철판돼지불고기(반접시_200g),11000,11000,11000,,false,
1700157492,11,피순대,18000,18000,18000,,false,https://ldb-phinf.pstatic.net/20220622_262/1655863195128pKazG_JPEG/_MG_6202.jpg
1700157492,12,매콤양무침,26000,26000,26000,,false,
1700157492,13,저염명란오이무침,14000,14000,14000,,false,
1700157492,14,어복쟁반(대),85000,85000,85000,,false,
1700157492,15,어복쟁반(중),65000,65000,65000,,false,
1700157492,16,술국,20000,20000,20000,,false,
1700157492,17,"소주(참이슬, 처음처럼, 이즈백)",6000,6000,6000,,false,
1700157492,18,한라산,7000,7000,7000,,false,
1700157492,19,"맥주(카스, 하이트 등)",6000,6000,6000,,false,
1700157492,20,지평막걸리,6000,6000,6000,,false,
1700157492,21,화요(25도),33000,33000,33000,,false,
1700157492,22,음료(사이다/콜라),2000,2000,2000,,false,
1712077677,0,배달해주세요 (5만원 미만 기본료),2500,2500,2500,"주소, 연락처 기재필수 (거리별 요금 별도)
기본료 2500 + 거리별요금",true,
1712077677,1,거리별 추가요금(1km 초과시 추가),100,100,100,"거리별 추가요금
1km 초과분 100m 당 200원",true,
1712077677,2,막내초밥 (9p),10900,10900,10900,,true,https://ldb-phinf.pstatic.net/20241001_115/17277451576177M3tN_JPEG/%B8%B7%B3%BB%C3%CA%B9%E4_%B8%C5%C0%E5.jpg
1712077677,3,초밥 우동,13000,13000,13000,,true,https://ldb-phinf.pstatic.net/20230609_57/1686303540775FD8B8_JPEG/%B7%B1%C4%A1_%C3%CA%B9%E4_%BF%EC%B5%BF%BC%BC%C6%AE.jpg
1712077677,4,초밥 비빔면,15000,15000,15000,,false,
1712077677,5,초밥 물회,17000,17000,17000,,false,
1712077677,6,모듬초밥(12p),16900,16900,16900,활어3 연어 참치 간장새우 초새우 갈릭치즈새우 갈릭치즈계란 황새치불 소고기2,true,https://ldb-phinf.pstatic.net/20230609_91/16863028583582tRdB_JPEG/%B8%F0%B5%EB%C3%CA%B9%E4.jpg
1712077677,7,특초밥(12p),24900,24900,24900,"활어4 연어2 참치 간장새우 황새치불, 장어, 소고기, 후토마끼",true,https://ldb-phinf.pstatic.net/20230609_194/168630311756312spi_JPEG/%C6%AF%C3%CA%B9%E4.jpg
1712077677,8,VIP초밥(12p),28900,28900,28900,"활어4, 오도로, 연어대뱃살, 간장새우, 안키모, 장어, 소고기, 관자우니, 후토마끼",true,https://ldb-phinf.pstatic.net/20230609_54/16863031584929Fhie_JPEG/VIP%C3%CA%B9%E4.jpg
1712077677,9,오마카세 초밥(12p),34900,34900,34900,"흰살생선5, 오도로, 연어대뱃살, 안키모, 우니, 장어, 소고기, 후토마끼",true,https://ldb-phinf.pstatic.net/20230609_23/1686303194045ctdvT_JPEG/%BF%C0%B8%B6%C4%AB%BC%BC_%C3%CA%B9%E4.jpg
1712077677,10,후토마끼 (8p),26900,26900,26900,"연어, 아카미, 다마고, 우엉, 새우튀김, 크래미, 단무지, 오이",false,https://ldb-phinf.pstatic.net/20230609_118/1686303835827wSRsl_JPEG/%C8%C4%C5%E4%B8%B6%B3%A2.jpg
1712077677,11,어린이 모듬 초밥 (10p),13900,13900,13900,"초새우2, 생새우불2, 계란2, 소고기2, 유부2 ※와사비 미포함",false,https://ldb-phinf.pstatic.net/20230609_14/1686303882847oo8fd_JPEG/%BE%EE%B8%B0%C0%CC_%B8%F0%B5%EB_%C3%CA%B9%E4.jpg
1712077677,12,광어초밥 (10p),23900,23900,23900,,false,https://ldb-phinf.pstatic.net/20230609_274/168630329288583OMo_JPEG/%B1%A4%BE%EE%C3%CA%B9%E4_10p.jpg
1712077677,13,연어초밥 (10p),22900,22900,22900,,true,https://ldb-phinf.pstatic.net/20230609_197/1686303239150FN6fc_JPEG/%BF%AC%BE%EE%C3%CA%B9%E4_10p.jpg
1712077677,14,소고기(5p) + 황새치불(5p),22900,22900,22900,,false,https://ldb-phinf.pstatic.net/20230609_105/1686304502928KA1Iy_JPEG/%BC%D2%B0%ED%B1%E2_%C8%B2%BB%F5%C4%A1%BA%D2_%C3%CA%B9%E4.jpg
1712077677,15,연어(5p) + 갈릭새우(5p),22500,22500,22500,,false,https://ldb-phinf.pstatic.net/20230609_142/16863044727986ctU9_JPEG/%BF%AC%BE%EE_%B0%A5%B8%AF%BB%F5%BF%EC_%C3%CA%B9%E4.jpg
1712077677,16,광어(5p) + 간장새우(5p),25500,25500,25500,,false,https://ldb-phinf.pstatic.net/20230609_278/1686304434501aEaxg_JPEG/%B1%A4%BE%EE_%B0%A3%C0%E5%BB%F5%BF%EC_%C3%CA%B9%E4.jpg
1712077677,17,광어(5p) + 연어(5p),23500,23500,23500,,false,https://ldb-phinf.pstatic.net/20230609_109/1686304413158BQKtL_JPEG/%B1%A4%BE%EE_%BF%AC%BE%EE_%C3%CA%B9%E4.jpg
1712077677,18,오도로 초밥(8p),38000,38000,38000,,false,https://ldb-phinf.pstatic.net/20230609_33/1686304376914l0T0T_PNG/%B8%DE%B4%BA%BA%F3%BB%E7%C1%F8.png
1712077677,19,타코와사비 10p,20000,20000,20000,,false,
1712077677,20,활어묵은지 10p,20000,20000,20000,,false,
1712077677,21,소고기 (10p),20900,20900,20900,,false,https://ldb-phinf.pstatic.net/20230609_100/1686304354872tUGkB_PNG/%B8%DE%B4%BA%BA%F3%BB%E7%C1%F8.png
1712077677,22,장어 (10p),27900,27900,27900,,false,https://ldb-phinf.pstatic.net/20241001_135/17277452990727PJlB_JPEG/%C0%E5%BE%EE_10p.jpg
1712077677,23,성게알 한판,66000,66000,66000,,false,https://ldb-phinf.pstatic.net/20230609_71/1686304291345Ke7DP_PNG/%B8%DE%B4%BA%BA%F3%BB%E7%C1%F8.png
1712077677,24,참다랑어 오도로 (10p),50000,50000,50000,,false,https://ldb-phinf.pstatic.net/20230609_47/1686304248925Y0css_PNG/%B8%DE%B4%BA%BA%F3%BB%E7%C1%F8.png
1712077677,25,물회,27900,27900,27900,,false,https://ldb-phinf.pstatic.net/20230609_197/1686303930441O3pKz_JPEG/%B9%B0%C8%B8.jpg
1712077677,26,혼술 사시미 (12p),26900,26900,26900,,true,https://ldb-phinf.pstatic.net/20230609_259/1686303325739xaWJT_JPEG/%C8%A5%BC%FA%BB%E7%BD%C3%B9%CC.jpg
1712077677,27,광어 사시미 (20p),46900,46900,46900,,false,https://ldb-phinf.pstatic.net/20230609_45/1686303339856bO03j_JPEG/%B1%A4%BE%EE_%BB%E7%BD%C3%B9%CC.jpg
1712077677,28,연어 사시미 (20p),43900,43900,43900,,false,https://ldb-phinf.pstatic.net/20230609_247/1686303357014l2bXW_JPEG/%BF%AC%BE%EE_%BB%E7%BD%C3%B9%CC.jpg
1712077677,29,광어+연어 사시미,45900,45900,45900,,false,https://ldb-phinf.pstatic.net/20230506_294/16833222939088tMsR_JPEG/Screenshot_20230505-070502_Gallery.jpg
1712077677,30,모듬 사시미 (20p),59900,59900,59900,,false,https://ldb-phinf.pstatic.net/20230609_290/16863041394321EN2s_JPEG/%B8%F0%B5%EB%BB%E7%BD%C3%B9%CC.jpg
1712077677,31,모듬사시미 (30p),89900,89900,89900,,false,
1712077677,32,왕새우튀김우동,10000,10000,10000,,false,https://ldb-phinf.pstatic.net/20230609_38/16863047012033E3PY_PNG/%B8%DE%B4%BA%BA%F3%BB%E7%C1%F8.png
1712077677,33,회덮밥,12000,12000,12000,,false,https://ldb-phinf.pstatic.net/20230609_254/1686303412208LHH59_JPEG/%C8%B8%B5%A4%B9%E4.jpg
1712077677,34,연어회덮밥,16900,16900,16900,,false,https://ldb-phinf.pstatic.net/20230609_272/1686304776461LAj7y_PNG/%B8%DE%B4%BA%BA%F3%BB%E7%C1%F8.png
1712077677,35,광어회덮밥,19900,19900,19900,,false,
1712077677,36,매콤비빔면,15900,15900,15900,,false,https://ldb-phinf.pstatic.net/20241001_194/1727745226165tgSKa_JPEG/KakaoTalk_20240213_195343461_09_-_%BA%B9%BB%E7%BA%BB.jpg
1712077677,37,등심돈까스,14900,14900,14900,,false,https://ldb-phinf.pstatic.net/20230609_15/1686304901165P41TV_JPEG/%B5%EE%BD%C9%B5%B7%B1%EE%BD%BA.jpg
1712077677,38,활어묵은지 1p,2000,2000,2000,,false,
1712077677,39,갈릭치즈계란 1p,1700,1700,1700,,false,
1712077677,40,갈릭치즈새우 1p,2100,2100,2100,,false,
1712077677,41,타코와사비 군함 1p,2000,2000,2000,,false,
1712077677,42,날치알군함 1p,1500,1500,1500,,false,
1712077677,43,소고기 초밥 1p,2100,2100,2100,,false,
1712077677,44,광어초밥 1p,2400,2400,2400,,false,
1712077677,45,광어 지느러미 1p,3000,3000,3000,,false,
1712077677,46,연어초밥 1p,2300,2300,2300,,false,
1712077677,47,참치 1p,2300,2300,2300,,false,
1712077677,48,계란 초밥 1p,1500,1500,1500,,false,
1712077677,49,후토마키 1p,3600,3600,3600,,false,
1712077677,50,유부초밥 1p,1300,1300,1300,,false,
1712077677,51,생새우 1p,1800,1800,1800,,false,
1712077677,52,황새치불 1p,2200,2200,2200,,false,
1712077677,53,초새우 초밥 1p,1800,1800,1800,,false,
1712077677,54,간장새우 1p,2300,2300,2300,,false,
1712077677,55,연어 대뱃살,3000,3000,3000,,false,
1712077677,56,도미 초밥 1p,3200,3200,3200,,false,
1718614596,0,1++한우 특안심,59000,59000,59000,지방이 적어 담백하고 부드러워 최고급으로 최급되는 부위,true,https://ldb-phinf.pstatic.net/20250310_105/1741606045189i0iVg_JPEG/25.0310_%C2%F7%B0%ED145-13.jpg
1718614596,1,1++한우 특등심,55000,55000,55000,한우등심의 꽃등심과 생등심으로 구성된 특등심,true,https://ldb-phinf.pstatic.net/20250310_27/17416055979267XaNA_JPEG/25.0310_%C2%F7%B0%ED145-10.jpg
1718614596,2,1++한우 스페셜,58000,58000,58000,"(2인분 이상 주문 가능) 한우 안심,특등심,채끝등심으로 구성된 세트 메뉴",true,https://ldb-phinf.pstatic.net/20250310_210/1741605537971lBuIn_JPEG/25.0310_%C2%F7%B0%ED145-11.jpg
1718614596,3,1++한우 채끝등심,58000,58000,58000,육질이 연하고 부드러우며 풍미가 넘치는 부위,true,https://ldb-phinf.pstatic.net/20250310_154/1741605625734AfDbH_JPEG/25.0310_%C2%F7%B0%ED145-31.jpg
1718614596,4,1++한우 새우살,69000,69000,69000,한정판매. 한우등심에서 가장 적게 나오며 새우모양으로 고소한맛이 뛰어난 부위,true,https://ldb-phinf.pstatic.net/20250311_242/1741680098207c1Ev1_PNG/%C6%C4%C0%CF%C5%A9%B1%E2_%C0%DB%C0%BA%B9%F6%C0%FC.png
1718614596,5,1++한우 치마살,63000,63000,63000,한정판매. 쫄깃한 감칠맛이 가장 뛰어나며 육즙이 풍부하고 고소한 부위,false,https://ldb-phinf.pstatic.net/20250310_241/17416057055343LFFg_JPEG/25.0310_%C2%F7%B0%ED145-32.jpg
1718614596,6,1++ 한우 꽃갈비살,65000,65000,65000,한정판매. 한우갈비 최고의 꽃 마블링과 감칠맛이 좋은부위,false,https://ldb-phinf.pstatic.net/20250310_195/1741605856352wlW3j_JPEG/25.0310_%C2%F7%B0%ED145-06.jpg
1718614596,7,런치 생갈비살 정식,23000,23000,23000,쫄깃한 식감과 풍부한 육즙이 조화로운 프리미엄 갈비살,false,https://ldb-phinf.pstatic.net/20250310_120/1741606094108owdcH_JPEG/25.0310_%C2%F7%B0%ED145-04.jpg
1718614596,8,한우차돌관자삼합,32000,32000,32000,"한우 차돌박이와 국내산 키조개 관자, 그리고 곁들임 찬과의 삼합",true,https://ldb-phinf.pstatic.net/20250310_162/1741606116878jhpNE_JPEG/25.0310_%C2%F7%B0%ED145-26.jpg
1718614596,9,한우 차돌박이,32000,32000,32000,고소하면서도 쫄깃한 맛을 즐길수 있는 부위,false,https://ldb-phinf.pstatic.net/20250310_143/1741610946429O42hH_PNG/%C0%CC%BF%B5%C1%F8_%C1%A6%C0%DB3.png
1718614596,10,프리미엄 갈비살,30000,30000,30000,쫄깃한 식감과 풍부한 육즙이 조화로운 프리미엄 갈비살 (디너),false,https://ldb-phinf.pstatic.net/20260108_168/1767867351670w4usJ_PNG/IMG_2756.png
1718614596,11,뚝배기 불고기,13000,13000,13000,특제소스에 재운 프리미엄 한우 불고기를 채소와 함께 뜨거운 뚝배기에 담아 제공,false,https://ldb-phinf.pstatic.net/20250310_283/1741609450760sBwyu_JPEG/25.0310_%C2%F7%B0%ED145-08.jpg
1718614596,12,런치 한우 샤브샤브,22000,22000,22000,(2인분 이상 주문 가능)갖은 채소로 육수를 내어 신선한 한우와 함께 곁들여 먹는 깊고 풍부한 맛이 일품.,false,https://ldb-phinf.pstatic.net/20231101_68/1698806661217Bo6eF_JPEG/%C7%D1%BF%EC%B5%EE%BD%C9%BB%FE%BA%EA%BB%FE%BA%EA.JPG
1718614596,13,차돌볶음과 된장찌개,15000,15000,15000,차돌을 피망과 양파와 함께 볶은후 부추무침과 된장찌개,false,https://ldb-phinf.pstatic.net/20250310_122/174160545730492rjV_JPEG/25.0310_%C2%F7%B0%ED145-28.jpg
1718614596,14,유자 육회 비빔밥,14000,14000,14000,한우 육회와 신선한 야채와 달콤한 유자의 풍미를 느낄수 있는 고추장 소스가 일품,false,https://ldb-phinf.pstatic.net/20250310_146/1741606172661nW8Lb_JPEG/25.0310_%C2%F7%B0%ED145-22.jpg
1718614596,15,유자 소고기 비빔밥,14000,14000,14000,"한우 볶은 고기, 신선한야채와 달콤한 유자의 풍미를 느낄수 있는 고추장 소스가 일품",false,https://ldb-phinf.pstatic.net/20250310_33/1741606210733MUNAh_JPEG/25.0310_%C2%F7%B0%ED145-18.jpg
1718614596,16,한우 국밥,11000,11000,11000,한우로 우려내 시원하고 갚은맛이 일품,false,
1718614596,17,구워먹는 치즈,12000,12000,12000,,false,https://ldb-phinf.pstatic.net/20250310_128/1741609521041cfgMc_JPEG/25.0310_%C2%F7%B0%ED145-33.jpg
1718614596,18,- Corkage Free -,0,,,"- 첫 와인잔은 무료로 제공 후 교체 시 잔당 10,000원 비용",false,https://ldb-phinf.pstatic.net/20240220_118/17084121006703QdvN_JPEG/20240220_155440.jpg
1740068270,0,활어3종,39000,39000,39000,대광어+계절활어(대방어.이시가리.참돔등..)+고급어종(감상돔.줄돔.벵에돔.참가자미등..),true,https://ldb-phinf.pstatic.net/20221227_289/1672113697771oklnb_JPEG/SNOW_20211210_170843_368.jpg
1740068270,1,이든스시,11500,11500,11500,12pcs 활어.참치.새우등..,false,https://ldb-phinf.pstatic.net/20201124_171/1606202825925b5SiU_JPEG/4UPaHftshgMh4sl3F197lI3P.jpg
1740068270,2,스시정식,13500,13500,13500,튀김.미니우동추가..,false,
1740068270,3,대광어,34000,34000,34000,생선구이.세꼬시.충무김밥.튀김.해초모듬.지리(매운탕).골뱅이.산낙지회무침.등..오마카세,false,
1740068270,4,참가자미세꼬시,49000,49000,49000,생선구이.해초모듬.지리(매운탕).골뱅이.산낙지.문어.샐러드.등..포함,false,
1740068270,5,이시가리 (계절),39000,39000,39000,생선구이.해초모듬.지리(매운탕).골뱅이.산낙지.문어.샐러드.등..포함,false,
1746231153,0,Beef(소고기),20000,20000,20000,,false,https://ldb-phinf.pstatic.net/20240131_145/1706706230359UCjFD_JPEG/1000011949.jpeg
1746231153,1,Pork(돼지고기),18000,18000,18000,,false,https://ldb-phinf.pstatic.net/20240131_260/17067062941086M4ur_JPEG/1000011994.jpeg
1746231153,2,Lamb(양고기),21000,21000,21000,,false,https://ldb-phinf.pstatic.net/20240131_115/1706706333695C5LlG_JPEG/1000011977.jpeg
1746231153,3,Chicken(닭고기),18000,18000,18000,,false,https://ldb-phinf.pstatic.net/20260119_43/1768803883922O1JrL_PNG/IMG_0706.png
1746231153,4,Boneless Short Rib Beef(진갈비살),31000,31000,31000,,false,https://ldb-phinf.pstatic.net/20240202_251/1706858123727OrDJ8_JPEG/1000012000.jpeg
1746231153,5,Wagyu Beef(와규),32000,32000,32000,,false,https://ldb-phinf.pstatic.net/20240202_139/1706838048667kGtO8_JPEG/1000011959.jpeg
1746231153,6,Seafood Platter(씨푸드플래터),25000,25000,25000,,false,https://ldb-phinf.pstatic.net/20240131_280/1706706512049Xxpk3_JPEG/1000011985.jpeg
1746231153,7,Surf&Turf(소고기&해산물),27000,27000,27000,,false,https://ldb-phinf.pstatic.net/20240131_221/1706706548429RhOx0_JPEG/1000011980.jpeg
1746231153,8,Seafood Supreme(씨푸드슈프림),29000,29000,29000,,false,https://ldb-phinf.pstatic.net/20240131_206/1706706696725exNrF_JPEG/1000011983.jpeg
1746231153,9,Vegetarian Delights(베지테리언),16000,16000,16000,,false,https://ldb-phinf.pstatic.net/20240131_207/1706706622718xMSmu_JPEG/1000011981.jpeg
1746231153,10,Orange Chicken,16000,16000,16000,,false,https://ldb-phinf.pstatic.net/20260119_134/1768803721669Mu4oT_JPEG/1000006094.jpeg
1746231153,11,Hidden Beef Fries,14000,14000,14000,,false,https://ldb-phinf.pstatic.net/20260119_66/1768804017002QTloR_PNG/IMG_0664.png
1746231153,12,Lemon Cream Shrimp,12000,12000,12000,,false,https://ldb-phinf.pstatic.net/20260119_154/1768803996751K5I9d_PNG/IMG_0756.png
1746231153,13,Egg Stir-Fried Rice,9500,9500,9500,,false,https://ldb-phinf.pstatic.net/20260119_57/176880421160579bLk_PNG/IMG_0657.png
1746231153,14,Sweet & Sour Pork,16000,16000,16000,,false,https://ldb-phinf.pstatic.net/20260119_257/1768803943684cnr6u_PNG/IMG_0682.png
1746231153,15,우육육개장,13000,13000,13000,,false,https://ldb-phinf.pstatic.net/20260119_193/1768803797016h3GuP_JPEG/IMG_5996.jpeg
1746231153,16,마라곱창전골,13000,13000,13000,,false,https://ldb-phinf.pstatic.net/20260119_135/1768804079436EJmlg_JPEG/IMG_0732.jpeg
1746231153,17,마라부대전골,13000,13000,13000,,false,https://ldb-phinf.pstatic.net/20240201_101/17067174230010eLa8_JPEG/1000011999.jpeg
1746231153,18,마마똠양라면,12000,12000,12000,,false,https://ldb-phinf.pstatic.net/20221226_194/1672048308783MQKCM_JPEG/Screenshot_20221226-185104_Instagram.jpg
1746231153,19,차돌마리미엔,11000,11000,11000,,false,https://ldb-phinf.pstatic.net/20240201_185/1706717487555AM8M2_JPEG/1000012005.jpeg
1755828328,0,숙지황 한방삼계탕,20000,20000,20000,지황을 9증구포 아홉번 찌고 말린100%국내산숙지황 오장육부를 보살펴 주는 자양강장제입니다,true,https://ldb-phinf.pstatic.net/20240311_180/1710163421012uXbsz_JPEG/KakaoTalk_20240311_222311246.jpg
1755828328,1,보양삼계탕,18000,18000,18000,국내산 황기와 엄나무 6년근 인삼 대추 를 오랜시간달여서 진한 국물맛을 맛 볼수 있습니다,true,https://ldb-phinf.pstatic.net/20240305_119/1709640577286VyxFq_JPEG/3_%BB%EF%B0%E8%C5%C1_01.jpg
1755828328,2,옻삼계탕,21000,21000,21000,100%국내산 참 옻을 엄선하여 옻 오름이 없는 위 보양제로 추천 드립니다,true,https://ldb-phinf.pstatic.net/20240311_100/1710163432389dUFYr_JPEG/KakaoTalk_20240311_222311246_01.jpg
1755828328,3,얼큰삼계탕,19000,19000,19000,얼큰함이 생각날때 맵콤 칼칼하게 목넘김이 부드러운 감칠맛을 더 했습니다.,true,https://ldb-phinf.pstatic.net/20240311_164/1710163443729dnM8O_JPEG/KakaoTalk_20240311_222311246_02.jpg
1755828328,4,보양반계탕,13000,13000,13000,,false,https://ldb-phinf.pstatic.net/20240305_223/17096405965516izgh_JPEG/4_%B9%DD%B0%E8%C5%C1_01.jpg
1755828328,5,숙지황 한방반계탕,14000,14000,14000,,false,https://ldb-phinf.pstatic.net/20240305_263/17096404058102LY49_JPEG/8_%C7%D1%B9%E6%B9%DD%B0%E8%C5%C1_01.jpg
1755828328,6,얼큰반계탕,14000,14000,14000,,false,https://ldb-phinf.pstatic.net/20240305_224/17096404602658cTrD_JPEG/6_%BE%F3%C5%AB%B9%DD%B0%E8%C5%C1_01.jpg
1755828328,7,옻반계탕,14000,14000,14000,,false,https://ldb-phinf.pstatic.net/20240305_71/1709640489665Fz9pn_JPEG/2_%BF%CC%B9%DD%B0%E8%C5%C1_01.jpg
1755828328,8,닭조림탕2인,34000,34000,34000,,false,https://ldb-phinf.pstatic.net/20240305_101/1709640518756Mx63X_JPEG/11_%B4%DF%BA%BA%C0%BD%C5%C1_%BC%D2_01.jpg
1755828328,9,닭조림탕3인,45000,45000,45000,,false,https://ldb-phinf.pstatic.net/20240305_102/1709640534364fzzTs_JPEG/10_%B4%DF%BA%BA%C0%BD%C5%C1_%C1%DF_01.jpg
1755828328,10,닭조림탕4인,60000,60000,60000,,false,https://ldb-phinf.pstatic.net/20240305_76/1709640550236OeuFt_JPEG/9_%B4%DF%BA%BA%C0%BD%C5%C1_%B4%EB_01.jpg
1758804727,0,가이센동,17000,17000,17000,사시미가 올라간 덮밥,true,https://ldb-phinf.pstatic.net/20250206_153/1738811598494HBBES_JPEG/27%B0%A1%C0%CC%BC%BE%B5%BF.jpeg
1758804727,1,사케동,13000,13000,13000,,false,https://ldb-phinf.pstatic.net/20250206_165/1738811615041SQCLM_JPEG/28%BB%E7%C4%C9%B5%BF.jpeg
1758804727,2,혼마구로동,38000,38000,38000,,false,https://ldb-phinf.pstatic.net/20250206_166/1738811991645K3y0F_JPEG/31%C8%A5%B8%B6%B1%B8%B7%CE%B5%BF.jpeg
1758804727,3,규동,9000,9000,9000,,false,https://ldb-phinf.pstatic.net/20250206_78/1738811966824z6BrI_JPEG/36%B1%D4%B5%BF.jpeg
1758804727,4,도리데리야끼동,9000,9000,9000,,false,https://ldb-phinf.pstatic.net/20250206_216/1738811811946UG0g0_JPEG/37%B5%B5%B8%AE%B5%A5%B8%AE%BE%DF%B3%A2%B5%BF.jpeg
1758804727,5,에비동,9000,9000,9000,,false,https://ldb-phinf.pstatic.net/20250206_181/17388119279051ndtz_JPEG/35%BF%A1%BA%F1%B5%BF.jpeg
1758804727,6,우동,10000,10000,10000,,false,https://ldb-phinf.pstatic.net/20250206_232/17388120079742xnPO_JPEG/38%BF%EC%B5%BF.jpeg
1758804727,7,야끼니꾸동,11000,11000,11000,,false,https://ldb-phinf.pstatic.net/20250206_188/173881168351516Cch_JPEG/39%BE%DF%B3%A2%B4%CF%B2%D9%B5%BF.jpeg
1758804727,8,아부리 사케동,15000,15000,15000,,false,https://ldb-phinf.pstatic.net/20250206_156/1738811656667nogsO_JPEG/29%BE%C6%BA%CE%B8%AE%BB%E7%C4%C9%B5%BF.jpeg
1758804727,9,아나고동,16000,16000,16000,,false,https://ldb-phinf.pstatic.net/20250206_41/1738811667019IrrSR_JPEG/30%BE%C6%B3%AA%B0%ED%B5%BF.jpeg
1758804727,10,스테이크동,16000,16000,16000,,false,https://ldb-phinf.pstatic.net/20250206_100/17388116392629c2Qg_JPEG/34%BD%BA%C5%D7%C0%CC%C5%A9%B5%BF.jpeg
1758804727,11,포테이토사라다,10000,10000,10000,,false,https://ldb-phinf.pstatic.net/20250206_111/1738814607517MUJfq_JPEG/69%B0%A8%C0%DA%BB%E7%B6%F3%B4%D9.jpeg
1758804727,12,명란구이,18000,18000,18000,,false,https://ldb-phinf.pstatic.net/20250206_13/1738812812583Pq6qM_JPEG/64%B8%ED%B6%F5%B1%B8%C0%CC.jpeg
1758804727,13,바지락술찜,18000,18000,18000,,false,https://ldb-phinf.pstatic.net/20250206_88/1738812830987UMGWG_JPEG/67%B9%D9%C1%F6%B6%F4%BC%FA%C2%F2.jpeg
1758804727,14,새우크림고로케,18000,18000,18000,,false,https://ldb-phinf.pstatic.net/20250206_284/1738812915814lHL9n_JPEG/59%BB%F5%BF%EC%C5%A9%B8%B2%B0%ED%B7%CE%C4%C9%C0%FA%B3%E1%B8%DE%B4%BA.jpeg
1758804727,15,도리가라아게,18000,18000,18000,,false,https://ldb-phinf.pstatic.net/20250206_188/1738813124210DMo2r_JPEG/57%B5%B5%B8%AE%B0%A1%B6%F3%BE%C6%B0%D4.jpeg
1758804727,16,전복내장크림파스타,20000,20000,20000,,false,https://ldb-phinf.pstatic.net/20250206_150/1738814501634TweM4_JPEG/65%C0%FC%BA%B9%B3%BB%C0%E5%C5%A9%B8%B2%C6%C4%BD%BA%C5%B8.jpeg
1758804727,17,나가사끼짬뽕,25000,25000,25000,,false,https://ldb-phinf.pstatic.net/20250206_190/1738812859930J7s82_JPEG/44%B3%AA%B0%A1%BB%E7%C5%B0%C2%AB%BB%CD.jpeg
1758804727,18,짬뽕탕,25000,25000,25000,,false,https://ldb-phinf.pstatic.net/20250206_12/1738814395219srTMV_JPEG/46%C2%AB%BB%CD%C5%C1.jpeg
1758804727,19,오꼬노미야끼,25000,25000,25000,,false,https://ldb-phinf.pstatic.net/20250206_244/1738812874242oRMrw_JPEG/74%BF%C0%B2%BF%B3%EB%B9%CC%BE%DF%B3%A2.jpeg
1758804727,20,해산물버터볶음,27000,27000,27000,,false,https://ldb-phinf.pstatic.net/20250206_173/1738812896786eN3vp_JPEG/49%C7%D8%BB%EA%B9%B0%B9%F6%C5%CD%BA%BA%C0%BD.jpeg
1758804727,21,연어사시미,40000,40000,40000,,false,https://ldb-phinf.pstatic.net/20250206_69/17388143798853C8KI_JPEG/45%BF%AC%BE%EE%BB%E7%BD%C3%B9%CC.jpeg
1758804727,22,모듬사시미(3인),60000,60000,60000,,false,https://ldb-phinf.pstatic.net/20250206_4/1738814358951hiVsb_JPEG/42%B8%F0%B5%EB%BB%E7%BD%C3%B9%CC3%C0%CE.jpeg
1772691699,0,샐러드돈가스,12000,12000,12000,,false,
1772691699,1,치즈돈가스,12000,12000,12000,,false,https://ldb-phinf.pstatic.net/20241007_178/172826850191039KP0_JPEG/%C4%A1%C1%EE%B5%B7%B0%A1%BD%BA_2.jpg
1772691699,2,매운돈가스,10000,10000,10000,,false,
1772691699,3,매콤돈가스,10000,10000,10000,,false,https://ldb-phinf.pstatic.net/20241007_238/1728268534018kq2rL_JPEG/%B5%B7%B0%A1%BD%BA_%28%B8%C5%BF%EE%2C%B8%C5%C4%DE%2C%B4%DE%B4%DE%2C%B9%DD%B9%DD%29_10000%BF%F8.jpg
1772691699,4,달달돈가스,10000,10000,10000,,false,https://ldb-phinf.pstatic.net/20241007_85/1728268539341vDigh_JPEG/%B5%B7%B0%A1%BD%BA_%28%B8%C5%BF%EE%2C%B8%C5%C4%DE%2C%B4%DE%B4%DE%2C%B9%DD%B9%DD%29_10000%BF%F8.jpg
1772691699,5,반반돈가스,11000,11000,11000,,false,https://ldb-phinf.pstatic.net/20241007_156/17282685441075OMw3_JPEG/%B5%B7%B0%A1%BD%BA_%28%B8%C5%BF%EE%2C%B8%C5%C4%DE%2C%B4%DE%B4%DE%2C%B9%DD%B9%DD%29_10000%BF%F8.jpg
1772691699,6,왕우동+돈가스,10000,10000,10000,,false,
1772691699,7,치즈라면+돈가스,10000,10000,10000,,false,
1772691699,8,철판치즈돈가스나베,10000,10000,10000,,false,
1772691699,9,철판김치돈가스나베,9000,9000,9000,,false,https://ldb-phinf.pstatic.net/20241007_69/17282686292674gP2u_JPEG/%C6%C7%C3%B6%B1%E8%C4%A1%B5%B7%B0%A1%BD%BA%B3%AA%BA%A3_9000%BF%F8.jpg
1772691699,10,---냉면---,,,,,false,
1772691699,11,물냉면,10000,10000,10000,"추가면곱빼기 +2,000원",false,
1772691699,12,비빔냉면,10000,10000,10000,"추가면곱빼기 +2,000원",false,
1772691699,13,돈물냉,11000,11000,11000,"추가면곱빼기 +2,000원",false,https://ldb-phinf.pstatic.net/20241007_85/1728268576234RNSz3_JPEG/%B3%C3%B8%E9_%2B_%B5%B7%B0%A1%BD%BA_11000%BF%F8.jpg
1772691699,14,돈비냉,11000,11000,11000,"추가면곱빼기 +2,000원",false,
1772691699,15,돈물따로,12000,12000,12000,"추가면곱빼기 +2,000원",false,
1772691699,16,돈비따로,12000,12000,12000,"추가면곱빼기 +2,000원",false,
1772691699,17,닭개장(동절기),10000,10000,10000,,false,
1772691699,18,생고기 김치찌개,9000,9000,9000,,false,
1772691699,19,--저녁메뉴--,,,,,false,
1772691699,20,생삼겹살(한돈생고기 180g),16000,16000,16000,,false,
1772691699,21,보쌈 한상차림(2인이상),25000,25000,25000,"굴추가 +10,000/고기추가 +20,000/홍어무침추가 +20,000",false,https://ldb-phinf.pstatic.net/20241007_207/1728268596637sHFwf_JPEG/%BA%B8%BD%D3_%C7%D1%BB%F3_%B8%DE%C0%CE_%281%C0%CE25000%BF%F8%29.jpg
1772691699,22,한우육회(최상등급 200g),35000,35000,35000,최고품질 1++을 사용!!,false,
1772691699,23,닭볶음탕,40000,40000,40000,,false,
1772691699,24,홍어무침,25000,25000,25000,,false,
1772691699,25,철판제육볶음,25000,25000,25000,,false,
1772691699,26,뼈없는닭발,20000,20000,20000,,false,
1772691699,27,골뱅이무침,20000,20000,20000,,false,
1777167474,0,양지 쌀국수,9900,9900,9900,하노이 현지에서 전수 받은 진한육수에 식감좋은 양지가 올라간 쌀국수,false,https://ldb-phinf.pstatic.net/20231023_149/1698050858724TNyIo_JPEG/%BD%D2%B1%B9%BC%F6-%BE%E7%C1%F6%BD%D2%B1%B9%BC%F6.jpg
1777167474,1,매운양지 쌀국수,10900,10900,10900,하노이 현지에서 전수 받은 진한육수에 양지와 특제 매운양념을 더한 중독성 강한 매운쌀국수,false,https://ldb-phinf.pstatic.net/20231023_189/1698051379499WGqyq_JPEG/%BD%D2%B1%BC%BC%F6-%B8%C5%BF%EE%BD%D2%B1%B9%BC%F6.jpg
1777167474,2,껌승1인세트,14500,14500,14500,"숯불향 가득한 돼지고기를 곁들여 먹는 덮밥
껌승 + 양지쌀국수 小",false,https://ldb-phinf.pstatic.net/20231107_15/1699339892532lBzil_JPEG/1%C0%CE%BC%BC%C6%AE%28%B2%AD%BD%C2%2B%BE%E7%C1%F6%E1%B3%29.jpg
1777167474,3,직화바비큐반미세트,12000,12000,12000,직화바비큐반미 + 양지쌀국수 小,false,https://ldb-phinf.pstatic.net/20231107_119/1699339977507Y7aNa_JPEG/IMG_5567.jpg
1777167474,4,반미세트,11500,11500,11500,불고기반미/치킨반미/계란치즈반미+양지쌀국수小,false,https://ldb-phinf.pstatic.net/20231107_160/1699336663404P9FAB_JPEG/IMG_5566.jpg
1777167474,5,왕갈비 쌀국수,15000,15000,15000,하노이 현지에서 전수 받은 진한육수에 식감좋은 양지와 촉촉한 왕갈비가 올라간 쌀국수,false,https://ldb-phinf.pstatic.net/20231023_176/1698051096112lRWXT_JPEG/%BD%D2%B1%B9%BC%F6-%BF%D5%B0%A5%BA%F1%BD%D2%B1%B9%BC%F6.jpg
1777167474,6,불고기볶음밥세트,14500,14500,14500,"돼지안심,당근,양파,버섯,대파,야채를 홍호아만의 특별한 소스로 볶아내어 먹는 볶음밥",false,https://ldb-phinf.pstatic.net/20240911_287/1726066298980UCr73_PNG/IMG_0119.png
1777167474,7,힘줄양지차돌쌀국수,13000,13000,13000,"현지에서 전수 받은 진한육수에 단단하고 쫄깃한 식감의 힘줄과 양지,차돌박이가 올라간쌀국수",false,https://ldb-phinf.pstatic.net/20240613_142/1718258027648nzqnl_PNG/%C8%FB%C1%D9%BE%E7%C1%F6%C2%F7%B5%B9%BD%D2%B1%B9%BC%F62.png
1777167474,8,분짜,14900,14900,14900,"바비큐완자, 돼지고기, 짜조를 분짜면과 야채에 곁들여 특제소스와 함께 먹는 요리",false,https://ldb-phinf.pstatic.net/20231023_155/1698051306656y9jdn_JPEG/%BA%D0%C2%A5.jpg
1777167474,9,분보싸오,12900,12900,12900,"돼지고기,각종야채,파인애플을 홍호아만의 특별한 소스에 비벼먹는 비빔쌀국수",false,https://ldb-phinf.pstatic.net/20240911_167/1726066645118Yujk8_JPEG/IMG_0121.jpeg
1777167474,10,힘줄차돌쌀국수,12500,12500,12500,현지에서 전수받은 진한육수에 단단하고 쫄깃한 식감의 힘줄과 부드러운 차돌박이가 올라간쌀국수,false,https://ldb-phinf.pstatic.net/20240613_216/17182578961602xzpE_PNG/%C8%FB%C1%D9%C2%F7%B5%B9%BD%D2%B1%B9%BC%F62.png
1777167474,11,힘줄양지쌀국수,11500,11500,11500,하노이에서 전수 받은 진한육수에 단단하고 쫄깃한 식감의 힘줄과 식감좋은 양지가 올라간쌀국수,false,https://ldb-phinf.pstatic.net/20240613_76/1718257222288WxnPw_PNG/%C8%FB%C1%D9%BE%E7%C1%F6%BD%D2%B1%B9%BC%F6.png
1777167474,12,힘줄쌀국수,12500,12500,12500,하노이 현지에서 전수 받은 진한육수에 단단하고 쫄깃한 식감의 힘줄이 올라간 쌀국수,false,https://ldb-phinf.pstatic.net/20240613_12/1718256915392VpDfG_PNG/%C8%FB%C1%D9%BD%D2%B1%B9%BC%F6.png
1777167474,13,매운차돌 쌀국수,13900,13900,13900,하노이 현지에서 전수 받은 진한육수에 부드러운 차돌박이와 매운양념을 더한 매운쌀국수,false,https://ldb-phinf.pstatic.net/20231023_106/1698051569211Qhj1R_JPEG/%BD%D2%B1%BC%BC%F6-%B8%C5%BF%EE%BD%D2%B1%B9%BC%F6.jpg
1777167474,14,차돌쌀국수,12900,12900,12900,하노이 현지에서 전수 받은 진한육수에 부드러운 차돌박이가 올라간 쌀국수,false,https://ldb-phinf.pstatic.net/20231023_194/1698050954393A8PCx_JPEG/%BD%D2%B1%B9%BC%F6-%C2%F7%B5%B9%BD%D2%B1%B9%BC%F6.jpg
1777167474,15,껌승(돼지고기덮밥),11000,11000,11000,숯불향 가득한 돼지고기를 특제소스와 곁들여 먹는 덮밥,false,https://ldb-phinf.pstatic.net/20231023_89/1698051263513fwLHK_JPEG/%B2%AD%BD%C2.jpg
1777167474,16,불고기볶음밥,11000,11000,11000,"돼지안심,당근,양파,버섯,대파,야채를 홍호아만의 특별한 소스로 볶아내어 먹는 볶음밥",false,https://ldb-phinf.pstatic.net/20240911_86/1726066462296p7dKp_PNG/IMG_0120.png
1777167474,17,직화바비큐 반미,8900,8900,8900,호치민 현지 방식으로 구운 바게트빵에 직화 돼지고기가 들어있는 베트남식 프리미엄 샌드위치,false,https://ldb-phinf.pstatic.net/20231023_152/1698051243942YunmO_JPEG/%B9%DD%B9%CC-%C1%F7%C8%AD%B9%D9%BA%A3%C5%A5%B9%DD%B9%CC.jpg
1777167474,18,계란치즈 반미,7900,7900,7900,"호치민 현지 방식으로 구운 바게트빵에 계란후라이,치즈가 들어있는 베트남식 샌드위치",false,https://ldb-phinf.pstatic.net/20231023_1/1698051200227eVzH2_JPEG/%B9%DD%B9%CC-%B0%E8%B6%F5%C4%A1%C1%EE%B9%DD%B9%CC.jpg
1777167474,19,불고기 반미,7900,7900,7900,호치민 현지 방식으로 구운 바게트빵에 불고기가 들어간 베트남식 샌드위치,false,https://ldb-phinf.pstatic.net/20231023_194/1698051149176sxThw_JPEG/%B9%DD%B9%CC-%BA%D2%B0%ED%B1%E2%B9%DD%B9%CC.jpg
1777167474,20,치킨반미,7900,7900,7900,호치민 현지 방식으로 구운 바게트빵에 담백한 닭가슴살이 들어있는 베트남식 샌드위치,false,https://ldb-phinf.pstatic.net/20231023_97/1698051167269aoW2N_JPEG/%B9%DD%B9%CC-%C4%A1%C5%B2%B9%DD%B9%CC.jpg
1777167474,21,모둠튀김 大,29000,29000,29000,"짜조2pcs,왕새우2pcs,감자말이4pcs,꽃게네트6pcs,치킨봉4pcs,반미느엉1ea",false,https://ldb-phinf.pstatic.net/20231107_10/1699337025735F92o7_JPEG/%B8%F0%B5%D2%C6%A2%B1%E8%D3%DE%28%BB%F5%BF%EC%C6%A2%B1%E82%29.jpg
1777167474,22,모둠튀김 小,17000,17000,17000,"짜조1pcs,왕새우1pcs,감자말이2pcs,꽃게네트3pcs,치킨봉2pcs",false,https://ldb-phinf.pstatic.net/20231107_34/1699339683609Idhli_JPEG/%B8%F0%B5%D2%C6%A2%B1%E8%E1%B3%28%BB%F5%BF%EC%C6%A2%B1%E81%29.jpg
1777167474,23,짜조,7500,7500,7500,고기와 야채를 다져 라이스페이퍼에 말아 튀긴 베트남식 튀김롤,false,https://ldb-phinf.pstatic.net/20231023_106/1698051345455Fvaor_JPEG/%C2%A5%C1%B6%286000%29.jpg
1777167474,24,감자말이롤,7000,7000,7000,감자말이롤 5pcs,false,https://ldb-phinf.pstatic.net/20231107_55/1699339822048HsNWQ_JPEG/%B0%A8%C0%DA%B8%BB%C0%CC%BB%F5%BF%EC%285%B0%B3%29.jpg
1777167474,25,꽃게네트,7000,7000,7000,꽃게네트 5pcs,false,https://ldb-phinf.pstatic.net/20231107_234/1699339798501szKsh_JPEG/%BB%E7%C0%CC%B5%E5-%B2%C9%B0%D4%B3%D7%C6%AE%285%B0%B3%29.jpg
1777167474,26,왕새우튀김,7500,7500,7500,왕새우 3pcs,false,https://ldb-phinf.pstatic.net/20231107_125/1699339770392MToud_JPEG/%BB%E7%C0%CC%B5%E5-%BF%D5%BB%F5%BF%EC%C6%A2%B1%E8%283%B0%B3%29.jpg
1777167474,27,치킨봉,8000,8000,8000,치킨봉 5pcs,false,https://ldb-phinf.pstatic.net/20231107_289/1699339728370FYJnu_JPEG/%BB%E7%C0%CC%B5%E5-%C4%A1%C5%B2%BA%C0%285%B0%B3%29.jpg
1778869328,0,물냉면,12000,12000,12000,한우++ 양지 설깃 사태를 정성껏 우려낸 육수로 만든 물냉면,true,https://ldb-phinf.pstatic.net/20241210_49/1733839673788COa2o_JPEG/ISIMG-806538.jpeg
1778869328,1,비빔냉면,12000,12000,12000,달콤 시원한 과일로 만든 비빔장에 비벼 먹는 비빔냉면,false,https://ldb-phinf.pstatic.net/20241210_24/1733839660721COxGN_JPEG/ISIMG-806609.jpeg
1778869328,2,미나리곰탕,12000,12000,12000,,false,https://ldb-phinf.pstatic.net/20241210_86/1733839697804WjuPh_JPEG/ISIMG-806399.jpeg
1778869328,3,만둣국,12000,12000,12000,직접 빚은 손만두로 만든 만둣국,false,https://ldb-phinf.pstatic.net/20241210_132/17338396265635QJW0_JPEG/ISIMG-806336.jpeg
1778869328,4,빨간맛곰탕,12000,12000,12000,,false,https://ldb-phinf.pstatic.net/20241210_206/1733839719457v0FUw_JPEG/ISIMG-806583.jpeg
1778869328,5,들기름비빔면,10000,10000,10000,직접 만든 맛간장과 들기름으로 만든 비빔면,false,
1778869328,6,불닭들기름비빔면,10000,10000,10000,불닭소스를 활용한 매콤고소한 들기름비빔면,false,
1778869328,7,고기듬뿍곰탕,12000,12000,12000,고기가 듬뿍 들어간 뜨끈한 한우곰탕,false,
1778869328,8,백합해장국,12000,12000,12000,"파, 청양고추, 백합 조개, 돼지수육을 넣은 해장 곰탕",false,
1778869328,9,만두1pc,2000,2000,2000,,false,https://ldb-phinf.pstatic.net/20241210_22/1733839615796sq8gX_JPEG/ISIMG-806952.jpeg
1778869328,10,닭무침,8900,8900,8900,새콤매콤한 양념장으로 무친 닭무침,false,https://ldb-phinf.pstatic.net/20241210_32/1733839647938OhrRa_JPEG/ISIMG-806867.jpeg
1778869328,11,냉제육(반접시),7000,7000,7000,,false,
1778869328,12,수육,25000,25000,25000,1++한우 수육과 직접 만든 맛간장을 드립니다,false,
1778869328,13,막스키,2500,2500,2500,느린마을 막걸리와 글렌드로냑 12년의 조화,false,
1796267139,0,해미회,59000~79000,59000,79000,매운탕 추가 +7000원,true,https://ldb-phinf.pstatic.net/20240919_256/1726743488975cw2SW_JPEG/KakaoTalk_Photo_2024-09-19-19-53-40_009.jpeg
1796267139,1,광어회,39000,39000,39000,,false,https://ldb-phinf.pstatic.net/20241024_8/1729704632234sclBW_JPEG/IMG_3902.jpeg
1796267139,2,도미회,39000,39000,39000,,false,https://ldb-phinf.pstatic.net/20241024_55/1729704624866w57Ww_JPEG/IMG_3903.jpeg
1796267139,3,"광어,우럭회",39000,39000,39000,,false,https://ldb-phinf.pstatic.net/20241024_127/1729704616820flcaX_JPEG/IMG_3901.jpeg
1796267139,4,해미전골,49000~69000,49000,69000,,true,https://ldb-phinf.pstatic.net/20240924_46/17271149319207cBLw_JPEG/KakaoTalk_Photo_2024-09-24-03-02-05_017.jpeg
1796267139,5,해산물물회(메밀면),28000,28000,28000,,false,https://ldb-phinf.pstatic.net/20250609_236/1749441443929LxmjO_JPEG/IMG_3343.jpeg
1796267139,6,해산물모듬,35000,35000,35000,,false,https://ldb-phinf.pstatic.net/20240924_248/17271149453738Yy6Q_JPEG/KakaoTalk_Photo_2024-09-24-03-02-02_012.jpeg
1796267139,7,곱탕,32000,32000,32000,,false,https://ldb-phinf.pstatic.net/20240924_196/1727114962900sWTR3_JPEG/KakaoTalk_Photo_2024-09-24-03-02-00_010.jpeg
1796267139,8,힘줄(스지)오뎅탕,30000,30000,30000,,false,https://ldb-phinf.pstatic.net/20240924_106/1727114976792Tgj8N_JPEG/KakaoTalk_Photo_2024-09-24-03-02-04_016.jpeg
1796267139,9,골뱅이소면,29000,29000,29000,,false,https://ldb-phinf.pstatic.net/20251101_220/1761973016141kzgb9_PNG/IMG_8701.png
1796267139,10,제철 회 명란무침,29000,29000,29000,,false,https://ldb-phinf.pstatic.net/20240924_127/1727148107848GMmQA_JPEG/KakaoTalk_Photo_2024-09-24-11-43-25.jpeg
1796267139,11,키조개관자버터볶음,29000,29000,29000,,false,https://ldb-phinf.pstatic.net/20240924_45/1727148114981LH0C2_JPEG/KakaoTalk_Photo_2024-09-24-11-43-34.jpeg
1796267139,12,메로 간장 조림,37000,37000,37000,,false,https://ldb-phinf.pstatic.net/20240924_270/17271150415501v6F3_JPEG/KakaoTalk_Photo_2024-09-24-03-02-06_019.jpeg
1796267139,13,빼쉐(해장)파스타,27000,27000,27000,,false,https://ldb-phinf.pstatic.net/20250303_32/1740981035933bSU4t_JPEG/IMG_2240.jpeg
1796267139,14,전복크림파스타,27000,27000,27000,,false,https://ldb-phinf.pstatic.net/20240924_111/1727115062208jBaLR_JPEG/KakaoTalk_Photo_2024-09-24-03-02-07_020.jpeg
1796267139,15,바지락술찜 파스타,25000,25000,25000,,false,https://ldb-phinf.pstatic.net/20240924_109/1727115084595VA3H1_JPEG/KakaoTalk_Photo_2024-09-24-03-02-03_014.jpeg
1796267139,16,명란감자채전,22000,22000,22000,,false,https://ldb-phinf.pstatic.net/20250909_240/17573912261789zRmw_PNG/IMG_8437.png
1796267139,17,해물파전,24000,24000,24000,,false,https://ldb-phinf.pstatic.net/20240924_256/17271151050178qKAF_JPEG/KakaoTalk_Photo_2024-09-24-03-02-09_022.jpeg
1796267139,18,미나리새우전,24000,24000,24000,,false,https://ldb-phinf.pstatic.net/20240924_26/1727145124588L1O6A_JPEG/KakaoTalk_Photo_2024-09-24-11-30-57.jpeg
1796267139,19,우삼겹숙주볶음,25000,25000,25000,,false,https://ldb-phinf.pstatic.net/20240924_171/1727115176321s1FqI_JPEG/KakaoTalk_Photo_2024-09-24-03-02-03_015.jpeg
1796267139,20,참소라숙회,25000,25000,25000,,false,https://ldb-phinf.pstatic.net/20240919_188/1726743671221MRrgY_JPEG/KakaoTalk_Photo_2024-09-19-19-53-38_007.jpeg
1796267139,21,가리비치즈구이,29000,29000,29000,,false,https://ldb-phinf.pstatic.net/20241010_193/17285351710303jVvk_JPEG/IMG_3821.jpeg
1796267139,22,먹태,19000,19000,19000,,false,https://ldb-phinf.pstatic.net/20250303_115/1740981088002E2v05_JPEG/IMG_2243.jpeg
1796267139,23,진미채튀김,17000,17000,17000,,false,https://ldb-phinf.pstatic.net/20250303_109/1740981115597LzeN6_JPEG/IMG_2243.jpeg
1796267139,24,생선살카르파초,27000,27000,27000,,false,https://ldb-phinf.pstatic.net/20240924_81/1727115227893RKpmU_JPEG/KakaoTalk_Photo_2024-09-24-03-02-05_018.jpeg
1796267139,25,왕새우 눈꽃튀김,35000,35000,35000,,false,https://ldb-phinf.pstatic.net/20240924_155/1727115274816kcoNt_JPEG/KakaoTalk_Photo_2024-09-24-03-01-56_005.jpeg
1796267139,26,모듬고로케,20000,20000,20000,,false,https://ldb-phinf.pstatic.net/20240924_263/1727115298359MqYWM_JPEG/KakaoTalk_Photo_2024-09-24-03-01-58_008.jpeg
1796267139,27,문어 가라아게,18000,18000,18000,,false,https://ldb-phinf.pstatic.net/20260325_52/17744335985854XUv0_PNG/IMG_0791.png
1796267139,28,미니조개탕,13000,13000,13000,,false,https://ldb-phinf.pstatic.net/20240924_131/1727148127637v7gFX_JPEG/KakaoTalk_Photo_2024-09-24-11-44-29.jpeg
1796267139,29,리얼새우깡,10000,10000,10000,,false,https://ldb-phinf.pstatic.net/20240924_65/172711531860072aCQ_JPEG/KakaoTalk_Photo_2024-09-24-03-01-59_009.jpeg
1796267139,30,해미라면,13000,13000,13000,,false,https://ldb-phinf.pstatic.net/20240924_64/1727115334151BI7YU_JPEG/KakaoTalk_Photo_2024-09-24-03-02-08_021.jpeg
1796267139,31,야채무침,3000,3000,3000,,false,https://ldb-phinf.pstatic.net/20240919_226/1726743704788Bxya8_JPEG/KakaoTalk_Photo_2024-09-19-19-53-43_014.jpeg
1796267139,32,제육볶음(런치),11000,11000,11000,,false,https://ldb-phinf.pstatic.net/20260522_97/1779431685297Q9pBL_JPEG/IMG_0694.jpg
1796267139,33,낙지볶음(런치),12000,12000,12000,,false,https://ldb-phinf.pstatic.net/20260522_92/1779431725445zo3lF_JPEG/IMG_0691.jpg
1796267139,34,오징어볶음(런치),12000,12000,12000,,false,https://ldb-phinf.pstatic.net/20260522_126/17794317830801i8jX_JPEG/IMG_0693.jpg
1796267139,35,오징어+제육볶음(런치),12000,12000,12000,,false,https://ldb-phinf.pstatic.net/20260522_48/1779431830289Rjk8e_JPEG/IMG_0696.jpg
1796267139,36,낙지+제육볶음(런치),12000,12000,12000,,false,https://ldb-phinf.pstatic.net/20260522_259/1779431864431WbLJ3_JPEG/IMG_0695.jpg
1796267139,37,회덮밥(런치),15000,15000,15000,,false,https://ldb-phinf.pstatic.net/20240924_272/1727148280460qMR1t_JPEG/KakaoTalk_Photo_2024-09-24-12-24-05.jpeg
1796267139,38,미나리새우전(런치),13000,13000,13000,,false,https://ldb-phinf.pstatic.net/20260522_75/1779437224973Bp8cA_JPEG/IMG_9961.jpg
1796267139,39,해물파전(런치),13000,13000,13000,,false,https://ldb-phinf.pstatic.net/20260522_232/1779437424946NMHmu_JPEG/IMG_0715.jpg
1796267139,40,간장게장(포장판매),10000,10000,10000,,false,
1800463318,0,낙우새(낙지+우삼겹+새우),14000,14000,14000,"낙지와 우삼겹, 새우를 넣어 만드는 부산식 볶음전골 입니다.",true,https://ldb-phinf.pstatic.net/20251203_21/1764728520962ECxgl_JPEG/%C1%A1%BD%C9%C6%AF%BC%B1_%B3%AB%BF%EC%BB%F5.jpg
1800463318,1,낙곱새,14000,14000,14000,"낙지와 곱창(대창), 새우를 넣어 만드는 부산식 볶음전골 입니다.",true,https://ldb-phinf.pstatic.net/20210119_114/1610982434327ybYFu_JPEG/pC6ZtlFwtJbwyAiU7Mlsjzj0.jpg
1800463318,2,부산식 밀면(물/비빔),12000,12000,12000,듬뿍올린 고명과 깊은맛의 육수를 사용한 부산 밀면,false,https://ldb-phinf.pstatic.net/20240425_247/1714026853893pdv6G_JPEG/%B9%D0%B8%E9_%C6%F7%BD%BA%C5%CD%28%B0%A1%B0%DDX%29_1.jpg
1800463318,3,낙곱새떡볶이(2-3인),29000,29000,29000,낙곱새떡볶이+날치알주먹밥+라면사리,false,https://ldb-phinf.pstatic.net/20240711_244/1720670316339e1I9Y_JPEG/%B3%AB%B0%F6%BB%F5%B6%B1%BA%BA%C0%CC%C6%F7%BD%BA%C5%CD%28%C7%C3%B7%B9%C0%CC%BD%BA%BF%EB%29.jpg
1800463318,4,치즈 감자전,15000,15000,15000,노릇하게 부쳐낸 감자전에 쭉 늘어나는 치즈를 듬뿍 올려 풍미를 느낄수있는 치즈감자전,false,https://ldb-phinf.pstatic.net/20260522_178/17794168106840DOb7_JPEG/%C4%A1%C1%EE%B0%A8%C0%DA%C0%FC_%C6%F7%BD%BA%C5%CD__1.jpg
1800463318,5,낙삼새,14000,14000,14000,"낙지와 삼겹살, 새우를 넣어 만드는 부산식 볶음전골 입니다",false,https://ldb-phinf.pstatic.net/20210119_88/1610982450870cs2av_JPEG/T2AJhAD754Ywrs-BI0j3KgDF.jpg
1800463318,6,한우곱창전골,39000,39000,39000,얼큰하고 진한 육수에 신선한 한우곱창을 푸짐하게 넣어 끓여낸 한우곱창전골,false,https://ldb-phinf.pstatic.net/20251113_295/1763007392382dfB7Y_JPEG/%C7%D1%BF%EC%B0%F6%C3%A2%C0%FC%B0%F1_%C7%C3%B7%B9%C0%CC%BD%BA.jpg
1800463318,7,낙새,14000,14000,14000,낙지와 새우를 넣어 만드는 부산식 볶음전골 입니다.,false,https://ldb-phinf.pstatic.net/20210119_33/1610982460761lQgaY_JPEG/NIIG5IY2T0E762dUJTkU8XUO.jpg
1800463318,8,마라낙곱새(중),35000,35000,35000,"2-3인분, 특제 소스의 깊고 진한 풍미, 극강 얼얼한맛 사위식당 신메뉴 마라낙곱새.",false,https://ldb-phinf.pstatic.net/20220816_73/16606256357190iWxV_JPEG/%B8%B6%B6%F3%B3%AB%B0%F6%BB%F5_%C6%F7%BD%BA%C5%CD2.jpg
1800463318,9,마라낙곱새(대),55000,55000,55000,"4인분, 특제 소스의 깊고 진한 풍미, 극강 얼얼한맛 사위식당 신메뉴 마라낙곱새.",false,https://ldb-phinf.pstatic.net/20220816_41/1660625647632uuKyh_JPEG/%B8%B6%B6%F3%B3%AB%B0%F6%BB%F5_%C6%F7%BD%BA%C5%CD2.jpg
1800463318,10,한우대창덮밥,13000,13000,13000,특제소스에 구워낸 한우대창으로 훌륭한 덮밥을 만들어냈습니다.,true,https://ldb-phinf.pstatic.net/20210119_260/16109824677873PTsv_JPEG/QWFGt26BMqe7_ywQIhkecJ4t.jpg
1800463318,11,부산어묵탕,19000,19000,19000,"쫄깃한 어묵과 물떡, 진한 국물이 어우러진 뜨끈한 술안주",true,https://ldb-phinf.pstatic.net/20241216_24/1734329044809br5ov_JPEG/page1_1.jpg
1800463318,12,동래 부추전,17000,17000,17000,"부산에서 정구지찌짐이라고 불리우는 부추전, 직접만든 초장에 찍어 동래식으로 즐겨보세요. (평일은 오후 1시 이후 주문가능합니다)",false,https://ldb-phinf.pstatic.net/20210119_212/16109825519947OGsp_JPEG/uStSdzztQBeT23Cjypd2ZnL4.jpg
1800463318,13,대게다릿살 튀김 (5pcs),8000,8000,8000,부드러운 대게다릿살에 빵가루를 묻혀 노릇하게 튀겨내었습니다.,false,https://ldb-phinf.pstatic.net/20210119_153/1610982609098ilDdD_JPEG/HjW9c_pKE5sJFC-85FLi35GK.jpg
1800463318,14,어린이 돈까스,8000,8000,8000,"아직은 매운맛에 익숙하지 않은 어린이 친구들을 위한 사위식당만의 특별식. 돈까스와 스마일감자, 밥, 샐러드, 어린이음료",false,https://ldb-phinf.pstatic.net/20210524_295/16217948721985LRWm_JPEG/I-jzOwgn-z6EPfJ6OHm0PgY5.jpg
1800463318,15,12곡 미숫가루 밀크 (500ml병),7000,7000,7000,12가지 곡물로 만든 발아미숫가루에 우유와 진짜 벌꿀만을 넣어 만들었습니다. 낙곱새와 잘 어울립니다.,false,https://ldb-phinf.pstatic.net/20210119_10/1610982639779gTbj8_JPEG/Q6SQlY5-69JDvW7EOtUvetis.jpg
1800463318,16,추가메뉴,9000,9000,9000,"한우대창, 낙지, 새우, 삼겹살, 스지 추가메뉴 입니다",false,https://ldb-phinf.pstatic.net/20190625_178/1561442218172Iaq8f_JPEG/y5XpRVy1Uu9AQdV0FdN8POfi.JPG.jpg
1800463318,17,사리,2000,2000,2000,"라면사리, 사누끼우동, 넓적당면",false,https://ldb-phinf.pstatic.net/20210119_34/1610982671794FmYI4_JPEG/GKKR9XgqFYDYx-uPEyJW2Rhi.jpg
1800463318,18,장모님왕만두,8000,8000,8000,,false,https://ldb-phinf.pstatic.net/20210520_80/1621442357712YGpl9_JPEG/to4SlHa-xalf_gsI6cMkJkV7.jpg
1800463318,19,낙지덮밥,13000,13000,13000,탱글한 낙지와 각종 야채를 불맛을 입혀 볶아낸 매콤한 낙지덮밥,false,https://ldb-phinf.pstatic.net/20210521_147/1621576536838btmhs_JPEG/FfCeezZdpEXElw-k2IeR7sQe.jpg
1800463318,20,육회덮밥,13000,13000,13000,특제양념으로 버무린 육회로 만들어낸 입맛 돌아오는 한끼,false,https://ldb-phinf.pstatic.net/20210521_205/1621576545536NiTU7_JPEG/KBPlgbPZ69E9o64Esv3B84Lb.jpg
1800463318,21,육회 비빔라면,12000,12000,12000,고소하고 쫄깃한 육회와 새콤달콤한 비빔라면의 특별한 만남,false,https://ldb-phinf.pstatic.net/20210521_178/1621576553702BPLKl_JPEG/0Z5IQN_DqsVKl0IiHvogEvSe.jpg
1800463318,22,강쇠주,9000,9000,9000,"지리산에서 자생하는 약초인 오미자, 산수유, 오가피등을 넣어 빚은 30년 전통술",false,https://ldb-phinf.pstatic.net/20231226_215/1703580385214WKvOA_JPEG/%B0%AD%BC%E8.jpg
1800463318,23,감자술,10000,10000,10000,질 좋은 평창 감자와 오대산 맑은 암반수로 빚어진 감자술,false,https://ldb-phinf.pstatic.net/20231226_256/1703580439251iatLE_JPEG/%B0%A8%C0%DA%BC%FA.jpg
1800463318,24,조선 명주 전주 이강주,13000,13000,13000,"청량한 맛의 배, 생각, 계피등 개성강한 향이 조정형 명인의 손길에서 탄생한 이강주",false,https://ldb-phinf.pstatic.net/20231226_226/1703580470862O9vKJ_PNG/%C0%CC%B0%AD%C1%D6.png
1800463318,25,홍삼명주,25000,25000,25000,우리나라 최초로 홍삼을 발효해 자연 알콜이 생긴 유일한 홍삼발효주,false,https://ldb-phinf.pstatic.net/20231226_196/1703580491713Qc0JK_JPEG/%C8%AB%BB%EF%B8%ED%C1%D6.jpg
1800463318,26,추사 40,49000,49000,49000,충남 예산 사과만을 사용해 감미료 없이 증류한 3년 이상 고급 오크통에 숙성한 추사40,false,https://ldb-phinf.pstatic.net/20231226_117/1703580562009PIxI6_JPEG/%C3%DF%BB%E740.jpg
1809383214,0,[패스오더전용] 100원 아메리카노,100,100,100,"패스오더 앱 설치하면, 최소 주문 금액 없이 100원에 커피 주문+1,500원 쿠폰까지",true,https://ldb-phinf.pstatic.net/20231130_164/1701309396775PNBMw_PNG/%B8%DE%B4%BA.png
1809383214,1,[신선함가득] 그린 샐러드 빅볼,7900,7900,7900,"5가지 야채로 신선함은 기본, 13가지 토핑으로 꽉 채운 갓성비 샐러드",false,https://ldb-phinf.pstatic.net/20230903_48/1693743348244iMCza_JPEG/%B1%D7%B8%B0-%BB%F8%B7%AF%B5%E5-%BA%F2%BA%BC.jpg
1809383214,2,[촉촉담백] 촉촉 닭가슴살 샐러드,10400,10400,10400,촉촉함이 어나더레벨 담백하고 부드러운 닭가슴살로 관리하자,false,https://ldb-phinf.pstatic.net/20230903_8/1693743316849DIlfD_JPEG/%B4%DF%B0%A1%BD%BF%BB%EC-%BB%F8%B7%AF%B5%E5-%BA%F2%BA%BC.jpg
1809383214,3,[육즙팡팡] 구운 토시 샐러드,13400,13400,13400,미디엄 굽기로 육즙을 살려 씹는 즐거움이 두 배로 팡팡,false,https://ldb-phinf.pstatic.net/20230903_151/1693743297910RGye2_JPEG/%C5%E4%BD%C3%BB%EC-%BB%F8%B7%AF%B5%E5-%BA%F2%BA%BC.jpg
1809383214,4,[육즙부자] 구운 부채 샐러드,13400,13400,13400,"혈중 육즙 농도 떨어질 때… 충전 가보자고, 샐러드계의 육즙 부자",false,https://ldb-phinf.pstatic.net/20230903_180/1693743277457EvV6k_JPEG/%BA%CE%C3%A4%BB%EC-%BB%F8%B7%AF%B5%E5-%BA%F2%BA%BC.jpg
1809383214,5,[담백고소] 구운 목살 샐러드,10900,10900,10900,담백하고 고소한 육즙에 잇몸으로도 씹을 부드러운 식감까지,false,https://ldb-phinf.pstatic.net/20230903_37/1693743253374V2io1_JPEG/%B8%F1%BB%EC-%BB%F8%B7%AF%B5%E5-%BA%F2%BA%BC.jpg
1809383214,6,[스테미너] 훈제 연어 샐러드,12400,12400,12400,"연어처돌이 모여, 훈연향 가득 머금어 더욱 깊어진 풍미로 스테미너 뿜뿜",false,https://ldb-phinf.pstatic.net/20230903_205/1693743213488cNoMb_JPEG/%C8%C6%C1%A6-%BF%AC%BE%EE-%BB%F8%B7%AF%B5%E5-%BA%F2%BA%BC.jpg
1809383214,7,[영양충전] 리코타치즈 샐러드,10800,10800,10800,"본연의 맛을 살린 고소한 리코타로 칼로리는 다운, 영양은 업",false,https://ldb-phinf.pstatic.net/20230903_279/1693743189362mn52p_JPEG/%B8%AE%C4%DA%C5%B8%C4%A1%C1%EE-%BB%F8%B7%AF%B5%E5-%BA%F2%BA%BC.jpg
1809383214,8,[탱탱하새우] 구운 새우 샐러드,10800,10800,10800,입 안 가득 채우는 새우의 탱탱한 식감과 풍부한 타우린 성분으로 피로 회복하새우,false,https://ldb-phinf.pstatic.net/20230903_223/1693743162176RtlPW_JPEG/%B1%B8%BF%EE-%BB%F5%BF%EC-%BB%F8%B7%AF%B5%E5-%BA%F2%BA%BC.jpg
1809383214,9,[쫀득고소] 훈제 오리 샐러드,10800,10800,10800,쫀득한 식감에 씹을수록 고소한 맛. 이거 완전 반칙이네요,false,https://ldb-phinf.pstatic.net/20230903_107/1693743139188y5rjl_JPEG/%C8%C6%C1%A6-%BF%C0%B8%AE-%BB%F8%B7%AF%B5%E5-%BA%F2%BA%BC.jpg
1809383214,10,[프레시한] 바질 카프레제 샐러드,10400,10400,10400,"신선한 토마토와 고소한 모짜렐라, 여기에 향긋 바질페스토까지 완벽 밸런스",false,https://ldb-phinf.pstatic.net/20230903_83/1693743118099YvTsN_JPEG/%B9%D9%C1%FA-%C4%AB%C7%C1%B7%B9%C1%A6-%BB%F8%B7%AF%B5%E5-%BA%F2%BA%BC.jpg
1809383214,11,[부드럽스] 무스 샐러드,10400,10400,10400,취향이 무색해진다 촉촉하고 달큰한 맛도리 무스 3종에 부드러움 한 스푼,false,https://ldb-phinf.pstatic.net/20230903_211/1693743096193tI2bX_JPEG/%B9%AB%BD%BA-%BB%F8%B7%AF%B5%E5-%BA%F2%BA%BC.jpg
1809383214,12,[한끼대용] 구운 야채 샐러드,10400,10400,10400,"다양한 식감에 지루할 틈이 없다, 영양소까지 가득해 한끼 대용으로 충분한건 안비밀",false,https://ldb-phinf.pstatic.net/20230903_31/16937430767039lHSk_JPEG/%B1%B8%BF%EE-%BE%DF%C3%A4-%BB%F8%B7%AF%B5%E5-%BA%F2%BA%BC.jpg
1809383214,13,[겉바속촉] 치킨텐더 샐러드,10400,10400,10400,안심 부위로 만들어 바삭한 껍질 속 사르르 녹는 스파이시 치킨 텐더 대유죄,false,https://ldb-phinf.pstatic.net/20230903_8/1693743051950TkTAg_JPEG/%C4%A1%C5%B2-%C5%D9%B4%F5-%BB%F8%B7%AF%B5%E5-%BA%F2%BA%BC.jpg
1809383214,14,[체중관리킹] 아보카도 샐러드,11800,11800,11800,"숲속 과일의 라이온킹, 깊은 풍미는 물론 풍부한 식이섬유로 체중 관리 킹",false,https://ldb-phinf.pstatic.net/20230903_206/1693743004478BwWft_JPEG/%BE%C6%BA%B8%C4%AB%B5%B5-%BB%F8%B7%AF%B5%E5-%BA%F2%BA%BC.jpg
1809383214,15,[색다르게] 바질파스타 샐러드,9900,9900,9900,향긋한 바질과 파스타면이 조화롭게 선사하는 색다른 매력의 빅볼 샐러드,false,https://ldb-phinf.pstatic.net/20230903_83/16937429613349UmbH_JPEG/%B9%D9%C1%FA%C6%C4%BD%BA%C5%B8%BB%F8%B7%AF%B5%E5.jpg
1809383214,16,촉촉 닭가슴살 포케,11900,11900,11900,"다이어트 스테디셀러, 촉촉하고 부드러운 고단백 저칼로리 닭가슴살 포케",false,https://ldb-phinf.pstatic.net/20240116_93/1705384246170cYBGV_JPEG/KakaoTalk_20240116_144743898_11.jpg
1809383214,17,구운 목살 포케,11900,11900,11900,"고소하고 담백한 맛을 즐긴다면, 부드러운 식감은 덤이에요 구운 목살 포케",false,https://ldb-phinf.pstatic.net/20240116_253/1705384501477aa5qJ_JPEG/KakaoTalk_20240116_144743898_09.jpg
1809383214,18,구운 부채 포케,13900,13900,13900,"근지방이 적은 부채살이 가득, 육즙 팡팡 터지는 구운 부채 포케",false,https://ldb-phinf.pstatic.net/20240116_172/1705384544069t30jP_JPEG/KakaoTalk_20240116_144743898_08.jpg
1809383214,19,구운 토시 포케,13900,13900,13900,"야들야들한 육즙 넘치는 구운 토시가 들어간 포케 of 포케, 구운 토시 포케",false,https://ldb-phinf.pstatic.net/20240116_46/1705384522849Eiy9o_JPEG/KakaoTalk_20240116_144743898_01.jpg
1809383214,20,쭈꾸미 포케,12900,12900,12900,토실하고 싱싱한 쭈꾸미가 올라가 라이트한 쭈꾸미 포케,false,https://ldb-phinf.pstatic.net/20240116_141/17053845789605KhGk_JPEG/KakaoTalk_20240116_144743898_04.jpg
1809383214,21,구운 연두부&버섯 포케,11900,11900,11900,"취향이 무색해지는 완벽 밸런스, 영양만점 구운 연두부&버섯 포케",false,https://ldb-phinf.pstatic.net/20240116_126/1705384600182rs6af_JPEG/KakaoTalk_20240116_144743898_10.jpg
1809383214,22,훈제 오리 포케,11800,11800,11800,"사라지지않는 쫄깃함, 모두의 취향을 사로잡을 훈제 오리 포케",false,https://ldb-phinf.pstatic.net/20240116_155/17053846651053t3zG_JPEG/KakaoTalk_20240116_144743898.jpg
1809383214,23,소불고기 포케,12900,12900,12900,"부드러운 식감으로 호불호없이 누구나 좋아할 대중적 포케, 소불고기 포케",false,https://ldb-phinf.pstatic.net/20240116_170/1705384875362n9Q0x_JPEG/KakaoTalk_20240116_144743898_05.jpg
1809383214,24,프리미엄 연어 스테이크 포케,14900,14900,14900,"무결점 다이어트 대표, 더 맛있게 구워 고급진 프리미엄 연어 스테이크 포케",false,https://ldb-phinf.pstatic.net/20240116_77/1705384891045wymn7_JPEG/KakaoTalk_20240116_144743898_03.jpg
1809383214,25,구운 어니언 새우 포케,11800,11800,11800,통통한 새우와 양파를 구워 특색있는 구운 어니언 새우 포케,false,https://ldb-phinf.pstatic.net/20240116_263/1705384903809fQiCL_JPEG/KakaoTalk_20240116_144743898_07.jpg
1809383214,26,생생연어 포케 (하루 한정),13900,13900,13900,"하와이에서 먹던 그 맛 그대로, 더 싱싱하게 생생 연어 포케",false,https://ldb-phinf.pstatic.net/20240116_297/1705384918832x2r2q_JPEG/KakaoTalk_20240116_144743898_06.jpg
1809383214,27,콩고기 포케 (비건),12400,12400,12400,가볍고 부담없는 건강한 한끼를 만들어주는 비건 콩고기 포케,false,https://ldb-phinf.pstatic.net/20240116_12/1705384936394JwJOv_JPEG/KakaoTalk_20240116_144743898_02.jpg
1809383214,28,[식단메이트] 닭가슴살 도시락,8400,8400,8400,"건강한 다이어트 메이트, 식단 관리의 시작으로 갓벽하다",false,https://ldb-phinf.pstatic.net/20230903_297/1693742603189KfdxF_JPEG/%B4%DF%B0%A1%BD%BF%BB%EC-%B5%B5%BD%C3%B6%F4.jpg
1809383214,29,[근사하게] 토시살 스테이크 도시락,10900,10900,10900,"야들야들 육향가득 토시살과 함께 근사한 한끼, 코박고 흡입각",false,https://ldb-phinf.pstatic.net/20230903_13/1693742583363wvvrd_JPEG/%C5%E4%BD%C3-%BD%BA%C5%D7%C0%CC%C5%A9-%B5%B5%BD%C3%B6%F4.jpg
1809383214,30,[육즙폭탄] 부채살 스테이크 도시락,10900,10900,10900,먹는 순간 취향이 개조된다 식성의 폭을 넓혀줄 육즙 폭탄 부채살,false,https://ldb-phinf.pstatic.net/20230903_237/1693742567197TBmGU_JPEG/%BA%CE%C3%A4-%BD%BA%C5%D7%C0%CC%C5%A9-%B5%B5%BD%C3%B6%F4.jpg
1809383214,31,[든든한끼] 목살 스테이크 도시락,8900,8900,8900,"목살이 뭐가 살 쪄, 맛과 단백질 다 때려넣어 든든한 한 끼",false,https://ldb-phinf.pstatic.net/20230903_208/16937425471463LUcR_JPEG/%B8%F1%BB%EC-%BD%BA%C5%D7%C0%CC%C5%A9-%B5%B5%BD%C3%B6%F4.jpg
1809383214,32,[탄단지갑] 훈제 오리 도시락,8900,8900,8900,"대충 떼우는 다이어트 이젠 안녕, 이상적인 탄단지를 원한다면",false,https://ldb-phinf.pstatic.net/20230903_50/16937425277196cnyK_JPEG/%C8%C6%C1%A6%BF%C0%B8%AE-%B5%B5%BD%C3%B6%F4.jpg
1809383214,33,[식단대표] 연어 스테이크 도시락,11900,11900,11900,"단점이 없다, 스테미너 가득한 다이어트 대표 식품을 맛보고 싶다면",false,https://ldb-phinf.pstatic.net/20230903_230/1693742508415jRonc_JPEG/%BF%AC%BE%EE-%BD%BA%C5%D7%C0%CC%C5%A9-%B5%B5%BD%C3%B6%F4.jpg
1809383214,34,[채식주의] 콩고기 스테이크 도시락,8900,8900,8900,"다 같은 비건 메뉴가 아니다, 구운 야채와 현미밥까지 클린한 먹조합",false,https://ldb-phinf.pstatic.net/20230903_106/1693742490443Fkk2R_JPEG/%C4%E1%B0%ED%B1%E2-%BD%BA%C5%D7%C0%CC%C5%A9-%B5%B5%BD%C3%B6%F4.jpg
1809383214,35,머스크메론 도시락,11000,11000,11000,400g / 껍질 및 씨 제거 후 컷팅까지,false,https://ldb-phinf.pstatic.net/20231022_279/1697902155463zamc1_JPEG/KakaoTalk_Photo_2023-10-21-01-12-44_003.jpeg
1809383214,36,바나나 도시락,4500,4500,4500,3개 / 껍질 제거 후 컷팅까지,false,https://ldb-phinf.pstatic.net/20231022_193/1697902191548Ks7Pm_JPEG/KakaoTalk_Photo_2023-10-21-01-12-45_004.jpeg
1809383214,37,방울토마토 도시락,6500,6500,6500,350g / 세척 후 꼭지 제거까지,false,https://ldb-phinf.pstatic.net/20231022_71/169790223450816IoX_JPEG/KakaoTalk_Photo_2023-10-21-01-12-45_005.jpeg
1809383214,38,배 도시락,6500,6500,6500,1개 / 껍질 및 씨 제거 후 컷팅까지,false,https://ldb-phinf.pstatic.net/20231022_269/1697902259250niGFX_JPEG/KakaoTalk_Photo_2023-10-21-01-12-45_006.jpeg
1809383214,39,수박 도시락,12000,12000,12000,(계절상품) 300g / 껍질 제거 후 컷팅,false,https://ldb-phinf.pstatic.net/20231022_264/1697902286481ECope_JPEG/KakaoTalk_Photo_2023-10-21-01-12-45_008.jpeg
1809383214,40,그린키위 도시락,7500,7500,7500,3개 / 껍질 제거 후 커팅까지,false,https://ldb-phinf.pstatic.net/20231022_10/169790239048232AkV_JPEG/KakaoTalk_Photo_2023-10-21-01-12-44_002.jpeg
1809383214,41,골드키위 도시락,10000,10000,10000,3개 / 껍질 제거 후 커팅까지,false,https://ldb-phinf.pstatic.net/20231022_183/1697902411085s6WEf_JPEG/KakaoTalk_Photo_2023-10-21-01-12-44_001.jpeg
1809383214,42,완숙토마토 도시락,5500,5500,5500,"300g / 세척 후 꼭지 제거, 컷팅까지 (feat. 자일로스)",false,https://ldb-phinf.pstatic.net/20231022_95/1697902440088UkrKk_JPEG/KakaoTalk_Photo_2023-10-21-01-12-45_011.jpeg
1809383214,43,사과 도시락,4500,4500,4500,1개 / 씨 제거 후 컷팅까지,false,https://ldb-phinf.pstatic.net/20231022_174/1697902529022zYKLy_JPEG/KakaoTalk_Photo_2023-10-21-01-12-45_007.jpeg
1809383214,44,자몽 도시락,6000,6000,6000,1개 / 껍질 제거 후 컷팅까지,false,https://ldb-phinf.pstatic.net/20231022_283/1697902557049COqIt_JPEG/KakaoTalk_Photo_2023-10-21-01-12-46_012.jpeg
1809383214,45,오렌지 도시락,6900,6900,6900,72과 2개 / 껍질 제거 후 컷팅까지,false,https://ldb-phinf.pstatic.net/20231022_186/1697902593984fEPKQ_JPEG/KakaoTalk_Photo_2023-10-21-01-12-45_010.jpeg
1809383214,46,아보카도 도시락,9000,9000,9000,중과 2개 / 껍질 제거 후 컷팅까지,false,https://ldb-phinf.pstatic.net/20231022_267/16979026177432Rpgq_JPEG/KakaoTalk_Photo_2023-10-21-01-12-45_009.jpeg
1809383214,47,파인애플 도시락,8000,8000,8000,400g / 껍질 제거 후 컷팅까지,false,https://ldb-phinf.pstatic.net/20231022_168/1697902644712Trl6C_JPEG/KakaoTalk_Photo_2023-10-21-01-12-46_013.jpeg
1809383214,48,[단짠조합] 햄치즈 에그마요 샌드위치,6900,6900,6900,기가 막히고 코가 막히는 달콤짭짤한 에그마요,false,https://ldb-phinf.pstatic.net/20230903_96/1693742429841FblRp_JPEG/%BF%A1%B1%D7%B8%B6%BF%E4-%BB%F7%B5%E5%C0%A7%C4%A1.jpg
1809383214,49,[깊은풍미] 크래미 샌드위치,7400,7400,7400,크래미와 마요네즈 소스가 풍미 가득 완벽조합 그 잡채,false,https://ldb-phinf.pstatic.net/20230903_249/1693742405136pnlHj_JPEG/%C5%A9%B7%A1%B9%CC-%BB%F7%B5%E5%C0%A7%C4%A1.jpg
1809383214,50,[스윗텐더] 치킨 텐더 샌드위치,7400,7400,7400,"스윗 칠리 소스, 바삭한 치킨 텐더와 신선한 야채라니… 이 조합은 못 참지",false,https://ldb-phinf.pstatic.net/20230903_162/1693742387403l2kFF_JPEG/%C4%A1%C5%B2%C5%D9%B4%F5-%BB%F7%B5%E5%C0%A7%C4%A1.jpg
1809383214,51,[붓기완화] 단호박 샌드위치,6900,6900,6900,"붓기 제거에 효과적인 단호박 무스가 듬뿍, 제법 든든해요",false,https://ldb-phinf.pstatic.net/20230903_194/1693742367908v7Gx5_JPEG/%B4%DC%C8%A3%B9%DA-%BB%F7%B5%E5%C0%A7%C4%A1.jpg
1809383214,52,[향긋산뜻] 바질 닭가슴살 샌드위치,7500,7500,7500,향긋한 바질과 촉촉 닭가슴살로 산뜻하게 한 입,false,https://ldb-phinf.pstatic.net/20230903_83/1693742346384WJd1O_JPEG/%B9%D9%C1%FA-%B4%DF%B0%A1%BD%BF%BB%EC-%BB%F7%B5%E5%C0%A7%C4%A1.jpg
1809383214,53,[해독효과] 캐비 주스,5800,5800,5800,"당근+비트+사과 / 탁월한 해독 효과, 독소 배출 묻고 건강 더블로 가",false,https://ldb-phinf.pstatic.net/20230903_242/1693742300888xEAfx_JPEG/%C4%C9%B9%D9-%C1%D6%BD%BA.jpg
1809383214,54,[눈건강지켜] 캐플 주스,5800,5800,5800,당근+사과 / 새콤달콤 식감으로 눈건강 절대 지켜,false,https://ldb-phinf.pstatic.net/20230903_167/1693742280266tnGHP_JPEG/%C4%B3%C7%C3-%C1%D6%BD%BA.jpg
1809383214,55,[면역증진] 케바 주스,5800,5800,5800,케일 + 키위 + 바나나 / 면역력과 혈압관리의 끝판왕,false,https://ldb-phinf.pstatic.net/20230903_106/1693742258934ymnDI_JPEG/%C4%C9%B9%D9-%C1%D6%BD%BA.jpg
1809383214,56,[피로회복] 샐케 주스,5800,5800,5800,"샐러리 + 케일 + 사과 / 피곤함에 찌든 일상, 샐케 주스 한 잔으로 극뽁",false,https://ldb-phinf.pstatic.net/20230903_18/1693742240042t3DFh_JPEG/%BB%F8%C4%C9-%C1%D6%BD%BA.jpg
1809383214,57,[속이편안] 마바 주스,5800,5800,5800,마 + 바나나 + 저지방우유 / 위장에 무리 없이 편안하게 맛돌핀 상승,false,https://ldb-phinf.pstatic.net/20230903_63/1693742222191xrzT0_JPEG/%B8%B6%B9%D9-%C1%D6%BD%BA.jpg
1809383214,58,[상큼피부] 오파 주스,5800,5800,5800,오렌지 + 파프리카 / 삑~ 동안입니다. 상큼한 비타민 챙겨 노화 방지,false,https://ldb-phinf.pstatic.net/20230903_164/1693742200633RVHgq_JPEG/%BF%C0%C6%C4-%C1%D6%BD%BA.jpg
1809383214,59,[생기가득] 바나나 주스,4800,4800,4800,노화와 피로를 동시에 해결해 주는 달달함,false,https://ldb-phinf.pstatic.net/20230903_196/1693742161888qOFea_JPEG/%B9%D9%B3%AA%B3%AA-%C1%D6%BD%BA.jpg
1809383214,60,[혈압감소] 토마토 주스,4800,4800,4800,"한 입 마시는 그 순간, 혈압 오르던 일이 있었는데요 없어요",false,https://ldb-phinf.pstatic.net/20230903_160/1693742141405UT4MN_JPEG/%C5%E4%B8%B6%C5%E4-%C1%D6%BD%BA.jpg
1809383214,61,[입맛돋는] 파인애플 주스,4800,4800,4800,상큼한 비타민 충전으로 집 나간 입맛 싹 돌아옵니다,false,https://ldb-phinf.pstatic.net/20230903_238/1693742122646zGW8G_JPEG/%C6%C4%C0%CE%BE%D6%C7%C3-%C1%D6%BD%BA.jpg
1809383214,62,[혈관튼튼] 키위 주스,4800,4800,4800,혈관 건강은 키위가 책임진다. 효능은 상상 그 이상,false,https://ldb-phinf.pstatic.net/20230903_278/169374210219191vdR_JPEG/%C5%B0%C0%A7-%C1%D6%BD%BA.jpg
1809383214,63,[이너뷰티] 사과 주스,4800,4800,4800,사과같은 내 얼굴을 위한다면 일단 한번 잡숴봐,false,https://ldb-phinf.pstatic.net/20230903_231/1693742079447j8bqV_JPEG/%BB%E7%B0%FA-%C1%D6%BD%BA.jpg
1809383214,64,[과즙폭발] 오렌지 주스,4800,4800,4800,과즙이란 것이 폭발한다 상콤달콤함의 대명사,false,https://ldb-phinf.pstatic.net/20230903_114/1693742058103xrxDS_JPEG/%BF%C0%B7%BB%C1%F6-%C1%D6%BD%BA.jpg
1809383214,65,[심쿵방지] 아보카도 주스,5800,5800,5800,"다이어트는 물론 심혈관 기능 개선까지, 이 효능 실화카도",false,https://ldb-phinf.pstatic.net/20230903_87/1693742035446dcd6J_JPEG/%BE%C6%BA%B8%C4%AB%B5%B5-%C1%D6%BD%BA.jpg
1809383214,66,금귤에이드,5000,5000,5000,탄산수+금귤 / 시원하게 즐기는 달콤상콤 세상 맛있는 금귤에이드,false,https://ldb-phinf.pstatic.net/20230903_80/1693741972602jV9Pq_JPEG/%C3%BB%B1%D6%BF%A1%C0%CC%B5%E5.jpg
1809383214,67,레몬에이드,5000,5000,5000,탄산수+레몬 머리 끝이 쭈뼛서는 상큼한 레몬에이드,false,https://ldb-phinf.pstatic.net/20230903_147/1693741947337kzxsa_JPEG/%B7%B9%B8%F3%BF%A1%C0%CC%B5%E5.jpg
1809383214,68,자몽에이드,5000,5000,5000,탄산수+자몽 취향 저격 당하는 혈관 건강 도우미 자몽에이드,false,https://ldb-phinf.pstatic.net/20230903_33/1693741878298elQve_JPEG/%C0%DA%B8%F9%BF%A1%C0%CC%B5%E5.jpg
1809383214,69,깔라만시에이드,5000,5000,5000,탄산수+깔라만시 다이어트에 탁월한 신이 내린 열매 상큼 디톡스 깔라만시에이드,false,https://ldb-phinf.pstatic.net/20230903_225/1693741834614H92Q3_JPEG/%B1%F2%B6%F3%B8%B8%BD%C3%BF%A1%C0%CC%B5%E5.jpg
1809383214,70,청포도에이드,5000,5000,5000,탄산수+청포도 싱그러운 계절에 어울리는 시원 청량한 청포도에이드,false,https://ldb-phinf.pstatic.net/20230903_46/1693741801693d60RI_JPEG/%C3%BB%C6%F7%B5%B5%BF%A1%C0%CC%B5%E5.jpg
1809383214,71,[기본충실] 아메리카노,3000,3000,3000,"심플 이즈 베스트, 프리미엄 원두를 사용한 기본 충실 아메리카노
산미맛 변경시 +500원",false,https://ldb-phinf.pstatic.net/20230903_149/1693741754013chyCu_JPEG/%BA%ED%B7%A2%C4%BF%C7%C7.jpg
1809383214,72,[우유러버] 카페라떼,4000,4000,4000,신선한 우유와 고급 에스프레소의 만남,false,https://ldb-phinf.pstatic.net/20230903_46/1693741723547XIqUs_JPEG/%B6%F3%B6%BC.jpg
1809383214,73,[달콤라떼] 바닐라라떼,4500,4500,4500,달달 바닐라 시럽 가득담아 달콤한 한 잔,false,https://ldb-phinf.pstatic.net/20230903_221/1693741690679BB9o9_JPEG/%B6%F3%B6%BC.jpg
1809383214,74,[달달해유] 연유라떼,5000,5000,5000,깔끔한 단맛을 원하는 당신을 위한 맞춤 메뉴,false,
1809383214,75,[초코듬뿍] 카페모카,5000,5000,5000,고소한 라떼에 진하고 달콤한 초코소스까지 완벽,false,https://ldb-phinf.pstatic.net/20230903_208/1693741606509UhEsq_JPEG/%B8%F0%C4%AB.jpg
1809383214,76,[당충전완료] 카라멜 마끼야또,4500,4500,4500,부드러운 거품에 카라멜 시럽과 소스까지 달달함의 근본,false,https://ldb-phinf.pstatic.net/20230903_165/1693741554571zkLB8_JPEG/%C4%AB%B6%F3%B8%E1.jpg
1809383214,77,[깊은풍미] 콜드브루,4000,4000,4000,찬물에 장시간 우려 풍미 가득한 콜드브루,false,https://ldb-phinf.pstatic.net/20230903_280/1693741426292v2VRA_JPEG/%BA%ED%B7%A2%C4%BF%C7%C7.jpg
1809383214,78,플레인 그릭 요거트 (100g),4500,4500,4500,그릭 요거트의 근본은 꾸덕함. 크림치즈처럼 쫀득한 텍스쳐가 살아있는 그릭 요거트,false,https://ldb-phinf.pstatic.net/20230903_126/1693741326824YWpsW_JPEG/%B1%D7%B8%AF-%BF%E4%B0%C5%C6%AE.jpg
1809383214,79,마시는 플레인 요거트 (200ml),4000,4000,4000,"본연의 플레인 맛에 충실하게, 매일 먹어도 부담 없는 데일리 요거트",false,https://ldb-phinf.pstatic.net/20230903_277/1693741301488rXrt9_JPEG/%C7%C3%B7%B9%C0%CE-%BF%E4%B0%C5%C6%AE.jpg
1809383214,80,수제 오리엔탈 드레싱(2개),1400,1400,1400,,false,https://ldb-phinf.pstatic.net/20230903_233/169374094119177Q7p_JPEG/%BF%C0%B8%AE%BF%A3%C5%BB.jpg
1809383214,81,수제 발사믹 드레싱(2개),1400,1400,1400,,false,https://ldb-phinf.pstatic.net/20230903_42/1693740921626aLMsL_JPEG/%B9%DF%BB%E7%B9%CD.jpg
1809383214,82,수제 유자무지방 드레싱(2개),1400,1400,1400,,false,https://ldb-phinf.pstatic.net/20230903_24/1693740959387nXzGh_JPEG/%C0%AF%C0%DA%B9%AB%C1%F6%B9%E6.jpg
1809383214,83,수제 어니언 드레싱(2개),1400,1400,1400,,false,https://ldb-phinf.pstatic.net/20230903_101/1693740887986RRWHq_JPEG/%BE%EE%B4%CF%BE%F0.jpg
1809383214,84,수제 흑임자 드레싱(2개),1400,1400,1400,,false,https://ldb-phinf.pstatic.net/20230903_33/16937408710493eF2A_JPEG/%C8%E6%C0%D3%C0%DA.jpg
1809383214,85,수제 허니머스타드 드레싱(2개),1400,1400,1400,,false,https://ldb-phinf.pstatic.net/20230903_131/1693740852248d8Udf_JPEG/%C7%E3%B4%CF%B8%D3%BD%BA%C5%B8%B5%E5.jpg
1809383214,86,수제 케이준 드레싱(2개),1400,1400,1400,,false,https://ldb-phinf.pstatic.net/20230903_2/16937408098021FOlO_JPEG/%C4%C9%C0%CC%C1%D8.jpg
1809979146,0,찹스테이크세트,17000,17000,17000,,false,https://ldb-phinf.pstatic.net/20240927_73/1727427828757HR9R5_JPEG/KakaoTalk_20240927_175725003.jpg
1809979146,1,빠네스프(PANE SOUP),10000,10000,10000,,false,https://ldb-phinf.pstatic.net/20240927_283/1727421015260KrOX6_JPEG/KakaoTalk_20240927_131339261.jpg
1809979146,2,초당옥수수 스프,5500,5500,5500,살살 녹아내리는 초당옥수수의 달콤함과 고소함이 어울어진 맛있는스프,false,https://ldb-phinf.pstatic.net/20240314_115/1710402765665FX8u5_PNG/%C3%CA%B4%E7%BF%C1%BC%F6%BC%F6%BD%BA%C7%C1.png
1809979146,3,단호박크림스프,5500,5500,5500,단호박의 달콤함이 부드러운 질감으로 스며드는 매력적인 맛을 지닌스프,false,https://ldb-phinf.pstatic.net/20240314_175/1710402452935gHc53_PNG/%B4%DC%C8%A3%B9%DA%C5%A9%B8%B2%BD%BA%C7%C1.png
1809979146,4,당근스프,6000,6000,6000,당근의 그윽한 달콤함과 신선한 풍미가 부드럽게조화를 이룬 영양가득한스프,false,https://ldb-phinf.pstatic.net/20240314_211/1710402315522JBQvX_PNG/%B4%E7%B1%D9%BD%BA%C7%C1.png
1809979146,5,양송이스프,5500,5500,5500,양송이의풍미와 스프의 고소함이 어울어져 건강하고 맛있는 최고의 스프,false,https://ldb-phinf.pstatic.net/20240314_145/1710402115532J0kGh_PNG/%BE%E7%BC%DB%C0%CC%BD%BA%C7%C1.png
1809979146,6,토마토스프,6500,6500,6500,토마토와 다양한 야채로만들어 진한스프의맛 과향기가 마음까지 따듯하게 만들어주는 행복한스프,false,https://ldb-phinf.pstatic.net/20240314_171/1710401853363H4Bzw_PNG/%C5%E4%B8%B6%C5%E4%BD%BA%C7%C1.png
1809979146,7,강낭콩스프,6000,6000,6000,영양 가득한 강낭콩과 부드러운 크림의 조화를 맛있게 즐길수 있는스프,false,https://ldb-phinf.pstatic.net/20240314_48/1710401726842dK5WV_PNG/%B0%AD%B3%B2%C4%E1%BD%BA%C7%C1.png
1809979146,8,브로콜리스프,6000,6000,6000,풍부한영양과 건겅에 좋은 브로콜리와 부드러운 크림의 조화를 맛있게 즐길수 있는스프,false,https://ldb-phinf.pstatic.net/20241127_29/17326998591502kdJ0_JPEG/%BA%ED%B7%CE%C5%AC%B8%AE%BD%BA%C7%C1.jpg
1809979146,9,토마토해장스프,7000,7000,7000,"소고기와 토마토, 각종야채로 진하게 우려낸
얼큰하고 시원함이 환상인 최상의 맛있는스프",false,https://ldb-phinf.pstatic.net/20240314_287/1710401580617uIrhv_PNG/%C5%E4%B8%B6%C5%E4%C7%D8%C0%E5%BD%BA%C7%C1.png
1809979146,10,소고기감자스프,6000,6000,6000,"소고기의 고소함과 부드러운 감자가 어울어진
맛의 풍미로움이 가득느껴지는 감칠맛나는 스프",false,https://ldb-phinf.pstatic.net/20240314_127/1710401440160dAt0z_PNG/%BC%D2%B0%ED%B1%E2%B0%A8%C0%DA%BD%BA%C7%C1.png
1809979146,11,크림스프,5000,5000,5000,"부드럽고 고소한 풍미가 가득 느껴지는
스프맛 고유의 정통스프",false,https://ldb-phinf.pstatic.net/20240314_128/1710401260619dgjD5_PNG/%C5%A9%B8%B2%BD%BA%C7%C1.png
1809979146,12,감자크림스프,5500,5500,5500,포슬포슬한 감자로만들어 입안에서 녹아내리는 듯 고소하고 진한 맛있는스프,false,https://ldb-phinf.pstatic.net/20240314_9/1710401104379laF84_PNG/%B0%A8%C0%DA%C5%A9%B8%B2%BD%BA%C7%C1.png
1809979146,13,핫도그사라다,6000,6000,6000,,false,https://ldb-phinf.pstatic.net/20241014_290/1728903703819VYiEJ_JPEG/KakaoTalk_20240502_095104836.jpg
1809979146,14,불고기사라다,6500,6500,6500,,false,https://ldb-phinf.pstatic.net/20241014_287/17289037441319c7il_JPEG/%BA%D2%B0%ED%B1%E2%BB%E7%B6%F3%B4%D9%BB%A7.jpg
1809979146,15,홍게사라다빵,6000,6000,6000,,false,https://ldb-phinf.pstatic.net/20240314_5/1710402934158LK7kv_PNG/%C8%AB%B0%D4%BB%E7%B6%F3%B4%D9%BB%A7.png
1809979146,16,참치 사라다빵,6000,6000,6000,,false,https://ldb-phinf.pstatic.net/20240314_79/17104031067677svPp_PNG/%C2%FC%C2%F7%BB%E7%B6%F3%B4%D9%BB%A7.png
1809979146,17,감자 사라다빵,6000,6000,6000,,false,https://ldb-phinf.pstatic.net/20240314_135/1710403074242DpQXp_PNG/%B0%A8%C0%DA%BB%E7%B6%F3%B4%D9%BB%A7.png
1809979146,18,애그 사라다빵,5500,5500,5500,,false,https://ldb-phinf.pstatic.net/20240314_37/1710403027673UiPv2_PNG/%BF%A1%B1%D7%BB%E7%B6%F3%B4%D9%BB%A7.png
1809979146,19,햄야채 사라다빵,5000,5000,5000,,false,https://ldb-phinf.pstatic.net/20240314_211/1710402984596Tuw1j_PNG/%C7%DC%BE%DF%C3%A4%BB%E7%B6%F3%B4%D9%BB%A7.png
1809979146,20,토핑-베이컨,500,500,500,,false,https://ldb-phinf.pstatic.net/20240314_21/1710403330625iEGeM_PNG/%BA%A3%C0%CC%C4%C1.png
1809979146,21,토핑-핸드메이드 크루통,500,500,500,,false,https://ldb-phinf.pstatic.net/20240314_267/1710403293544GL0R3_PNG/%C7%DA%B5%E5%B8%DE%C0%CC%B5%E5%C4%ED%B7%E7%C5%EB.png
1809979146,22,토핑-양파후레이크,500,500,500,,false,https://ldb-phinf.pstatic.net/20240314_225/1710403357827myowX_PNG/%BE%E7%C6%C4%C8%C4%B7%B9%C0%CC%C5%A9.png
1809979146,23,토핑-슈레드치즈,600,600,600,,false,https://ldb-phinf.pstatic.net/20240314_121/1710403250225TxDUU_PNG/%BD%B4%B7%B9%B5%E5%C4%A1%C1%EE.png
1809979146,24,토핑-푸실리,600,600,600,,false,https://ldb-phinf.pstatic.net/20240314_136/1710403208213DGeAr_PNG/%C7%AA%BD%C7%B8%AE.png
1815304169,0,한우곰탕,14000,14000,14000,,false,https://ldb-phinf.pstatic.net/20241007_26/1728279474855xt6m2_JPEG/%B9%AB%BE%C8%C8%B8%B0%FC_%B4%EB%C1%F6_1-01.jpg
1815304169,1,낙지 덮밥,18000,18000,18000,,false,https://ldb-phinf.pstatic.net/20241007_32/1728279672401ssaOJ_JPEG/%B9%AB%BE%C8%C8%B8%B0%FC_%B4%EB%C1%F6_1-05.jpg
1815304169,2,낙지 칼국수,19000,19000,19000,*2인이상 주문가능,false,https://ldb-phinf.pstatic.net/20250411_89/1744357461883i6Icu_JPEG/%C0%CC%B8%A7_%BE%F8%B4%C2_%C3%D4%BF%B50646.JPG
1815304169,3,낙곱새 볶음,19000,19000,19000,*2인이상 주문가능,false,https://ldb-phinf.pstatic.net/20241007_200/1728279689601GKvXW_JPEG/%B9%AB%BE%C8%C8%B8%B0%FC_%B4%EB%C1%F6_1-06.jpg
1815304169,4,한우 육회비빔밥,18000,18000,18000,,false,https://ldb-phinf.pstatic.net/20241007_141/1728279558650OcXdl_JPEG/%B9%AB%BE%C8%C8%B8%B0%FC_%B4%EB%C1%F6_1-03.jpg
1815304169,5,한우 수육 전골,48000,48000,48000,,false,https://ldb-phinf.pstatic.net/20241007_123/1728279748037T3Lav_JPEG/%B9%AB%BE%C8%C8%B8%B0%FC_%B4%EB%C1%F6_1-07.jpg
1815304169,6,부추 스지 꼬리찜,68000,68000,68000,,false,https://ldb-phinf.pstatic.net/20241007_36/1728279840715hDaKz_JPEG/%B9%AB%BE%C8%C8%B8%B0%FC_%B4%EB%C1%F6_1-10.jpg
1815304169,7,미나리 산낙지 찜,48000,48000,48000,,false,https://ldb-phinf.pstatic.net/20250609_174/1749456392661LQIeP_JPEG/%B9%CC%B3%AA%B8%AE_%BB%EA%B3%AB%C1%F6_%C2%F2.jpg
1815304169,8,낙지 볶음,38000,38000,38000,,false,https://ldb-phinf.pstatic.net/20241007_239/1728279874897mXpeQ_JPEG/%B9%AB%BE%C8%C8%B8%B0%FC_%B4%EB%C1%F6_1-12.jpg
1815304169,9,산낙지 볶음,48000,48000,48000,,false,https://ldb-phinf.pstatic.net/20250609_9/1749456323667oSvCu_JPEG/%BB%EA%B3%AB%C1%F6_%BA%BA%C0%BD.jpg
1815304169,10,한우 육사시미,19000,19000,19000,반접시 19.0 한접시 36.0,false,https://ldb-phinf.pstatic.net/20241007_212/1728279984153EnvXJ_JPEG/%B9%AB%BE%C8%C8%B8%B0%FC_%B4%EB%C1%F6_1-17.jpg
1815304169,11,한우 육회,32000,32000,32000,,false,https://ldb-phinf.pstatic.net/20241007_78/1728279946618Os6tv_JPEG/%B9%AB%BE%C8%C8%B8%B0%FC_%B4%EB%C1%F6_1-16.jpg
1815304169,12,부추 스지 볶음,30000,30000,30000,,false,https://ldb-phinf.pstatic.net/20241007_48/1728279891392Bbax6_JPEG/%B9%AB%BE%C8%C8%B8%B0%FC_%B4%EB%C1%F6_1-13.jpg
1815304169,13,부추 대창 볶음,35000,35000,35000,,false,https://ldb-phinf.pstatic.net/20241007_220/1728279914918mX1Q7_JPEG/%B9%AB%BE%C8%C8%B8%B0%FC_%B4%EB%C1%F6_1-14.jpg
1815304169,14,모둠젓갈,9000,9000,9000,,false,https://ldb-phinf.pstatic.net/20250411_136/1744357832178Ec6cj_JPEG/%C0%CC%B8%A7_%BE%F8%B4%C2_%C3%D4%BF%B50636.JPG
1815304169,15,전복회,40000,40000,40000,,false,https://ldb-phinf.pstatic.net/20250123_178/1737612962706O1U1t_JPEG/DSC07879_%BA%B9%BB%E7.jpg
1815304169,16,낙지 탕탕이,35000,35000,35000,,false,https://ldb-phinf.pstatic.net/20241007_143/1728280160412Y6vnI_JPEG/%B9%AB%BE%C8%C8%B8%B0%FC____.jpg
1815304169,17,한우 육회 전복 낙지 탕탕이,48000,48000,48000,,false,https://ldb-phinf.pstatic.net/20250123_228/1737612913917wHIfO_JPEG/DSC07877_%BA%B9%BB%E7.jpg
1815304169,18,기절낙지&버터구이,55000,55000,55000,,false,https://ldb-phinf.pstatic.net/20241124_255/1732416759781l9D5W_JPEG/DSC00783_%BA%B9%BB%E7.jpg
1815304169,19,날치알 낙지 초무침,35000,35000,35000,,false,https://ldb-phinf.pstatic.net/20241007_106/1728280204547ySOCa_JPEG/%B9%AB%BE%C8%C8%B8%B0%FC_%B4%EB%C1%F6_1-19.jpg
1815304169,20,해물 낙지 파전,30000,30000,30000,,false,https://ldb-phinf.pstatic.net/20241007_176/1728280233101QQS2J_JPEG/%B9%AB%BE%C8%C8%B8%B0%FC_%B4%EB%C1%F6_1-21.jpg
1815304169,21,미나리 육전,25000,25000,25000,,false,https://ldb-phinf.pstatic.net/20241007_190/1728280218951jOimR_JPEG/%B9%AB%BE%C8%C8%B8%B0%FC_%B4%EB%C1%F6_1-20.jpg
1815304169,22,낙지 만두,10000,10000,10000,,false,https://ldb-phinf.pstatic.net/20241007_279/1728280244258N5yd7_JPEG/%B9%AB%BE%C8%C8%B8%B0%FC_%B4%EB%C1%F6_1-22.jpg
1815304169,23,누룽지 얼음 홍시,15000,15000,15000,,false,https://ldb-phinf.pstatic.net/20241007_10/17282802570498fYJI_JPEG/%B9%AB%BE%C8%C8%B8%B0%FC_%B4%EB%C1%F6_1-23.jpg
1815304169,24,한우 특 곰탕,18000,18000,18000,,false,https://ldb-phinf.pstatic.net/20241007_11/1728279504928oPkSg_JPEG/%B9%AB%BE%C8%C8%B8%B0%FC_%B4%EB%C1%F6_1-01.jpg
1815304169,25,보양곰탕,28000,28000,28000,,false,https://ldb-phinf.pstatic.net/20241007_294/1728279528223Apqni_JPEG/%B9%AB%BE%C8%C8%B8%B0%FC_%B4%EB%C1%F6_1-02.jpg
1815304169,26,보양 특 곰탕,38000,38000,38000,,false,https://ldb-phinf.pstatic.net/20241007_61/1728279539660nWce1_JPEG/%B9%AB%BE%C8%C8%B8%B0%FC_%B4%EB%C1%F6_1-02.jpg
1815304169,27,낙지 한우 수육 전골,58000,58000,58000,,false,https://ldb-phinf.pstatic.net/20241007_256/1728279810319NM4Gl_JPEG/%B9%AB%BE%C8%C8%B8%B0%FC_%B4%EB%C1%F6_1-08.jpg
1815304169,28,보양 모듬 전골,76000,76000,76000,,false,https://ldb-phinf.pstatic.net/20241007_151/1728279802885iE2UI_JPEG/%B9%AB%BE%C8%C8%B8%B0%FC_%B4%EB%C1%F6_1-09.jpg
1815304169,29,한우 수육,35000,35000,35000,,false,https://ldb-phinf.pstatic.net/20241007_268/1728279858491BzjlB_JPEG/%B9%AB%BE%C8%C8%B8%B0%FC_%B4%EB%C1%F6_1-11.jpg
1815304169,30,부추 모듬 볶음,48000,48000,48000,,false,https://ldb-phinf.pstatic.net/20241007_1/1728279932363um10F_JPEG/%B9%AB%BE%C8%C8%B8%B0%FC_%B4%EB%C1%F6_1-15.jpg
1815304169,31,한우 물회,20000,20000,20000,여름 메뉴 / 4月 ~ 9月 한정 판매,false,https://ldb-phinf.pstatic.net/20241007_230/1728279651224YoftB_JPEG/%B9%AB%BE%C8%C8%B8%B0%FC_%B4%EB%C1%F6_1-04.jpg
1815304169,32,무안 복분자주,32000,32000,32000,,false,https://ldb-phinf.pstatic.net/20250924_209/1758712276015SYVI2_JPEG/IMG_5452.jpeg
1815304169,33,복분자 하이볼,12000,12000,12000,,false,https://ldb-phinf.pstatic.net/20250924_268/1758712334014nfMwj_JPEG/IMG_5453.jpeg
1820613338,0,2인정식세트,35000,35000,35000,"로스카츠+미니소바+미니카레
히레카츠+미니우동+미니카레
카츠쇼쿠도우의 베스트셀러를 모두!",true,https://ldb-phinf.pstatic.net/20251220_97/1766202454368qR04Y_PNG/01._%C1%A4%BD%C42%C0%CE%BC%BC%C6%AE.png
1820613338,1,로스카츠,15000,15000,15000,"등심카츠,미니카레,양배추샐러드,유자와사비,밥,장국,쯔게모노류",true,https://ldb-phinf.pstatic.net/20251220_98/176620238981817VxH_PNG/02._%B7%CE%BD%BA%C4%AB%C3%F7_%B4%DC%C7%B0.png
1820613338,2,로스카츠정식,17000,17000,17000,"등심카츠,미니우동or미니냉소바,양배추샐러드,유자와사비,밥,장국,쯔게모노류",false,https://ldb-phinf.pstatic.net/20251220_245/1766202421074LdrFj_PNG/03._%B7%CE%BD%BA%C4%AB%C3%F7_%C1%A4%BD%C4.png
1820613338,3,히레카츠,16000,16000,16000,"안심카츠,미니카레,양배추샐러드,유자와사비,밥,장국,쯔게모노류",false,https://ldb-phinf.pstatic.net/20251220_101/1766202428516xsuD6_PNG/04._%C8%F7%B7%B9%C4%AB%C3%F7_%B4%DC%C7%B0.png
1820613338,4,히레카츠정식,18000,18000,18000,"안심카츠,미니우동or미니냉소바,양배추샐러드,유자와사비,밥,장국,쯔게모노류",false,https://ldb-phinf.pstatic.net/20251220_275/1766202435643Pr1Ga_PNG/05._%C8%F7%B7%B9%C4%AB%C3%F7_%C1%A4%BD%C4.png
1820613338,5,모둠카츠,19000,19000,19000,"등심카츠+점보새우카츠,미니카레,양배추샐러드,유자와사비,밥,장국,쯔게모노류",true,https://ldb-phinf.pstatic.net/20251220_26/1766202641686SWN5h_PNG/06._%B8%F0%B5%D2%C4%AB%C3%F7_%B4%DC%C7%B0.png
1820613338,6,모둠카츠정식,21000,21000,21000,"등심카츠+점보새우카츠,미니우동or미니냉소바,양배추샐러드,유자와사비,밥,장국,쯔게모노류",false,https://ldb-phinf.pstatic.net/20251220_266/17662026544981glbh_PNG/07._%B8%F0%B5%D2%C4%AB%C3%F7_%C1%A4%BD%C4.png
1820613338,7,모짜렐라치즈카츠,16000,16000,16000,모짜렐라치즈가 통으로,true,https://ldb-phinf.pstatic.net/20251220_263/1766231513036Yi0px_PNG/08._%C4%A1%C1%EE%C4%AB%C3%F7_%B4%DC%C7%B0.png
1820613338,8,어린이정식,10000,10000,10000,"36개월 이상 8세 미만 주문 가능한 어린이메뉴입니다
안심1P 새우카츠2P 밥,샐러드,국",false,https://ldb-phinf.pstatic.net/20260531_177/1780204803587JvTt0_JPEG/ChatGPT_Image_2026%B3%E2_5%BF%F9_31%C0%CF_%BF%C0%C8%C4_02_19_48.jpg
1820613338,9,김치카츠나베,16000,16000,16000,바삭한 카츠와 깊게 익은 김치의 풍미,false,https://ldb-phinf.pstatic.net/20260501_68/1777642350491wiwzh_PNG/%B1%E8%C4%A1%C4%AB%C3%F7%B3%AA%BA%A3%B4%DC%C7%B0.png
1820613338,10,로스/히레카츠카레,17000,17000,17000,,false,https://ldb-phinf.pstatic.net/20251220_207/1766202813440Axs9J_JPEG/16._%C4%AB%C3%F7%C4%AB%B7%B9_%B4%DC%C7%B0.JPG
1820613338,11,카레우동정식,16000,16000,16000,"카레우동,히레카츠1P,새우카츠2P",false,https://ldb-phinf.pstatic.net/20251220_208/1766202687649sMnRY_PNG/27._%C4%AB%B7%B9%BF%EC%B5%BF_%C1%A4%BD%C4.png
1820613338,12,냉소바/냉우동정식,16000,16000,16000,"냉소바/냉우동, 히레카츠1P,새우카츠2P",false,https://ldb-phinf.pstatic.net/20251220_277/1766202698149c6lNF_PNG/23._%B3%C3%BC%D2%B9%D9_%C1%A4%BD%C4.png
1820613338,13,카케우동정식,15000,15000,15000,"가쓰오부시로 맛을 낸 일본식 기본우동,히레카츠1P,새우카츠2P",false,https://ldb-phinf.pstatic.net/20251220_52/1766202751734pikl8_JPEG/21._%C4%AB%C4%C9%BF%EC%B5%BF_%C1%A4%BD%C4.JPG
1820613338,14,로스카츠동,14000,14000,14000,"카츠동,양배추샐러드,쯔게모노류",true,https://ldb-phinf.pstatic.net/20241023_160/17296689060210n4os_JPEG/%B5%A4%B9%E4%29_4._%B7%CE%BD%BA%C4%AB%C3%F7%B5%BF%C1%A4%BD%C4_%B0%A1%B7%CE4.jpg
1820613338,15,로스카츠동정식,17000,17000,17000,"카츠동,미니우동or미니냉소바,양배추샐러드,쯔게모노류",false,https://ldb-phinf.pstatic.net/20241023_148/1729668939513gFyw6_JPEG/%B5%A4%B9%E4%29_4._%B7%CE%BD%BA%C4%AB%C3%F7%B5%BF%C1%A4%BD%C4_%B0%A1%B7%CE4.jpg
1820613338,16,히레카츠동,15000,15000,15000,"카츠동,양배추샐러드,쯔게모노류",false,https://ldb-phinf.pstatic.net/20241023_90/1729669054718FlX3c_JPEG/%B5%A4%B9%E4%29_5._%C8%F7%B7%B9%C4%AB%C3%F7%B5%BF_%B0%A1%B7%CE2.jpg
1820613338,17,히레카츠동정식,18000,18000,18000,"카츠동,미니우동or미니소바,양배추샐러드,쯔게모노류",false,https://ldb-phinf.pstatic.net/20241023_243/17296691092414fKQp_JPEG/%B5%A4%B9%E4%29_5._%C8%F7%B7%B9%C4%AB%C3%F7%B5%BF%C1%A4%BD%C4_%B0%A1%B7%CE2.jpg
1820613338,18,믹스카츠동,18000,18000,18000,"카츠동,양배추샐러드,쯔게모노류",false,https://ldb-phinf.pstatic.net/20241023_267/1729669203858AB2mS_JPEG/%B5%A4%B9%E4%29_6._%B9%CD%BD%BA%C4%AB%C3%F7%B5%BF_%B0%A1%B7%CE3.jpg
1820613338,19,믹스카츠동정식,21000,21000,21000,"카츠동,미니우동or미니소바,양배추샐러드,쯔게모노류",false,https://ldb-phinf.pstatic.net/20241023_66/1729669223984GwhWb_JPEG/%B5%A4%B9%E4%29_6._%B9%CD%BD%BA%C4%AB%C3%F7%B5%BF%C1%A4%BD%C4_%B0%A1%B7%CE3.jpg
1820613338,20,믹스카츠나베,18000,18000,18000,"카츠나베,양배추샐러드,쯔게모노류",false,https://ldb-phinf.pstatic.net/20241023_128/1729669515162uaE6Y_JPEG/%B3%AA%BA%A3%29_16._%B9%CD%BD%BA%C4%AB%C3%F7%B3%AA%BA%A3_%B0%A1%B7%CE2.jpg
1820613338,21,믹스카츠나베정식,21000,21000,21000,"카츠나베,미니우동or미니소바,양배추샐러드,쯔게모노류",false,https://ldb-phinf.pstatic.net/20241023_85/1729669539980fcfw8_JPEG/%B3%AA%BA%A3%29_15._%B9%CD%BD%BA%C4%AB%C3%F7%B3%AA%BA%A3%C1%A4%BD%C4_%B0%A1%B7%CE2.jpg
1826119049,0,새우 붕장어 텐자루 소바,26500,26500,26500,새우와 붕장어 텐푸라와 수타 소바,true,https://ldb-phinf.pstatic.net/20210523_112/1621710414076XHz6k_JPEG/MSu7RU9Fjp141xrOkTfs0fm3.jpeg.jpg
1826119049,1,점심 코스,60000,60000,60000,"전체 요리 모듬
국물요리
사시미 3종
덴푸라 4종
소바
디저트",false,https://ldb-phinf.pstatic.net/20250302_112/1740891864228W7wEK_JPEG/IMG_7120.jpeg
1826119049,2,디너 오마카세,95000,95000,95000,오직 하루 에서만 맛볼수 있는 일본 요리와 수타소바를 정성껏 준비해 드립니다.,false,https://ldb-phinf.pstatic.net/20211110_53/1636471590547Jgisv_JPEG/wdhqK1WLVs-v3d7mDmRG5OPy.jpeg.jpg
1839706812,0,제주흑돼지까스정식,13000,13000,13000,,true,https://ldb-phinf.pstatic.net/20240808_78/1723112285585cjjut_JPEG/%C1%A6%C1%D6%C8%E6%B5%C5%C1%F6%B5%B7%B0%A1%C3%F7.jpg
1839706812,1,통모짜치즈돈가츠정식,15000,15000,15000,,true,https://ldb-phinf.pstatic.net/20240808_204/1723112265757hSVUo_JPEG/%B8%F0%C2%A5%C4%A1%C1%EE-%B5%B7%B1%EE%BD%BA%C1%A4%BD%C4.jpg
1839706812,2,우동돈까스세트,12000,12000,12000,,true,https://ldb-phinf.pstatic.net/20240808_190/17231119197791dt0R_JPEG/%BE%F3%C5%AB%BF%EC%B5%BF%B5%B7%B1%EE%BD%BA.jpg
1839706812,3,냉모밀돈까스세트,12000,12000,12000,,true,https://ldb-phinf.pstatic.net/20240808_138/17231115672021yFAc_JPEG/%B3%C3%B8%F0%B9%D0%B5%B7%B0%A1%C3%F7.jpg
1839706812,4,가츠산도,9000,9000,9000,,true,https://ldb-phinf.pstatic.net/20251102_277/1762084632887aMmCW_JPEG/%B0%A1%C3%F7%BB%EA%B5%B5-%B9%E8%B9%CE.jpg
1839706812,5,체다치즈가츠산도,10500,10500,10500,,true,https://ldb-phinf.pstatic.net/20251102_225/1762084804679Qz6yH_JPEG/%C4%A1%C1%EE%BB%EA%B5%B5-%B9%E8%B9%CE.jpg
1839706812,6,후토마끼냉모밀세트,21000,21000,21000,,true,https://ldb-phinf.pstatic.net/20240808_90/1723112110380m1x4x_JPEG/%C8%C4%C5%E4%B3%C3.jpg
1839706812,7,"1인연어세트(150g), 냉모밀",28500,28500,28500,,true,https://ldb-phinf.pstatic.net/20250510_75/1746840971696IJg9b_JPEG/%BF%AC%BE%EE%B3%C3%B8%F0%B9%D0.jpg
1839706812,8,와사비마요치즈가츠산도,10500,10500,10500,,true,https://ldb-phinf.pstatic.net/20251102_4/1762084798136BGQPU_JPEG/%C4%A1%C1%EE%BB%EA%B5%B5-%B9%E8%B9%CE.jpg
1839706812,9,체다통모짜치즈돈까스,17000,17000,17000,,true,https://ldb-phinf.pstatic.net/20250210_24/1739159639699xVSv0_JPEG/KakaoTalk_20250207_152637696.jpg
1839706812,10,고구마치즈가츠산도,10500,10500,10500,,true,https://ldb-phinf.pstatic.net/20251102_105/1762084790620LHWyv_JPEG/%C4%A1%C1%EE%BB%EA%B5%B5-%B9%E8%B9%CE.jpg
1839706812,11,"2~3인연어세트(500g),후토마끼",73000,73000,73000,,false,https://ldb-phinf.pstatic.net/20250510_222/1746841443479BW8Oa_JPEG/%BF%AC%BE%EE%C8%C4%C5%E4%B8%B6%B3%A2.jpg
1839706812,12,"2~3인연어세트(500g),냉우동",70500,70500,70500,,false,https://ldb-phinf.pstatic.net/20250510_152/1746841351386vn172_JPEG/%BF%AC%BE%EE%B3%C3%BF%EC%B5%BF.jpg
1839706812,13,"2~3인연어세트(500g),매운우동",69500,69500,69500,,false,https://ldb-phinf.pstatic.net/20250510_240/1746841335284iegcH_JPEG/%BF%AC%BE%EE%BF%EC%B5%BF.jpg
1839706812,14,"2~3인연어세트(500g),우동",68500,68500,68500,,false,https://ldb-phinf.pstatic.net/20250510_253/1746841319532UNjSa_JPEG/%BF%AC%BE%EE%BF%EC%B5%BF.jpg
1839706812,15,"2~3인연어세트(500g),비빔모밀",69500,69500,69500,,false,https://ldb-phinf.pstatic.net/20250510_88/1746841278034JtngQ_JPEG/%BF%AC%BE%EE%BA%F1%BA%F6%B8%F0%B9%D0.jpg
1839706812,16,"2~3인연어세트(500g),냉모밀",68500,68500,68500,,false,https://ldb-phinf.pstatic.net/20250510_148/1746841258543Iysrl_JPEG/%BF%AC%BE%EE%B3%C3%B8%F0%B9%D0.jpg
1839706812,17,"1~2인연어세트(300g),후토마끼",51000,51000,51000,,false,https://ldb-phinf.pstatic.net/20250510_214/17468412327342HA0N_JPEG/%BF%AC%BE%EE%C8%C4%C5%E4%B8%B6%B3%A2.jpg
1839706812,18,"1~2인연어세트(300g),냉우동",48500,48500,48500,,false,https://ldb-phinf.pstatic.net/20250510_188/1746841215638EmctN_JPEG/%BF%AC%BE%EE%B3%C3%BF%EC%B5%BF.jpg
1839706812,19,"1~2인연어세트(300g),매운우동",47500,47500,47500,,false,https://ldb-phinf.pstatic.net/20250510_186/1746841199627ea8zk_JPEG/%BF%AC%BE%EE%BF%EC%B5%BF.jpg
1839706812,20,"1~2인연어세트(300g),우동",46500,46500,46500,,false,https://ldb-phinf.pstatic.net/20250510_254/1746841183972AcXop_JPEG/%BF%AC%BE%EE%BF%EC%B5%BF.jpg
1839706812,21,"1~2인연어세트(300g),비빔모밀",47500,47500,47500,,false,https://ldb-phinf.pstatic.net/20250510_232/1746841137009ES1Ki_JPEG/%BF%AC%BE%EE%BA%F1%BA%F6%B8%F0%B9%D0.jpg
1839706812,22,"1~2인연어세트(300g),냉모밀",46500,46500,46500,,false,https://ldb-phinf.pstatic.net/20250510_268/1746841118955wupwu_JPEG/%BF%AC%BE%EE%B3%C3%B8%F0%B9%D0.jpg
1839706812,23,"1인연어세트(150g), 후토마끼",33000,33000,33000,,false,https://ldb-phinf.pstatic.net/20250510_156/1746841079437EddGf_JPEG/%BF%AC%BE%EE%C8%C4%C5%E4%B8%B6%B3%A2.jpg
1839706812,24,"1인연어세트(150g), 냉우동",30500,30500,30500,,false,https://ldb-phinf.pstatic.net/20250510_227/1746841054985CWznd_JPEG/%BF%AC%BE%EE%B3%C3%BF%EC%B5%BF.jpg
1839706812,25,"1인연어세트(150g), 매운우동",29500,29500,29500,,false,https://ldb-phinf.pstatic.net/20250510_241/1746841039773Y1RdJ_JPEG/%BF%AC%BE%EE%BF%EC%B5%BF.jpg
1839706812,26,"1인연어세트(150g), 우동",28500,28500,28500,,false,https://ldb-phinf.pstatic.net/20250510_34/1746841014261H3QNq_JPEG/%BF%AC%BE%EE%BF%EC%B5%BF.jpg
1839706812,27,"1인연어세트(150g), 비빔모밀",29500,29500,29500,,false,https://ldb-phinf.pstatic.net/20250510_11/1746840997855EkdxF_JPEG/%BF%AC%BE%EE%BA%F1%BA%F6%B8%F0%B9%D0.jpg
1839706812,28,연어 2~3인(500g),60000,60000,60000,,false,https://ldb-phinf.pstatic.net/20250510_225/17468409014432H4uM_JPEG/%BF%AC%BE%EE.jpg
1839706812,29,연어 1~2인(300g),38000,38000,38000,,false,https://ldb-phinf.pstatic.net/20250510_132/17468408803453AbPr_JPEG/%BF%AC%BE%EE.jpg
1839706812,30,연어(1인:150g),20000,20000,20000,,false,https://ldb-phinf.pstatic.net/20250510_223/1746840797345BvNB5_JPEG/%BF%AC%BE%EE.jpg
1839706812,31,새우가츠정식,13000,13000,13000,,false,https://ldb-phinf.pstatic.net/20240808_215/17231122507269INT1_JPEG/%BF%D5%BB%F5%BF%EC%B0%A1%C3%F7.jpg
1839706812,32,연어회초밥,17000,17000,17000,,false,https://ldb-phinf.pstatic.net/20240808_280/1723112217823grEKp_JPEG/%BF%AC%BE%EE%C8%B8%C3%CA%B9%E4.jpg
1839706812,33,연어회덮밥,17000,17000,17000,,false,https://ldb-phinf.pstatic.net/20250527_68/1748335561266gLRrh_JPEG/%BF%AC%BE%EE%B5%A4%B9%E4.jpg
1839706812,34,후토마끼(5PCS),14000,14000,14000,,false,https://ldb-phinf.pstatic.net/20240808_62/17231123451368jcmC_JPEG/%C8%C4%C5%E4%B8%B6%B3%A2_%282%29.jpg
1839706812,35,후토마끼우동세트,21000,21000,21000,,true,https://ldb-phinf.pstatic.net/20240808_230/1723112156586Qn1ix_JPEG/%C8%C4%C5%E4%BF%EC%B5%BF.jpg
1839706812,36,후토마끼얼큰우동세트,21000,21000,21000,,false,https://ldb-phinf.pstatic.net/20240808_236/1723112134433ar6Ns_JPEG/%C8%C4%C5%E4%BF%EC%B5%BF.jpg
1839706812,37,후토마끼비빔모밀세트,21000,21000,21000,,false,https://ldb-phinf.pstatic.net/20240808_108/1723112092537uQmII_JPEG/%C8%C4%C5%E4%BA%F1%BA%F6.jpg
1839706812,38,가츠동,11000,11000,11000,,false,https://ldb-phinf.pstatic.net/20240808_295/1723112037221J4hNr_JPEG/%B0%A1%C3%F7%B5%BF.jpg
1839706812,39,애비동,11000,11000,11000,,false,https://ldb-phinf.pstatic.net/20240808_275/1723112024034psvTc_JPEG/%BE%D6%BA%F1%B5%BF.jpg
1839706812,40,믹스동,13000,13000,13000,,false,https://ldb-phinf.pstatic.net/20240808_133/1723112012451txVsx_JPEG/%B9%CD%BD%BA%B5%BF.jpg
1839706812,41,우동새우튀김세트,12000,12000,12000,,false,https://ldb-phinf.pstatic.net/20240808_286/17231119775404XOxH_JPEG/%BE%F3%C5%AB%BF%EC%B5%BF%BB%F5%BF%EC%C6%A2%B1%E8.jpg
1839706812,42,우동유부초밥세트,12000,12000,12000,,false,https://ldb-phinf.pstatic.net/20240808_154/1723111945884IOW2a_JPEG/%BE%F3%C5%AB%BF%EC%B5%BF%C0%AF%BA%CE%C3%CA%B9%E4.jpg
1839706812,43,얼큰우동새우튀김세트,12000,12000,12000,,false,https://ldb-phinf.pstatic.net/20240808_44/1723111954749Kykdn_JPEG/%BE%F3%C5%AB%BF%EC%B5%BF%BB%F5%BF%EC%C6%A2%B1%E8.jpg
1839706812,44,얼큰우동유부초밥세트,12000,12000,12000,,false,https://ldb-phinf.pstatic.net/20240808_282/172311189367749x4A_JPEG/%BE%F3%C5%AB%BF%EC%B5%BF%C0%AF%BA%CE%C3%CA%B9%E4.jpg
1839706812,45,얼큰우동돈까스세트,12000,12000,12000,,false,https://ldb-phinf.pstatic.net/20240808_242/1723111866619rNsvw_JPEG/%BE%F3%C5%AB%BF%EC%B5%BF%B5%B7%B1%EE%BD%BA.jpg
1839706812,46,냉우동새우튀김세트,13000,13000,13000,,false,https://ldb-phinf.pstatic.net/20240808_278/172311175388473wR5_JPEG/%B3%C3%BF%EC%B5%BF%BB%F5%BF%EC%C6%A2%B1%E8.jpg
1839706812,47,냉우동유부초밥세트,13000,13000,13000,,false,https://ldb-phinf.pstatic.net/20240808_120/17231117341210hcT3_JPEG/%B3%C3%C0%AF%BA%CE.jpg
1839706812,48,냉우동돈가츠세트,13000,13000,13000,,false,https://ldb-phinf.pstatic.net/20240808_100/1723111711370qHM57_JPEG/%B3%C3%BF%EC%B5%BF%BB%F5%BF%EC%C6%A2%B1%E8.jpg
1839706812,49,냉모밀새우튀김세트,12000,12000,12000,,false,https://ldb-phinf.pstatic.net/20240808_110/17231116145318J0FR_JPEG/%B3%C3%B8%F0%B9%D0%BB%F5%BF%EC%C6%A2%B1%E8.jpg
1839706812,50,냉모밀유부초밥세트,12000,12000,12000,,false,https://ldb-phinf.pstatic.net/20240808_60/1723111598695tB53Q_JPEG/%B3%C3%B8%F0%B9%D0%C0%AF%BA%CE%C3%CA%B9%E4.jpg
1839706812,51,비빔모밀 새우튀김세트,13000,13000,13000,,false,https://ldb-phinf.pstatic.net/20240808_174/1723111551637Gd1Ux_JPEG/%BA%F1%BA%F6%B8%C5%B9%D0%BB%F5%BF%EC%C6%A2%B1%E8.jpg
1839706812,52,비빔모밀유부초밥세트,13000,13000,13000,,false,https://ldb-phinf.pstatic.net/20240808_232/17231115346935srcn_JPEG/%BA%F1%BA%F6%B8%DE%B9%D0%C0%AF%BA%CE.jpg
1839706812,53,비빔모밀돈까스세트,13000,13000,13000,,false,https://ldb-phinf.pstatic.net/20240808_185/1723111517817jc3xv_JPEG/%BA%F1%BA%F6%B8%DE%B9%D0-%B5%B7%B0%A1%C3%F7.jpg
1839706812,54,돈까스카레,13000,13000,13000,,false,https://ldb-phinf.pstatic.net/20240808_31/1723111465525pYlTf_JPEG/%B5%B7%B0%A1%C3%F7%C4%AB%B7%B9.jpg
1839706812,55,감자고로케카레,13000,13000,13000,,false,https://ldb-phinf.pstatic.net/20240808_286/1723111451002XLdpN_JPEG/%C4%A1%C5%B2%B0%A1%B6%F3%BE%C6%B0%D4%C4%AB%B7%B9.jpg
1839706812,56,치킨가라아케카레,13000,13000,13000,,false,https://ldb-phinf.pstatic.net/20240808_138/1723111435867eGpDa_JPEG/%C4%A1%C5%B2%B0%A1%B6%F3%BE%C6%B0%D4%C4%AB%B7%B9.jpg
1839706812,57,새우후라이 (샐러드제외),6000,6000,6000,,false,https://ldb-phinf.pstatic.net/20240808_270/1723111392057GnwHg_JPEG/%BB%F5%BF%EC%C8%C4%B6%F3%C0%CC.jpg
1839706812,58,치킨가라아케 (샐러드제외),6000,6000,6000,,false,https://ldb-phinf.pstatic.net/20240808_179/1723111377755cpHHY_JPEG/%C4%A1%C5%B2%B0%A1%B6%F3%BE%C6%C4%C9.jpg
1839706812,59,감자고로케 (샐러드제외),6000,6000,6000,,false,https://ldb-phinf.pstatic.net/20240808_154/1723111312335tiWbt_JPEG/%B0%A8%C0%DA%B0%ED%B7%CE%C4%C9.jpg
1842045578,0,오리지날 라멘,10500,10500,10500,,true,https://ldb-phinf.pstatic.net/20250730_40/1753849988490MD9Pd_JPEG/%BF%C0%B8%AE%C1%F6%B3%AF.jpg
1842045578,1,매운 라멘,10500,10500,10500,,true,https://ldb-phinf.pstatic.net/20250730_50/1753849997347Pf8jD_JPEG/%B8%C5%BF%EE%B6%F3%B8%E0.jpg
1842045578,2,차슈덮밥,10000,10000,10000,,false,https://ldb-phinf.pstatic.net/20250730_63/1753850008445WW3su_JPEG/%C2%F7%BD%B4%B5%A4%B9%E4.jpg
1842045578,3,마제소바,11000,11000,11000,"마세소바 오모리 13,500원",false,https://ldb-phinf.pstatic.net/20250730_155/1753850016470VJ5lf_JPEG/%B8%B6%C1%A6%BC%D2%B9%D9.jpg
1842045578,4,중화소바,11000,11000,11000,,false,https://ldb-phinf.pstatic.net/20250730_136/1753850063213TtSK8_JPEG/%C1%F5%C8%AD%BC%D2%B9%D9.jpg
1842045578,5,매운 마제소바,11000,11000,11000,,false,https://ldb-phinf.pstatic.net/20250730_152/1753850045012TCkam_JPEG/%B8%C5%BF%EE%B8%B6%C1%A6%BC%D2%B9%D922.jpg
1842045578,6,코이 가라아게 5pcs,5500,5500,5500,"8pcs 7,000원",false,https://ldb-phinf.pstatic.net/20250730_277/17538501863722GV7D_JPEG/%B0%A1%B6%F3%BE%C6%B0%D4.jpg
1842045578,7,튀김왕교자 3pcs,6000,6000,6000,"4pcs 7,500원 / 5pcs 8,500원",false,https://ldb-phinf.pstatic.net/20250730_37/1753850080317oJUEe_JPEG/%B1%B3%C0%DA.jpg
1842045578,8,감자고로케 1pcs,1500,1500,1500,,false,https://ldb-phinf.pstatic.net/20250730_73/1753851459000IWyk2_JPEG/%B0%A8%C0%DA_%B0%ED%B7%CE%C4%C9.jpg
1842045578,9,새우튀김 3pcs,5000,5000,5000,"4pcs 6,500원 / 5pcs 7,500원",false,https://ldb-phinf.pstatic.net/20250730_102/1753851500245qwDeP_JPEG/%BB%F5%BF%EC%C6%A2%B1%E82.jpg
1842045578,10,게다리튀김 3pcs,6000,6000,6000,"4pcs 7,500 / 5pcs 8,500",false,https://ldb-phinf.pstatic.net/20250730_180/17538514480541OoFo_JPEG/%B0%D4%B4%D9%B8%AE%C6%A2%B1%E82.jpg
1842045578,11,공깃밥 무료,0,,,,false,https://ldb-phinf.pstatic.net/20250730_101/1753849969850lgo2U_JPEG/%B9%E8%B4%DE%BE%DB-14.jpg
1842045578,12,음료,2000,2000,2000,,false,
1842045578,13,생맥주 300cc,2000,2000,2000,맥스,false,
1842045578,14,소주,5000,5000,5000,처음처럼 / 진로이즈백,false,
1842045578,15,면 추가,2000,2000,2000,,false,
1842045578,16,차슈 추가,2000,2000,2000,,false,
1842045578,17,간장계란 추가,2000,2000,2000,,false,
1846092327,0,치킨 플레이트,7900,7900,7900,"푸짐한 한끼 다이어트 식사!
알찬구성과 저렴한 가격으로 건강한 다이어트를 도와주는 식단",true,https://ldb-phinf.pstatic.net/20260224_233/1771927673471lO1VF_PNG/%C4%A1%C5%B2_%C7%C3%B7%B9%C0%CC%C6%AE.png
1846531786,0,소고기모듬수육전골,41000,41000,41000,,true,https://ldb-phinf.pstatic.net/20260512_101/1778563667841QhWGV_JPEG/13303.jpg
1846531786,1,한우투뿔육회,34000,34000,34000,,true,https://ldb-phinf.pstatic.net/20260512_68/1778563657604CBWN5_JPEG/13302.jpg
1846531786,2,한우육회비빔밥,13000,13000,13000,,true,https://ldb-phinf.pstatic.net/20260512_161/1778563637343EcLiA_JPEG/13300.jpg
1846531786,3,수육곰탕,12000,12000,12000,,true,https://ldb-phinf.pstatic.net/20260512_20/1778563625644e0Vdi_JPEG/13310.jpg
1846531786,4,LA갈비,41000,41000,41000,,false,https://ldb-phinf.pstatic.net/20260407_33/1775552734819zXm0i_JPEG/1000026912.jpg
1846531786,5,꽃도리탕,41000,41000,41000,,false,https://ldb-phinf.pstatic.net/20260407_145/1775552764850jiiOH_JPEG/1000026682.jpg
1846531786,6,보쌈&낙지볶음,41000,41000,41000,,false,https://ldb-phinf.pstatic.net/20260407_150/1775552901154rWCsc_JPEG/1000026675.jpg
1846531786,7,스지무침,31000,31000,31000,,false,https://ldb-phinf.pstatic.net/20260407_65/1775552976080YFOfC_JPEG/1000026918.jpg
1846531786,8,한우투뿔육전,31000,31000,31000,,false,https://ldb-phinf.pstatic.net/20260407_21/1775552956230yPcKI_JPEG/1000011214.jpg
1846531786,9,곱창전골,41000,41000,41000,,false,https://ldb-phinf.pstatic.net/20260407_157/1775552924770gAXhy_JPEG/1000026935.jpg
1846531786,10,해물파전,21000,21000,21000,,false,https://ldb-phinf.pstatic.net/20260512_9/1778563615683lzQ0X_JPEG/13309.jpg
1846531786,11,소고기라면,15000,15000,15000,,false,https://ldb-phinf.pstatic.net/20260512_264/1778563576414cDCB9_JPEG/13304.jpg
1846531786,12,호떡아이스크림,14000,14000,14000,,false,https://ldb-phinf.pstatic.net/20260512_99/1778563596867cozwA_JPEG/13306.jpg
1846531786,13,김치전,13000,13000,13000,,false,https://ldb-phinf.pstatic.net/20260512_32/1778563606767y27Vp_JPEG/13307.jpg
1846531786,14,타코와사비,13000,13000,13000,,false,https://ldb-phinf.pstatic.net/20260512_222/1778563587865ur1af_JPEG/13305.jpg
1846531786,15,제육덮밥,11000,11000,11000,,false,https://ldb-phinf.pstatic.net/20260407_76/1775553043214kUyHI_JPEG/1000026915.jpg
1861683783,0,산 페드로 치폴레 피자 (R),28900,28900,28900,치폴레소스와 고수가 올라간 멕시칸 스타일 피자,false,https://ldb-phinf.pstatic.net/20260409_69/1775746779801EUNfg_PNG/%BB%EA%C6%E4%B5%E5%B7%CE%C4%A1%C6%FA%B7%B9.png
1861683783,1,호미스 치즈 피자 (R),22900,22900,22900,여러가지 치즈의 풍미를 느낄 수 있는 클래식 치즈 피자,true,https://ldb-phinf.pstatic.net/20230110_40/167334322172293nOi_JPEG/%C4%A1%C1%EE%C7%C7%C0%DA.jpg
1861683783,2,익스트림 페퍼로니 피자 (R),24900,24900,24900,"페퍼로니, 살라미를 올려낸 피자",true,https://ldb-phinf.pstatic.net/20230110_195/1673343272484KGQV8_JPEG/%C6%E4%C6%DB%B7%CE%B4%CF.jpg
1861683783,3,블랙맘바 포테이토 피자 (R),25900,25900,25900,통 베이컨에 사워크림과 건조 올리브를 올려낸 포테이토 피자,true,https://ldb-phinf.pstatic.net/20230107_99/167306251753049hJT_PNG/0FD13A18-E9D7-420E-A8E1-46801B9664E8.png
1861683783,4,클래식 콤비네이션 피자 (R),24900,24900,24900,"신선한 야채와 쿡살라미, 불고기로 간을 한 피자",false,https://ldb-phinf.pstatic.net/20230110_181/1673343320202bxXua_JPEG/%C4%DE%BA%F1.jpg
1861683783,5,베이컨 체다 딥 피자 (R),25900,25900,25900,"할라피뇨, 체다, 베이컨, 양파가 들어간 피자",false,https://ldb-phinf.pstatic.net/20230110_79/16733434497181sgwn_JPEG/%BA%A3%C0%CC%C4%C1%C3%BC%B4%D9%B5%F6.jpg
1861683783,6,캘리포니아 슈프림 피자 (R),30900,30900,30900,"아보카도와 루꼴라, 브리치즈를 얹어낸 캘리포니아식 피자",false,https://ldb-phinf.pstatic.net/20230110_198/167334335629074gzf_JPEG/%C4%B6%B8%AE%C6%F7%B4%CF%BE%C6.jpg
1861683783,7,치즈크러스트 추가,3900,3900,3900,,false,
1861683783,8,베이컨과 체다의 감칠맛이 나는 파스타,8900,8900,8900,"통베이컨과 감자, 체다치즈의 조화를 느낄수 있는 토마토 파스타 :)",false,https://ldb-phinf.pstatic.net/20230110_294/1673343694032Tq7np_JPEG/%BA%A3%C0%CC%C4%C1%C6%C4%BD%BA%C5%B8.jpg
1861683783,9,루꼴라를 얹어먹는 매콤한 토마토 파스,8900,8900,8900,면과 치즈를 잘 섞어 루꼴라를 얹어 먹는 매꼴한 파스타 :),false,https://ldb-phinf.pstatic.net/20230110_151/1673343610970n8T2D_JPEG/%B7%E7%B2%C3%B6%F3%C6%C4%BD%BA%C5%B8.jpg
1861683783,10,시나몬 스틱,5000,5000,5000,시나몬가루와 설탕으로 맛을 낸 호미스 한정 스페셜 디저트,false,https://ldb-phinf.pstatic.net/20230110_40/16733435234118zbJB_JPEG/%BD%C3%B3%AA%B8%F3%BD%BA%C6%BD.jpg
1865055350,0,한우육개장,12000,12000,12000,"정통의 맛, 깔끔한 풍미! 양지 대파 고사리로 맛을 낸 시원하고 깔끔한 맛의 대구식 육개장",true,https://ldb-phinf.pstatic.net/20250331_185/1743413533366qL5gu_JPEG/IMG_4145.jpeg
1865055350,1,육개장쌀국수,13000,13000,13000,깔끔한 육개장에 어울리는 쌀국수. 시판면 십여종을 비교테스트 해보고 선별하였습니다.,false,https://ldb-phinf.pstatic.net/20250401_275/1743514153414CSz36_JPEG/IMG_4157.jpeg
1865055350,2,육전,24000,24000,24000,제법 두께가 있는 홍두깨 육전. 초벌하여 준비해둔 육전을 주문 즉시 팬에 부쳐 드립니다.,false,https://ldb-phinf.pstatic.net/20250404_9/1743760393732nGxzF_JPEG/IMG_4202.jpeg
1865055350,3,육전 반판,12000,12000,12000,한 두분 손님께서 부담없이 곁들여 드실 수 있는 절반 사이즈의 육전,false,
1867012609,0,평양냉면,16000,16000,16000,,true,https://ldb-phinf.pstatic.net/20191231_286/1577767384082NFeLy_JPEG/PvZU8p4VwmVjXs6nJX-zaX_W.jpg
1867012609,1,벽제설렁탕,19000,19000,19000,,false,https://ldb-phinf.pstatic.net/20191231_81/1577767500186Q4RMa_JPEG/0gLEchKs4z7S3E9nzUpZ74LE.jpg
1867012609,2,돼지목심본갈비(270g),36000,36000,36000,,true,https://ldb-phinf.pstatic.net/20191231_153/1577767539148HQ6ff_JPEG/V20yzzzQUeLOcmMsOWWqMB95.jpg
1867012609,3,한우생갈비(200g),140000,140000,140000,,false,
1868385730,0,"""세상에 딱 2곳"" 등심카츠",12000,12000,12000,"통듬심에서 20% 수율에 육박하는 근막, 힘줄, 비계살(상록수살,특등심)을 모두 폐기합니다",true,https://ldb-phinf.pstatic.net/20250505_280/1746413940996pxCqn_JPEG/%B5%EE%BD%C94.JPG
1868385730,1,"""240초"" 안심카츠",13000,13000,13000,안심카츠만 1만번 튀겨낸 셰프의 솜씨와 비법을 고스란히담아 최적의 시간과 온도로 튀겨냅니다,true,https://ldb-phinf.pstatic.net/20250505_51/1746413977743wYh5b_JPEG/%BE%C8%BD%C91.JPG
1868385730,2,"""1.8배 듬뿍"" 사포토 치즈카츠",13000,13000,13000,염도가 낮고 고소한 부드러운 최상급 사포토치즈로 튀깁니다. 업계 평균(100g)의 1.8배,true,https://ldb-phinf.pstatic.net/20250505_159/1746413994856hdWJO_JPEG/%C4%A1%C1%EE2.JPG
1868385730,3,최고급 생선카츠,13000,13000,13000,,true,https://ldb-phinf.pstatic.net/20250505_189/1746414014644L0cha_JPEG/%BB%FD%BC%B12.JPG
1868385730,4,"""세계최고등급 한돈"" 등심+안심",14000,14000,14000,"근막, 힘줄, 비계살을 모두 발라낸 한돈 플러스등급 등심+안심카츠",true,https://ldb-phinf.pstatic.net/20250505_138/1746414044753owiCm_JPEG/%B5%EE%BD%C9%2B%BE%C8%BD%C92.JPG
1868385730,5,"""인기 No.2"" 등심+치즈",14000,14000,14000,안심카츠를 제외한 가장 대중적인 2가지 카츠의 조화. 인기에는 이유가 있습니다.,true,https://ldb-phinf.pstatic.net/20250505_99/1746414062062MsMiX_JPEG/%B5%EE%BD%C9%2B%C4%A1%C1%EE2.JPG
1868385730,6,"""특별한 날"" 안심+치즈",14000,14000,14000,조금은 특별하고 싶은 날. 촉촉한 안심과 고소한 치즈가 만났습니다.,false,https://ldb-phinf.pstatic.net/20250505_57/1746414095897gkza1_JPEG/%BE%C8%BD%C9%2B%C4%A1%C1%EE2.JPG
1868385730,7,"""찰떡궁합"" 등심+치즈",14000,14000,14000,고기를 먹다 보면 문득 드는 생선 생각. 고기와 생선의 절묘한 앙상블,false,https://ldb-phinf.pstatic.net/20250505_128/1746414109818IPcPB_JPEG/%B5%EE%BD%C9%2B%C4%A1%C1%EE2.JPG
1868385730,8,"""부드러운"" 안심+생선",14000,14000,14000,부드러움+부드러움. 안심과 생선카츠가 입안에서 녹아내립니다.,false,https://ldb-phinf.pstatic.net/20250505_226/1746414122199qSyFO_JPEG/%BE%C8%BD%C9%2B%BB%FD%BC%B12.JPG
1868385730,9,"""자신만만"" 생선+치즈",14000,14000,14000,비즐은 돈카츠집이지만 생선카츠와 치즈카츠에도 자신이 있습니다.,false,https://ldb-phinf.pstatic.net/20250505_217/1746414137931uVPdP_JPEG/%BB%FD%BC%B1%2B%C4%A1%C1%EE2.JPG
1868385730,10,사장님 추천! 등심+안심+치즈,16000,16000,16000,등심카츠(90~100g)+안심카츠(90~100g)+치즈카츠(90~110g),false,https://ldb-phinf.pstatic.net/20250505_166/17464141519310HOFe_JPEG/%B5%EE%BD%C9%2B%BE%C8%BD%C9%2B%C4%A1%C1%EE2.JPG
1868385730,11,등심+안심+생선,16000,16000,16000,등심카츠(90~100g)+안심카츠(90~100g)+생선카츠(90~100g),false,https://ldb-phinf.pstatic.net/20250505_284/1746414162947TRHpP_JPEG/%B5%EE%BD%C9%2B%BE%C8%BD%C9%2B%BB%FD%BC%B12.JPG
1873196958,0,📸비쥬얼 쇼크!육즙 팡팡 양다리📸,90000,90000,90000,✨600일 연구 ✨48시간 숙성✨+400도 참숯초벌🔥+겉바속촉 식감=압도적 풍미💯,true,https://ldb-phinf.pstatic.net/20260420_92/1776662722123nyq6F_PNG/Gemini_Generated_Image_sid72gsid72gsid7.png
1873196958,1,📸비쥬얼 쇼크!육즙 팡팡 양다리📸,80000,80000,80000,✨600일 연구 ✨48시간 숙성✨+400도 참숯초벌🔥+겉바속촉 식감=압도적 풍미💯,true,https://ldb-phinf.pstatic.net/20260420_96/1776663649281r65Qx_PNG/Gemini_Generated_Image_sid72gsid72gsid7.png
1873196958,2,⭐고소함폭발⭐프리미엄 1% 고급양갈비,30000,30000,30000,최상급 부위 엄선💎+풍부한 육향✨+입안에서 살살 녹는 부드러움 =명품의 맛💯,false,https://ldb-phinf.pstatic.net/20260420_103/1776665203130UcCaO_PNG/Gemini_Generated_Image_rkjzr4rkjzr4rkjz.png
1873196958,3,⭐잡내제로⭐신선함 가득! 생양꼬치🍡,17000,17000,17000,얼리지 않은 생고기🥩+참숯 향 가득🔥+씹을수록 고소한 육즙 =인생 양꼬치💯,false,https://ldb-phinf.pstatic.net/20260420_30/17766696072720S3rA_PNG/Gemini_Generated_Image_e36kave36kave36k_%282%29.png
1873196958,4,⭐중독소스⭐누린내 제로 양념양꼬치🍖,18000,18000,18000,마성의 특제양념✨+부드러운 식감🔥+감칠맛 폭발 =자꾸만 손이 가💯,false,https://ldb-phinf.pstatic.net/20260420_161/17766698500034mDIE_PNG/ChatGPT_Image_2025%B3%E2_12%BF%F9_31%C0%CF_%BF%C0%C0%FC_10_42_59.png
1873196958,5,⭐육즙폭발⭐야들야들 양갈비살꼬치🏆,18000,18000,18000,육즙 가득한 갈비살✨+참숯향🔥+고소한 풍미 =품격 있는 맛💯 양꼬치맛집👍,false,https://ldb-phinf.pstatic.net/20260420_77/1776670698715O2GqI_PNG/Gemini_Generated_Image_6k03xq6k03xq6k03.png
1873196958,6,⭐탱글탱글⭐바다향 가득 새우꼬치🦐,18000,18000,18000,통통한 왕새우✨+노릇노릇 참숯구이🔥+바삭한 식감 =별미 중의 별미💯,false,https://ldb-phinf.pstatic.net/20260420_84/1776670897528QnUYq_PNG/Gemini_Generated_Image_881dz7881dz7881d.png
1873196958,7,⭐겉바속촉⭐새콤달콤 꿔바로우🍯,20000,20000,20000,✨+새콤달콤 비법 소스🍯+두툼한 돼지고기 =요리 부문 1위 꿔바로우💯,false,https://ldb-phinf.pstatic.net/20260420_268/1776671209246M8iMz_PNG/Gemini_Generated_Image_4bz2um4bz2um4bz2.png
1873196958,8,⭐채즙폭발⭐바삭바삭 마성 가지튀김🍆,18000,18000,18000,바삭한 튀김옷✨+뜨거운 채즙 폭발🔥+특제 새콤달콤 소스 =가지튀김은 무조건 왕징💯,false,https://ldb-phinf.pstatic.net/20260420_230/1776671415014Caaj2_PNG/Gemini_Generated_Image_w3io21w3io21w3io.png
1873196958,9,⭐상큼고소 영양만점 토마토계란볶음🍅,16000,16000,16000,신선한 토마토🍅+부드러운 계란✨+담백한 풍미 =아이들도 좋아하는 맛💯,false,https://ldb-phinf.pstatic.net/20260420_42/1776671601442jC7pd_PNG/Gemini_Generated_Image_42otb942otb942ot.png
1873196958,10,⭐입맛 돋우는 얼큰칼칼 마파두부🥘,15000,15000,15000,부드러운 두부✨+매콤한 비법 마라소스🔥+깔끔한 뒷맛 =밥도둑 인정 마파두부💯,false,https://ldb-phinf.pstatic.net/20260420_20/1776671849920D7gKT_PNG/Gemini_Generated_Image_ertvp3ertvp3ertv.png
1873196958,11,⭐바삭매콤 맥주도둑 향라대하🦐,22000,22000,22000,큼직한 대하튀김✨+고추 부각 땅콩🌶️+고소한 감칠맛 =최고의 맥주 술안주 향라대하💯,false,https://ldb-phinf.pstatic.net/20260420_268/1776672338919djFjS_PNG/Gemini_Generated_Image_7b9gf37b9gf37b9g.png
1873196958,12,⭐새콤달콤⭐풍미 가득 어향육사🧣,19000,19000,19000,야들야들 돼지고기✨+각종 채소🥬+어향 소스 +겉은쫄깃 속은촉촉 꽃빵 =환상의 어울림💯,false,https://ldb-phinf.pstatic.net/20260420_203/1776673044850ehawa_PNG/Gemini_Generated_Image_hdp1xthdp1xthdp1.png
1873196958,13,⭐건두부에 싸 먹는 별미 경장육사,19000,19000,19000,춘장 돼지고기 볶음✨+신선한 야채🥬+건두부피 =싸 먹는 재미 솔솔 경장육사💯,false,https://ldb-phinf.pstatic.net/20260420_176/1776673741124UHFga_PNG/Gemini_Generated_Image_3xe4p03xe4p03xe4.png
1873196958,14,⭐얼큰칼칼 마라중독 마라탕🍲,18000,18000,18000,신선한 재료 듬뿍✨+진한 사골 육수🔥+알싸한 마라 =스트레스 해소 마라탕💯,false,https://ldb-phinf.pstatic.net/20260422_287/17767855390097FKIb_PNG/Gemini_Generated_Image_9j1n2w9j1n2w9j1n.png
1873196958,15,⭐화끈한맛⭐강렬한 비주얼 소룽샤🦞,38000,38000,38000,통통한 민물가재🦞+매콤마라한 비법 양념🔥+중독성 갑 =현지의 맛 정통 소룽샤💯,false,https://ldb-phinf.pstatic.net/20260422_299/1776786081585kN0YK_PNG/Gemini_Generated_Image_3e4tz13e4tz13e4t.png
1873196958,16,⭐땅의보물 가지감자피망 조화 지삼선⭐,18000,18000,18000,세 가지 채소의 풍미✨+단짠단짠 소스🍯+촉촉한 식감 =채소 요리 1위 지삼선💯,false,https://ldb-phinf.pstatic.net/20260422_88/1776786622435pqa8i_PNG/Gemini_Generated_Image_rya0byrya0byrya0.png
1873196958,17,⭐담백고소 쫄깃식감 건두부볶음🥢,16000,16000,16000,영양 가득 건두부✨+아삭한 채소 볶음🔥+고소한 맛 =담백함의 극치 건두부볶음💯,false,https://ldb-phinf.pstatic.net/20260422_7/1776787082091gDy0O_PNG/Gemini_Generated_Image_43igs143igs143ig.png
1873196958,18,⭐상큼아삭 느끼함 싹~! 오이무침🥒,12000,12000,12000,즉석에서 무친 오이🥒+새콤달콤 소스✨+깔끔한 마무리 =주문 필수 오이무침💯,false,https://ldb-phinf.pstatic.net/20260422_254/1776788374724cRyCJ_PNG/Gemini_Generated_Image_o0cecto0cecto0ce.png
1873196958,19,⭐향긋고소 큐민향 가득 즈란양고기🐑,28000,28000,28000,부드러운 양고기✨+향긋한 즈란🔥+이국적인 풍미 =중독되는 맛 즈란양고기볶음💯,false,https://ldb-phinf.pstatic.net/20260423_111/1776932829542NnmSi_PNG/Gemini_Generated_Image_1gacqu1gacqu1gac.png
1873196958,20,⭐볶음마라 화끈 불맛 마라샹궈🔥,32000,32000,32000,다양한 재료✨+강렬한 마라 소스🌶️+깊은 불맛 =술안주 끝판왕 마라샹궈💯,false,https://ldb-phinf.pstatic.net/20260423_135/1776933383852AXt2q_PNG/Gemini_Generated_Image_7350nl7350nl7350.png
1873196958,21,⭐별미무침 새콤매콤 건두부무침🥗,16000,16000,16000,쫄깃한 건두부✨+매콤 새콤 양념🌶️+신선한 채소 =입맛 돋우는 맛 건두부무침💯,false,https://ldb-phinf.pstatic.net/20260423_180/1776934038566GaHnB_PNG/Gemini_Generated_Image_4nsgzg4nsgzg4nsg.png
1873196958,22,⭐보양만점 국물이 뽀얀 진국 양탕🍲,15000,15000,15000,오랜 시간 고아낸✨+진한 사골 국물🔥+보들보들 고기 =기력 보충 양탕💯,false,https://ldb-phinf.pstatic.net/20260423_266/1776935178113XfnRi_PNG/Gemini_Generated_Image_xbxluexbxluexbxl.png
1873196958,23,⭐고슬고슬 불맛 가득 계란볶음밥🍚,8000,8000,8000,황금빛 계란 풍미🍳+한 알씩 살아있는 밥알✨+깊은 불맛 =든든한 한 끼 계란볶음밥💯,false,https://ldb-phinf.pstatic.net/20260506_169/177799635369667BT3_PNG/Gemini_Generated_Image_fdllnifdllnifdll.png
1873196958,24,⭐풍미작렬 고소한 가지볶음밥🍚,8000,8000,8000,야들야들 가지🍆+특제 소스✨+고슬고슬 볶음밥 =특별한 식사 가지볶음밥💯,false,https://ldb-phinf.pstatic.net/20260506_211/1777996668393NejGT_PNG/Gemini_Generated_Image_b68b97b68b97b68b.png
1873196958,25,⭐해장완료 얼큰칼칼 옥수수온면🍜,8000,8000,8000,옥수수면의 쫄깃함✨+시원 칼칼 국물🔥+완벽한 마무리 =선육후 옥수수온면💯,false,https://ldb-phinf.pstatic.net/20260506_182/1777996752846SRAd2_PNG/Gemini_Generated_Image_u9rwk3u9rwk3u9rw.png
1873196958,26,⭐가슴속까지 살얼음 동동 냉면❄️,8000,8000,8000,살얼음 동동 육수✨+쫄깃한 면발❄️+속 풀리는 시원함 =여름철 별미 냉면💯,false,https://ldb-phinf.pstatic.net/20260506_138/1777996919763eInoy_PNG/Gemini_Generated_Image_mtvfygmtvfygmtvf.png
1873196958,27,⭐육즙가득 촉촉한 중국식 물만두🥟,8000,8000,8000,얇고 쫄깃한 피✨+가득 찬 고기 육즙🥟+정성 가득 =담백한 유혹 물만두💯,false,https://ldb-phinf.pstatic.net/20260506_167/1777997026914Vr9P9_PNG/Gemini_Generated_Image_can90ccan90ccan9.png
1873196958,28,⭐달콤바삭 겉바속촉 꽃빵튀김🍯,8000,8000,8000,노릇노릇 튀긴 꽃빵✨+달콤한 연유🍯+바삭한 식감 =최고의 디저트 꽃빵튀김💯,false,https://ldb-phinf.pstatic.net/20260506_265/17779970780777kBGF_PNG/Gemini_Generated_Image_glc952glc952glc9.png
1873196958,29,커티삭하이볼,6000,6000,6000,커티 삭 블렌디드 스카치 위스키를 베이스로 토닉워터를 더해 달콤한 향이 상쾌함이 특징!,false,https://ldb-phinf.pstatic.net/20241016_25/172907367870967Xhd_JPEG/%C4%BF%C6%BC%BB%E8.jpg
1873196958,30,점심특선:홍소로우+야채덮밥,12900,12900,12900,"홍소로우볶음+야채볶음+계란탕+3가지 밑반찬
아채볶음은 매일 시장상황에 따라 바뀝니다",false,https://ldb-phinf.pstatic.net/20230825_293/1692919907478bc5bw_JPEG/%BF%D5%C2%A1_%C6%C7%B1%B3%C1%A1_02.jpg
1873196958,31,점심특선:즈란양고기+ 야채덮밥,12900,12900,12900,"즈란양고기볶음+야채볶음+계란탕+3가지 밑반찬
아채볶음은 매일 시장상황에 따라 바뀝니다",false,https://ldb-phinf.pstatic.net/20230825_43/1692920548070Bg0OX_JPEG/%BF%D5%C2%A1_%C6%C7%B1%B3%C1%A1_01.jpg
1873196958,32,점심특선_목:콜라닭 마파두부 덮밥,12900,12900,12900,콜라닭조림+마파두부+양탕+3가지 밑반찬,false,https://ldb-phinf.pstatic.net/20230825_57/16929206268309GjcX_JPEG/%BF%D5%C2%A1_%C6%C7%B1%B3%C1%A1_04.jpg
1873196958,33,점심특선_금:고추돼지고기 녹두나물덮밥,12900,12900,12900,고추돼지고기볶음+숙주나물볶음+양탕+3가지 밑반찬,false,https://ldb-phinf.pstatic.net/20230825_161/16929206947142Kph6_JPEG/%BF%D5%C2%A1_%C6%C7%B1%B3%C1%A1_05.jpg
1873196958,34,점심특선_토:홍소돼지등뼈 브로콜리덮밥,12900,12900,12900,돼지등뼈조림+브로콜리볶음+양탕+3가지 밑반찬,false,https://ldb-phinf.pstatic.net/20230825_226/1692920784017Q5C4s_JPEG/%BF%D5%C2%A1_%C6%C7%B1%B3%C1%A1_06.jpg
1873196958,35,연태구냥 500ml 34도,40000,40000,40000,"중국술 특유의 고량 향을 제거해 순한 맛과
향이 매력적이며 끝맛이 깔끔함과 청량감이 특징.",false,https://ldb-phinf.pstatic.net/20241016_254/1729065181938gH3CI_JPEG/%BF%AC%C5%C2_%B4%EB.jpg
1873196958,36,연태구냥 250ml 34도,20000,20000,20000,"중국술 특유의 고량 향을 제거해 순한 맛과
향이 매력적이며 끝맛이 깔끔함과 청량감이 특징.",false,https://ldb-phinf.pstatic.net/20241016_82/1729065389807erFwu_JPEG/%BF%AC%C5%C2_%C1%DF.jpg
1873196958,37,연태구냥 125ml 34도,12000,12000,12000,"중국술 특유의 고량 향을 제거해 순한 맛과
향이 매력적이며 끝맛이 깔끔함과 청량감이 특징.",false,https://ldb-phinf.pstatic.net/20241016_291/1729065800797EfNPQ_JPEG/%BF%AC%C5%C2_%BC%D2.jpg
1873196958,38,설원 450ml 30도,25000,25000,25000,"파인애플과 같은 부드러운 과일향이 감돌며,목넘김이 부드럽고 깔끔한것이 특징.",false,https://ldb-phinf.pstatic.net/20241016_9/1729067249569xA2QX_JPEG/%BC%B3%BF%F8_%B4%EB.jpg
1873196958,39,설원 250ml 30도,15000,15000,15000,"중국술 특유의 고량 향을 제거해 순한 맛과
향이 매력적이며 끝맛이 깔끔함과 청량감이 특징.",false,https://ldb-phinf.pstatic.net/20241016_64/1729067359632xvT9b_JPEG/%BC%B3%BF%F8_%C1%DF.jpg
1873196958,40,공부가주 500ml 33도,50000,50000,50000,"5가지 곡미 쌀,밀,찹쌀,수수,옥수수를 이용 생산하여 깔끔하고 달콤한 여운의 특징",false,https://ldb-phinf.pstatic.net/20241016_81/1729067417536uwMua_JPEG/%B0%F8%BA%CE%B0%A1%C1%D6_%B4%EB.jpg
1873196958,41,노주탄 500ml 33도,30000,30000,30000,"잘 익은 열대 과일 바나나와 복숭아의 향이
강하게 느껴지며 맛은 달콤하면서 톡쏘는 느낌.",false,https://ldb-phinf.pstatic.net/20241016_117/1729067737418Lh4Qz_JPEG/%B3%EB%C1%D6%C5%BA.jpg
1873196958,42,이과두주 125ml 56도,5000,5000,5000,'이과두'는 두번째 가마에서 나온 제일 좋은 술로 은은한 향을 지니며 도수가 높고 쓴맛특징,false,https://ldb-phinf.pstatic.net/20241016_243/17290693091043FA6e_JPEG/%C0%CC%B0%FA%B5%CE%C1%D6.jpg
1873196958,43,컵술 고량주 100ml 38도,5000,5000,5000,"도수가 상대적으로 낮고,부드럽고 편하게 마실수 있는것이 특징",false,https://ldb-phinf.pstatic.net/20241016_45/1729069617769NoDli_JPEG/%B0%ED%B7%AE%C1%D6_%C4%C5%BC%FA.jpg
1873196958,44,칭다오 맥주 640ml 4.7도,7000,7000,7000,"칭다오 맥주는 라거 스타일 맥주로, 가볍고 부드러운 맛이 특징.",false,https://ldb-phinf.pstatic.net/20241016_117/1729069770156bDqhR_JPEG/%C4%AA%B5%B5%BF%EC.jpg
1873196958,45,하얼빈 맥주 500ml 4.3도,7000,7000,7000,"맛은 상쾌하고 깔끔하며, 약간의 쌀이 첨가되어 있어 부드럽고 깔끔한 끝맛이 특징",false,https://ldb-phinf.pstatic.net/20241016_280/1729069927876LmV7y_JPEG/%C7%CF%BE%F3%BA%F3.jpg
1873196958,46,타이거 맥주 640ml 5도,7000,7000,7000,'타이거' 맥주는 싱가포르 페일 라거로 깨끗하고 깔끔한 맛이 특징,false,https://ldb-phinf.pstatic.net/20241016_270/1729070486429k2igb_JPEG/%C5%B8%C0%CC%B0%C5.jpg
1873196958,47,산토리하이볼,8000,8000,8000,산토리 위스키와 토닉워터를 사용해 만들어졌으며 특징은 가벼운 바디감과 깔끔하고 청량한 맛!,false,https://ldb-phinf.pstatic.net/20241016_17/17290733925803tK4K_JPEG/%BB%EA%C5%E4%B8%AE.jpg
1873196958,48,봄베이하이볼,8000,8000,8000,"봄베이 사파이어 진을 베이스로 한 칵테일로, 가벼우면서도 상쾌한 맛이 특징!",false,https://ldb-phinf.pstatic.net/20241016_81/1729073469621jHLH9_JPEG/%BA%BD%BA%A3%C0%CC%C7%CF%C0%CC%BA%BC.jpg
1873196958,49,짐빔하이볼,7000,7000,7000,"짐빔 버번과 탄산수를 섞어 만든 상쾌한 칵테일로, 매우 가볍고 깔끔한 맛이 특징!",false,https://ldb-phinf.pstatic.net/20241016_224/1729075149764bpsPS_JPEG/%C1%FC%BA%F6%C7%CF%C0%CC%BA%BC.jpg
1873196958,50,제임슨하이볼,8000,8000,8000,제임슨 아이리시 위스키를 기본으로 홍차토닉으로 상큼함이 일품이 특징!,false,https://ldb-phinf.pstatic.net/20241016_275/17290752865192R1rq_PNG/%C1%A6%C0%D3%BD%BC-removebg-preview.png
1873196958,51,연태하이볼,7000,7000,7000,"연태고량주와 토닉워터를 섞어 만든 칵테일로, 고량주의 강한 알코올 맛을 부드럽게 하는 특징",false,https://ldb-phinf.pstatic.net/20241016_83/1729075468080vTLHQ_JPEG/%BF%BA%C5%B8%C0%CC_%C7%CF%C0%CC%BA%BC.jpg
1874233406,0,디너 오마카세,33000,33000,33000,오마카세 초밥 디너,false,https://ldb-phinf.pstatic.net/20211227_119/1640586548746DoFBL_JPEG/KakaoTalk_20211130_145455701_27.jpg
1874233406,1,런치 오마카세,22000,22000,22000,오마카세 초밥 런치,false,https://ldb-phinf.pstatic.net/20211227_231/16405865252168WdiI_JPEG/KakaoTalk_20211130_145455701_26.jpg
1874233406,2,도미.연어 머리 구이,9000,9000,9000,연어머리구이 추가 피스,false,
1874276871,0,냉소바,9900,9900,9900,시원한 육수에 깔끔하고 깊은 풍미의 냉모밀,false,https://ldb-phinf.pstatic.net/20251127_259/1764232390454BMWJb_JPEG/1_%B3%C3%BC%D2%B9%D9.jpg
1874276871,0,연어 냉소바,13900,13900,13900,신선한 연어와 시원한 육수가 어우러진 여름 한정 냉소바,false,https://ldb-phinf.pstatic.net/20260611_296/1781136807995G7leR_JPEG/4_%BF%AC%BE%EE%B3%C3%BC%D2%B9%D9.jpg
1874276871,1,냉소바+돈카츠,14900,14900,14900,"냉소바, 돈카츠, 샐러드, 연유치즈떡",false,https://ldb-phinf.pstatic.net/20251127_198/1764232248282SyrKW_JPEG/1_%B3%C3%BC%D2%B9%D9%B5%B7%C4%AB%C3%F7.jpg
1874276871,1,연어 냉소바+돈카츠,18900,18900,18900,"연어 냉소바, 돈카츠, 샐러드, 연유치즈떡",false,https://ldb-phinf.pstatic.net/20260611_181/17811369254910eGkY_JPEG/4_%BF%AC%BE%EE%B3%C3%BC%D2%B9%D9_%B5%B7%C4%AB%C3%F7.jpg
1874276871,2,냉소바+에비텐,13500,13500,13500,"냉소바, 새우튀김1개, 샐러드, 연유치즈떡",false,https://ldb-phinf.pstatic.net/20251127_2/1764232395672zMEVP_JPEG/1_%B3%C3%BC%D2%B9%D9%BF%A1%BA%F1%C5%D9.jpg
1874276871,2,연어 냉소바+에비텐,17500,17500,17500,"연어 냉소바, 새우튀김1개, 샐러드, 연유치즈떡",false,https://ldb-phinf.pstatic.net/20260611_211/1781136955919G61rB_JPEG/4_%BF%AC%BE%EE%B3%C3%BC%D2%B9%D9_%BF%A1%BA%F1%C5%D9.jpg
1874276871,3,자루소바,9900,9900,9900,깊게 우려낸 육수의 진한 맛을 온전히 느낄 수 있는 판모밀,false,https://ldb-phinf.pstatic.net/20251127_91/1764232400800NKfsS_JPEG/1_%C0%DA%B7%E7%BC%D2%B9%D9.jpg
1874276871,3,연어 자루소바,13900,13900,13900,신선한 연어와 탱글한 소바면을 진한 쯔유에 찍어 먹는 자루소바,false,https://ldb-phinf.pstatic.net/20260611_174/1781137112066S2eDW_JPEG/5_%BF%AC%BE%EE%C0%DA%B7%E7%BC%D2%B9%D9.jpg
1874276871,4,자루소바+돈카츠,14900,14900,14900,"자루소바, 돈카츠, 샐러드, 연유치즈떡",false,https://ldb-phinf.pstatic.net/20251127_268/1764232354760WeX8O_JPEG/1_%C0%DA%B7%E7%BC%D2%B9%D9%B5%B7%C4%AB%C3%F7.jpg
1874276871,4,연어 자루소바+돈카츠,18900,18900,18900,"연어 자루소바, 돈카츠, 샐러드, 연유치즈떡",false,https://ldb-phinf.pstatic.net/20260611_251/1781137151938Nitww_JPEG/5_%BF%AC%BE%EE%C0%DA%B7%E7%BC%D2%B9%D9_%B5%B7%C4%AB%C3%F7.jpg
1874276871,5,자루소바+에비텐,13500,13500,13500,"자루소바, 새우튀김1개, 샐러드, 연유치즈떡",false,https://ldb-phinf.pstatic.net/20251127_292/1764232407752IpKDb_JPEG/1_%C0%DA%B7%E7%BC%D2%B9%D9%BF%A1%BA%F1%C5%D9.jpg
1874276871,5,연어 자루소바+에비텐,17500,17500,17500,"연어 자루소바, 새우튀김1개, 샐러드, 연유치즈떡",false,https://ldb-phinf.pstatic.net/20260611_76/1781137218043ut3MY_JPEG/5_%BF%AC%BE%EE%C0%DA%B7%E7%BC%D2%B9%D9_%BF%A1%BA%F1%C5%D9.jpg
1874276871,6,에비텐 붓가케우동,10500,10500,10500,쫄깃한 우동면 위에 바삭한 튀김을 얹은 진한 풍미의 냉우동,false,https://ldb-phinf.pstatic.net/20251127_182/1764232544490heMSu_JPEG/3_%BF%A1%BA%F1%C5%D9%BA%D7%B0%A1%C4%C9%BF%EC%B5%BF.jpg
1874276871,6,마제동,10900,10900,10900,진한 특제 마제소스와 푸짐한 고기 토핑을 더한 든든한 덮밥,false,https://ldb-phinf.pstatic.net/20260611_19/1781136644032AJAvG_JPEG/2_%B8%B6%C1%A6%B5%BF.jpg
1874276871,7,에비텐 붓가케우동+돈카츠,15500,15500,15500,"에비텐 붓가케우동,돈카츠,온센타마고(온천계란),샐러드,연유치즈떡",false,https://ldb-phinf.pstatic.net/20251127_24/1764232557344REmHx_JPEG/03_%BF%A1%BA%F1%C5%D9%BA%D7%B0%A1%C4%C9%BF%EC%B5%BF_%B5%B7%C4%AB%C3%F7.jpg
1874276871,7,마제동+돈카츠,15900,15900,15900,"마제동, 돈카츠, 샐러드, 연유치즈떡",false,https://ldb-phinf.pstatic.net/20260611_173/1781137254241gsD9y_JPEG/2_%B8%B6%C1%A6%B5%BF_%B5%B7%C4%AB%C3%F7.jpg
1874276871,8,가라아게 붓가케우동,10500,10500,10500,"가라아게 붓가케우동,온센타마고(온천계란),샐러드,연유치즈떡,와사비",false,https://ldb-phinf.pstatic.net/20251127_139/176423257301207wqj_JPEG/03_%B0%A1%B6%F3%BE%C6%B0%D4%BA%D7%B0%A1%C4%C9%BF%EC%B5%BF.jpg
1874276871,8,마제동+에비텐,14500,14500,14500,"마제동, 새우튀김1개, 샐러드, 연유치즈떡",false,https://ldb-phinf.pstatic.net/20260611_3/1781137379275GB5kD_JPEG/2_%B8%B6%C1%A6%B5%BF_%BF%A1%BA%F1%C5%D9.jpg
1874276871,9,가라아게 붓가케우동+돈카츠,15500,15500,15500,"가라아게 붓가케우동,돈카츠,온센타마고(온천계란),샐러드,연유치즈떡",false,https://ldb-phinf.pstatic.net/20251127_4/1764232347053YLSk8_JPEG/03_%B0%A1%B6%F3%BE%C6%B0%D4%BA%D7%B0%A1%C4%C9%BF%EC%B5%BF_%B5%B7%C4%AB%C3%F7.jpg
1874276871,9,카라이(辛)마제동,11500,11500,11500,"카라이(辛)마제동, 샐러드, 연유치즈떡",false,https://ldb-phinf.pstatic.net/20260611_269/1781137433534TREr9_JPEG/2_%B8%B6%C1%A6%B5%BF%28%C4%AB%B6%F3%C0%CC%29.jpg
1874276871,10,가라아게 붓가케우동+에비텐,13900,13900,13900,"가라아게 붓가케우동,새우튀김1개,온센타마고(온천계란),샐러드,연유치즈떡",false,https://ldb-phinf.pstatic.net/20251127_256/1764232585497H26Gq_JPEG/03_%B0%A1%B6%F3%BE%C6%B0%D4%BA%D7%B0%A1%C4%C9%BF%EC%B5%BF_%BF%A1%BA%F1%C5%D9.jpg
1874276871,10,카라이(辛)마제동+돈카츠,16500,16500,16500,"카라이(辛)마제동, 돈카츠, 샐러드, 연유치즈떡",false,https://ldb-phinf.pstatic.net/20260611_13/1781137467262ypKal_JPEG/2_%B8%B6%C1%A6%B5%BF_%B5%B7%C4%AB%C3%F7%28%C4%AB%B6%F3%C0%CC%29.jpg
1874276871,11,마제소바+돈카츠,15900,15900,15900,각종 고명과 소스를 함께 비벼 먹는 일본식 비빔면,false,https://ldb-phinf.pstatic.net/20251127_279/17642322355720qRaa_JPEG/1_%B8%B6%C1%A6%BC%D2%B9%D9_%B5%B7%C4%AB%C3%F7.jpg
1874276871,11,카라이(辛)마제동+에비텐,14900,14900,14900,"카라이(辛)마제동, 새우튀김1개, 샐러드, 연유치즈떡",false,https://ldb-phinf.pstatic.net/20260611_103/1781137510931OG5sW_JPEG/2_%B8%B6%C1%A6%B5%BF_%BF%A1%BA%F1%C5%D9%28%C4%AB%B6%F3%C0%CC%29.jpg
1874276871,12,돈카츠(로스카츠),11500,11500,11500,"24시간 숙성된 국내산 1등급 등심 사용, 육즙이 살아있는 돈카츠",false,https://ldb-phinf.pstatic.net/20251127_284/17642322777376N0G9_JPEG/2_%B5%B7%C4%AB%C3%F7.jpg
1874276871,12,냉소바,9900,9900,9900,시원한 육수에 깔끔하고 깊은 풍미의 냉모밀,false,https://ldb-phinf.pstatic.net/20251127_259/1764232390454BMWJb_JPEG/1_%B3%C3%BC%D2%B9%D9.jpg
1874276871,13,모짜렐라치즈카츠(4pcs),13500,13500,13500,99.9퍼센트 자연치즈로 풍미가 가득한 치즈카츠,false,https://ldb-phinf.pstatic.net/20251127_72/1764232285337DAJHT_JPEG/2_%C4%A1%C1%EE%C4%AB%C3%F7_4pcs.jpg
1874276871,13,냉소바+돈카츠,14900,14900,14900,"냉소바, 돈카츠, 샐러드, 연유치즈떡",false,https://ldb-phinf.pstatic.net/20251127_198/1764232248282SyrKW_JPEG/1_%B3%C3%BC%D2%B9%D9%B5%B7%C4%AB%C3%F7.jpg
1874276871,14,치즈모듬카츠,14500,14500,14500,"돈카츠, 치즈카츠2개, 소우동, 샐러드, 연유치즈떡, 밥",false,https://ldb-phinf.pstatic.net/20251127_144/1764232416457a4cw4_JPEG/2_%C4%A1%C1%EE%B8%F0%B5%EB%B0%A1%C3%F7.jpg
1874276871,14,냉소바+에비텐,13500,13500,13500,"냉소바, 새우튀김1개, 샐러드, 연유치즈떡",false,https://ldb-phinf.pstatic.net/20251127_2/1764232395672zMEVP_JPEG/1_%B3%C3%BC%D2%B9%D9%BF%A1%BA%F1%C5%D9.jpg
1874276871,15,에비텐모듬카츠,14500,14500,14500,"돈카츠, 새우튀김2개, 소우동, 샐러드, 연유치즈떡, 밥",false,https://ldb-phinf.pstatic.net/20251127_254/1764232423220EPpCw_JPEG/2_%BF%A1%BA%F1%C5%D9%B8%F0%B5%EB%C4%AB%C3%F7.jpg
1874276871,15,키소 냉소바,9900,9900,9900,야채를 덜어 소바 본연의 맛을 시원하게 즐기는 깔끔한 냉소바,false,https://ldb-phinf.pstatic.net/20260611_106/1781137008632MGf22_JPEG/4_%B0%A3%BC%D2%C8%AD_%B3%C3%BC%D2%B9%D9.jpg
1874276871,16,가츠동,11900,11900,11900,"바삭, 두툼한 튀김과 특제 타레소스를 곁들인 튀김덮밥",false,https://ldb-phinf.pstatic.net/20251127_162/1764232259875RWGza_JPEG/4_%B0%A1%C3%F7%B5%BF.jpg
1874276871,16,키소 냉소바+돈카츠,14900,14900,14900,"키소 냉소바, 돈카츠, 샐러드, 연유치즈떡",false,https://ldb-phinf.pstatic.net/20260611_128/1781137055223vLSTb_JPEG/4_%B0%A3%BC%D2%C8%AD_%B3%C3%BC%D2%B9%D9_%B5%B7%C4%AB%C3%F7.jpg
1874276871,17,마제소바,10900,10900,10900,"마제소바, 샐러드, 연유치즈떡, 밥",false,https://ldb-phinf.pstatic.net/20251127_181/1764232376719sxdIh_JPEG/1_%B8%B6%C1%A6%BC%D2%B9%D9.jpg
1874276871,17,키소 냉소바+에비텐,13500,13500,13500,"키소 냉소바, 새우튀김1개, 샐러드, 연유치즈떡",false,https://ldb-phinf.pstatic.net/20260611_126/17811370894781txLO_JPEG/4_%B0%A3%BC%D2%C8%AD_%B3%C3%BC%D2%B9%D9_%BF%A1%BA%F1%C5%D9.jpg
1874276871,18,마제소바+에비텐,14500,14500,14500,"마제소바, 새우튀김1개, 샐러드, 연유치즈떡, 밥",false,https://ldb-phinf.pstatic.net/20251127_160/1764232381736tBbdO_JPEG/1_%B8%B6%C1%A6%BC%D2%B9%D9_%BF%A1%BA%F1%C5%D9.jpg
1874276871,18,자루소바,9900,9900,9900,깊게 우려낸 육수의 진한 맛을 온전히 느낄 수 있는 판모밀,false,https://ldb-phinf.pstatic.net/20251127_91/1764232400800NKfsS_JPEG/1_%C0%DA%B7%E7%BC%D2%B9%D9.jpg
1874276871,19,모짜렐라치즈카츠(6pcs),15900,15900,15900,"치즈카츠6개, 소우동, 샐러드, 연유치즈떡, 밥",false,https://ldb-phinf.pstatic.net/20251217_297/1765961636145llNnp_JPEG/1_%C4%A1%C1%EE%C4%AB%C3%F7_6pcs.jpg
1874276871,19,자루소바+돈카츠,14900,14900,14900,"자루소바, 돈카츠, 샐러드, 연유치즈떡",false,https://ldb-phinf.pstatic.net/20251127_268/1764232354760WeX8O_JPEG/1_%C0%DA%B7%E7%BC%D2%B9%D9%B5%B7%C4%AB%C3%F7.jpg
1874276871,20,키소카레,8900,8900,8900,원하는 토핑을 더해 완성시키는 정통 일식 카레,false,https://ldb-phinf.pstatic.net/20251128_246/1764290433624ICXTM_JPEG/3_%C5%B0%BC%D2%C4%AB%B7%B9.jpg
1874276871,20,자루소바+에비텐,13500,13500,13500,"자루소바, 새우튀김1개, 샐러드, 연유치즈떡",false,https://ldb-phinf.pstatic.net/20251127_292/1764232407752IpKDb_JPEG/1_%C0%DA%B7%E7%BC%D2%B9%D9%BF%A1%BA%F1%C5%D9.jpg
1874276871,21,키소카레+돈카츠,13900,13900,13900,"카레, 밥, 돈카츠, 소우동, 샐러드, 연유치즈떡",false,https://ldb-phinf.pstatic.net/20251128_163/1764290474189Pke1c_JPEG/3_%C5%B0%BC%D2%C4%AB%B7%B9_%B5%B7%C4%AB%C3%F7.jpg
1874276871,21,에비텐 붓가케우동,10500,10500,10500,쫄깃한 우동면 위에 바삭한 튀김을 얹은 진한 풍미의 냉우동,false,https://ldb-phinf.pstatic.net/20251127_182/1764232544490heMSu_JPEG/3_%BF%A1%BA%F1%C5%D9%BA%D7%B0%A1%C4%C9%BF%EC%B5%BF.jpg
1874276871,22,키소카레+에비텐,12500,12500,12500,"카레, 밥, 새우튀김1개, 소우동, 샐러드, 연유치즈떡",false,https://ldb-phinf.pstatic.net/20251128_80/1764290606876kiEB4_JPEG/3_%C5%B0%BC%D2%C4%AB%B7%B9_%BF%A1%BA%F1%C5%D9.jpg
1874276871,22,에비텐 붓가케우동+돈카츠,15500,15500,15500,"에비텐 붓가케우동,돈카츠,온센타마고(온천계란),샐러드,연유치즈떡",false,https://ldb-phinf.pstatic.net/20251127_24/1764232557344REmHx_JPEG/03_%BF%A1%BA%F1%C5%D9%BA%D7%B0%A1%C4%C9%BF%EC%B5%BF_%B5%B7%C4%AB%C3%F7.jpg
1874276871,23,키소카레+가라아게,12500,12500,12500,"카레, 밥, 가라아게, 소우동, 샐러드, 연유치즈떡",false,https://ldb-phinf.pstatic.net/20251128_298/1764290638015LDiwg_JPEG/3_%C5%B0%BC%D2%C4%AB%B7%B9_%B0%A1%B6%F3%BE%C6%B0%D4.jpg
1874276871,23,가라아게 붓가케우동,10500,10500,10500,"가라아게 붓가케우동,온센타마고(온천계란),샐러드,연유치즈떡,와사비",false,https://ldb-phinf.pstatic.net/20251127_139/176423257301207wqj_JPEG/03_%B0%A1%B6%F3%BE%C6%B0%D4%BA%D7%B0%A1%C4%C9%BF%EC%B5%BF.jpg
1874276871,24,키소카레+체다치즈함바그,12900,12900,12900,"카레, 밥, 체다치즈함바그, 소우동, 샐러드, 연유치즈떡",false,https://ldb-phinf.pstatic.net/20251128_27/1764290700697J3L7B_JPEG/3_%C5%B0%BC%D2%C4%AB%B7%B9_%C7%D4%B9%DA.jpg
1874276871,24,가라아게 붓가케우동+돈카츠,15500,15500,15500,"가라아게 붓가케우동,돈카츠,온센타마고(온천계란),샐러드,연유치즈떡",false,https://ldb-phinf.pstatic.net/20251127_4/1764232347053YLSk8_JPEG/03_%B0%A1%B6%F3%BE%C6%B0%D4%BA%D7%B0%A1%C4%C9%BF%EC%B5%BF_%B5%B7%C4%AB%C3%F7.jpg
1874276871,25,오꼬노미카츠,13500,13500,13500,"오꼬노미카츠, 소우동, 샐러드, 연유치즈떡, 밥",false,https://ldb-phinf.pstatic.net/20251127_96/1764232430674LourL_JPEG/2_%BF%C0%B2%BF%B3%EB%B9%CC%C4%AB%C3%F7.jpg
1874276871,25,가라아게 붓가케우동+에비텐,13900,13900,13900,"가라아게 붓가케우동,새우튀김1개,온센타마고(온천계란),샐러드,연유치즈떡",false,https://ldb-phinf.pstatic.net/20251127_256/1764232585497H26Gq_JPEG/03_%B0%A1%B6%F3%BE%C6%B0%D4%BA%D7%B0%A1%C4%C9%BF%EC%B5%BF_%BF%A1%BA%F1%C5%D9.jpg
1874276871,26,체다치즈카츠,13500,13500,13500,"체다치즈카츠, 소우동, 샐러드, 연유치즈떡, 밥",false,https://ldb-phinf.pstatic.net/20251127_261/1764232435611qaCue_JPEG/2_%C3%BC%B4%D9%C4%A1%C1%EE%C4%AB%C3%F7.jpg
1874276871,26,마제소바+돈카츠,15900,15900,15900,각종 고명과 소스를 함께 비벼 먹는 일본식 비빔면,false,https://ldb-phinf.pstatic.net/20251127_279/17642322355720qRaa_JPEG/1_%B8%B6%C1%A6%BC%D2%B9%D9_%B5%B7%C4%AB%C3%F7.jpg
1874276871,27,에비가츠동,12900,12900,12900,"새우튀김3개, 온센타마고(온천달걀), 소우동, 샐러드, 연유치즈떡",false,https://ldb-phinf.pstatic.net/20251127_191/1764232593171jmOgE_JPEG/4_%BF%A1%BA%F1%B0%A1%C3%F7%B5%BF.jpg
1874276871,27,돈카츠(로스카츠),11500,11500,11500,"24시간 숙성된 국내산 1등급 등심 사용, 육즙이 살아있는 돈카츠",false,https://ldb-phinf.pstatic.net/20251127_284/17642322777376N0G9_JPEG/2_%B5%B7%C4%AB%C3%F7.jpg
1874276871,28,스페셜가츠동,13900,13900,13900,"돈카츠, 새우튀김1개, 가라아게, 온센타마고(온천달걀), 소우동, 샐러드, 연유치즈떡",false,https://ldb-phinf.pstatic.net/20251127_55/1764232600890FF1Iy_JPEG/4_%BD%BA%C6%E4%BC%C8%B0%A1%C3%F7%B5%BF.jpg
1874276871,28,모짜렐라치즈카츠(4pcs),13500,13500,13500,99.9퍼센트 자연치즈로 풍미가 가득한 치즈카츠,false,https://ldb-phinf.pstatic.net/20251127_72/1764232285337DAJHT_JPEG/2_%C4%A1%C1%EE%C4%AB%C3%F7_4pcs.jpg
1874276871,29,키마카레,12500,12500,12500,"다진 고기와 노른자, 치즈가 함께 어우러져 풍미를 더한 고급 일식 카레",false,https://ldb-phinf.pstatic.net/20251128_216/1764290797590i9r6d_JPEG/3_%C5%B0%B8%B6%C4%AB%B7%B9.jpg
1874276871,29,모짜렐라치즈카츠(6pcs),15900,15900,15900,"치즈카츠6개, 소우동, 샐러드, 연유치즈떡, 밥",false,https://ldb-phinf.pstatic.net/20251217_297/1765961636145llNnp_JPEG/1_%C4%A1%C1%EE%C4%AB%C3%F7_6pcs.jpg
1874276871,30,키마카레+돈카츠,17500,17500,17500,"카레, 밥, 돈카츠, 소우동, 샐러드, 연유치즈떡",false,https://ldb-phinf.pstatic.net/20251128_120/1764290858174m5v0Q_JPEG/3_%C5%B0%B8%B6%C4%AB%B7%B9_%B5%B7%C4%AB%C3%F7.jpg
1874276871,30,치즈모듬카츠,14500,14500,14500,"돈카츠, 치즈카츠2개, 소우동, 샐러드, 연유치즈떡, 밥",false,https://ldb-phinf.pstatic.net/20251127_144/1764232416457a4cw4_JPEG/2_%C4%A1%C1%EE%B8%F0%B5%EB%B0%A1%C3%F7.jpg
1874276871,31,키마카레+에비텐,15900,15900,15900,"카레, 밥, 새우튀김1개, 소우동, 샐러드, 연유치즈떡",false,https://ldb-phinf.pstatic.net/20251128_110/1764290834700woV5T_JPEG/3_%C5%B0%B8%B6%C4%AB%B7%B9_%BF%A1%BA%F1%C5%D9.jpg
1874276871,31,에비텐모듬카츠,14500,14500,14500,"돈카츠, 새우튀김2개, 소우동, 샐러드, 연유치즈떡, 밥",false,https://ldb-phinf.pstatic.net/20251127_254/1764232423220EPpCw_JPEG/2_%BF%A1%BA%F1%C5%D9%B8%F0%B5%EB%C4%AB%C3%F7.jpg
1874276871,32,에비텐어묵우동+돈카츠,15500,15500,15500,정성스럽게 우려낸 육수로 깊고 진한 프리미엄 우동,false,https://ldb-phinf.pstatic.net/20251127_56/1764232707586Ne3RV_JPEG/3_%BF%A1%BA%F1%C5%D9%BE%EE%B9%AC%BF%EC%B5%BF%B5%B7%C4%AB%C3%F7.jpg
1874276871,32,마제소바,10900,10900,10900,"마제소바, 샐러드, 연유치즈떡, 밥",false,https://ldb-phinf.pstatic.net/20251127_181/1764232376719sxdIh_JPEG/1_%B8%B6%C1%A6%BC%D2%B9%D9.jpg
1874276871,33,카라이(辛)마제소바,11500,11500,11500,"카라이(辛)마제소바, 샐러드, 연유치즈떡, 밥",false,https://ldb-phinf.pstatic.net/20251127_73/1764232606899DRgT3_JPEG/1_%C4%AB%B6%F3%C0%CC%B8%B6%C1%A6%BC%D2%B9%D9.jpg
1874276871,33,마제소바+에비텐,14500,14500,14500,"마제소바, 새우튀김1개, 샐러드, 연유치즈떡, 밥",false,https://ldb-phinf.pstatic.net/20251127_160/1764232381736tBbdO_JPEG/1_%B8%B6%C1%A6%BC%D2%B9%D9_%BF%A1%BA%F1%C5%D9.jpg
1874276871,34,카라이(辛)마제소바+돈카츠,16500,16500,16500,"카라이(辛)마제소바,돈카츠,샐러드,연유치즈떡, 밥",false,https://ldb-phinf.pstatic.net/20251127_270/1764232612318kMFPw_JPEG/1_%C4%AB%B6%F3%C0%CC%B8%B6%C1%A6%BC%D2%B9%D9_%B5%B7%C4%AB%C3%F7.jpg
1874276871,34,(특)마제소바,12900,12900,12900,"(특)마제소바, 샐러드, 연유치즈떡, 밥",false,https://ldb-phinf.pstatic.net/20260611_53/1781137785958rUnmz_JPEG/2_%C6%AF_%B8%B6%C1%A6%BC%D2%B9%D9.jpg
1874276871,35,카라이(辛)마제소바+에비텐,14900,14900,14900,"카라이(辛)마제소바, 새우튀김1개, 샐러드, 연유치즈떡, 밥",false,https://ldb-phinf.pstatic.net/20251127_13/1764232621213FqzGX_JPEG/1_%C4%AB%B6%F3%C0%CC%B8%B6%C1%A6%BC%D2%B9%D9_%BF%A1%BA%F1%C5%D9.jpg
1874276871,35,(특)마제소바+돈카츠,17900,17900,17900,"(특)마제소바, 돈카츠, 샐러드, 연유치즈떡, 밥",false,https://ldb-phinf.pstatic.net/20260611_144/1781137828676AfGPG_JPEG/2_%C6%AF_%B8%B6%C1%A6%BC%D2%B9%D9_%B5%B7%C4%AB%C3%F7.jpg
1874276871,36,카라이(辛)에비텐어묵우동,10900,10900,10900,"카라이(辛)우동, 새우튀김1개 , 어묵, 샐러드, 연유치즈떡",false,https://ldb-phinf.pstatic.net/20251127_63/1764232678935jS6Hg_JPEG/3_%BF%A1%BA%F1%C5%D9%BE%EE%B9%AC%BF%EC%B5%BF%28%C4%AB%B6%F3%C0%CC%29.jpg
1874276871,36,(특)마제소바+에비텐,16500,16500,16500,"(특)마제소바, 새우튀김1개, 샐러드, 연유치즈떡, 밥",false,https://ldb-phinf.pstatic.net/20260611_166/1781137863879XkT8h_JPEG/2_%C6%AF_%B8%B6%C1%A6%BC%D2%B9%D9_%BF%A1%BA%F1%C5%D9.jpg
1874276871,37,카라이에비텐어묵우동+돈카츠,15900,15900,15900,"카라이(辛)우동, 돈카츠, 새우튀김1개 , 어묵, 샐러드, 연유치즈떡",false,https://ldb-phinf.pstatic.net/20251127_294/1764232687509hsPW5_JPEG/3_%BF%A1%BA%F1%C5%D9%BE%EE%B9%AC%BF%EC%B5%BF%B5%B7%C4%AB%C3%F7%28%C4%AB%B6%F3%C0%CC%29.jpg
1874276871,37,(특)마제동,12900,12900,12900,"(특)마제동, 샐러드, 연유치즈떡",false,https://ldb-phinf.pstatic.net/20260611_37/1781137544039Dkc9F_JPEG/2_%C6%AF_%B8%B6%C1%A6%B5%BF.jpg
1874276871,38,에비텐어묵우동,10500,10500,10500,"우동, 새우튀김1개, 어묵, 샐러드, 연유치즈떡",false,https://ldb-phinf.pstatic.net/20251127_99/1764232694874AqfG0_JPEG/3_%BF%A1%BA%F1%C5%D9%BE%EE%B9%AC%BF%EC%B5%BF.jpg
1874276871,38,(특)마제동+돈카츠,17900,17900,17900,"(특)마제동, 돈카츠, 샐러드, 연유치즈떡",false,https://ldb-phinf.pstatic.net/20260611_255/1781137618910uHMfd_JPEG/2_%C6%AF_%B8%B6%C1%A6%B5%BF_%B5%B7%C4%AB%C3%F7.jpg
1874276871,39,사바온소바,12500,12500,12500,특제 양념소스를 바른 고등어구이가 더해진 진한 육수의 메밀 온소바,false,https://ldb-phinf.pstatic.net/20251127_19/1764232712873mpL6T_JPEG/1_%BB%E7%B9%D9%BF%C2%BC%D2%B9%D9.jpg
1874276871,39,(특)마제동+에비텐,16500,16500,16500,"(특)마제동, 새우튀김1개, 샐러드, 연유치즈떡",false,https://ldb-phinf.pstatic.net/20260611_201/1781137664193nOYtI_JPEG/2_%C6%AF_%B8%B6%C1%A6%B5%BF_%BF%A1%BA%F1%C5%D9.jpg
1874276871,40,사바온소바+돈카츠,17500,17500,17500,"사바온소바, 돈카츠, 샐러드, 연유치즈떡, 와사비",false,https://ldb-phinf.pstatic.net/20251127_253/1764232718058CWbnt_JPEG/1_%BB%E7%B9%D9%BF%C2%BC%D2%B9%D9%B5%B7%C4%AB%C3%F7.jpg
1874276871,40,(특)카라이(辛)마제동,13500,13500,13500,"(특)카라이(辛)마제동, 샐러드, 연유치즈떡",false,https://ldb-phinf.pstatic.net/20260611_113/1781137706349BfRLl_JPEG/2_%C6%AF_%B8%B6%C1%A6%B5%BF%28%C4%AB%B6%F3%C0%CC%29.jpg
1874276871,41,사바온소바+에비텐,15900,15900,15900,"사바온소바, 에비텐, 샐러드, 연유치즈떡, 와사비",false,https://ldb-phinf.pstatic.net/20251127_57/1764232722677rI8ID_JPEG/1_%BB%E7%B9%D9%BF%C2%BC%D2%B9%D9%BF%A1%BA%F1%C5%D9.jpg
1874276871,41,(특)카라이(辛)마제동+돈카츠,18500,18500,18500,"(특)카라이(辛)마제동, 돈카츠, 샐러드, 연유치즈떡",false,https://ldb-phinf.pstatic.net/20260611_59/1781137726480AHEwF_JPEG/2_%C6%AF_%B8%B6%C1%A6%B5%BF_%B5%B7%C4%AB%C3%F7%28%C4%AB%B6%F3%C0%CC%29.jpg
1874276871,42,돈카츠 추가,6000,6000,6000,돈카츠 추가,false,https://ldb-phinf.pstatic.net/20251127_102/1764232737486grcw4_JPEG/%BB%E7%C0%CC%B5%E5_%B5%B7%C4%AB%C3%F7.jpg
1874276871,42,(특)카라이(辛)마제동+에비텐,16900,16900,16900,"(특)카라이(辛)마제동, 새우튀김1개, 샐러드, 연유치즈떡",false,https://ldb-phinf.pstatic.net/20260611_299/178113775093523PzY_JPEG/2_%C6%AF_%B8%B6%C1%A6%B5%BF_%BF%A1%BA%F1%C5%D9%28%C4%AB%B6%F3%C0%CC%29.jpg
1874276871,43,에비텐(새우튀김) 추가,4000,4000,4000,에비텐 추가,false,https://ldb-phinf.pstatic.net/20251127_172/1764232769666BqpJQ_JPEG/%BB%E7%C0%CC%B5%E5_%BF%A1%BA%F1%C5%D91PCS.jpg
1874276871,43,키소카레,8900,8900,8900,원하는 토핑을 더해 완성시키는 정통 일식 카레,false,https://ldb-phinf.pstatic.net/20251128_246/1764290433624ICXTM_JPEG/3_%C5%B0%BC%D2%C4%AB%B7%B9.jpg
1874276871,44,에비텐(새우튀김2pcs) 추가,7000,7000,7000,에비텐 2pcs 추가,false,https://ldb-phinf.pstatic.net/20251128_157/1764291164219mF9iy_JPEG/%BB%E7%C0%CC%B5%E5_%BF%A1%BA%F1%C5%D92PCS.jpg
1874276871,44,키소카레+돈카츠,13900,13900,13900,"카레, 밥, 돈카츠, 소우동, 샐러드, 연유치즈떡",false,https://ldb-phinf.pstatic.net/20251128_163/1764290474189Pke1c_JPEG/3_%C5%B0%BC%D2%C4%AB%B7%B9_%B5%B7%C4%AB%C3%F7.jpg
1874276871,45,가라아게 추가,5900,5900,5900,가라아게+양마소스,false,https://ldb-phinf.pstatic.net/20251127_152/1764232754890x4B7e_JPEG/%BB%E7%C0%CC%B5%E5_%B0%A1%B6%F3%BE%C6%B0%D4.jpg
1874276871,45,키소카레+에비텐,12500,12500,12500,"카레, 밥, 새우튀김1개, 소우동, 샐러드, 연유치즈떡",false,https://ldb-phinf.pstatic.net/20251128_80/1764290606876kiEB4_JPEG/3_%C5%B0%BC%D2%C4%AB%B7%B9_%BF%A1%BA%F1%C5%D9.jpg
1874276871,46,체다치즈함바그,4900,4900,4900,체다치즈함바그,false,https://ldb-phinf.pstatic.net/20251128_193/1764291033591LgREd_JPEG/%BB%E7%C0%CC%B5%E5_%C3%BC%B4%D9%C4%A1%C1%EE%C7%D4%B9%D9%B1%D7.jpg
1874276871,46,키소카레+가라아게,12500,12500,12500,"카레, 밥, 가라아게, 소우동, 샐러드, 연유치즈떡",false,https://ldb-phinf.pstatic.net/20251128_298/1764290638015LDiwg_JPEG/3_%C5%B0%BC%D2%C4%AB%B7%B9_%B0%A1%B6%F3%BE%C6%B0%D4.jpg
1874276871,47,미니우동 추가,3500,3500,3500,미니우동 추가,false,https://ldb-phinf.pstatic.net/20251127_288/1764232749214jOxYL_JPEG/%BB%E7%C0%CC%B5%E5_%B9%CC%B4%CF%BF%EC%B5%BF.jpg
1874276871,47,키소카레+체다치즈함바그,12900,12900,12900,"카레, 밥, 체다치즈함바그, 소우동, 샐러드, 연유치즈떡",false,https://ldb-phinf.pstatic.net/20251128_27/1764290700697J3L7B_JPEG/3_%C5%B0%BC%D2%C4%AB%B7%B9_%C7%D4%B9%DA.jpg
1874276871,48,미니카레라이스 추가,3900,3900,3900,미니카레라이스 추가,false,https://ldb-phinf.pstatic.net/20251127_13/17642327433076y7jS_JPEG/%BB%E7%C0%CC%B5%E5_%B9%CC%B4%CF%C4%AB%B7%B9%28%C5%B0%BC%D2%29.jpg
1874276871,48,오꼬노미카츠,13500,13500,13500,"오꼬노미카츠, 소우동, 샐러드, 연유치즈떡, 밥",false,https://ldb-phinf.pstatic.net/20251127_96/1764232430674LourL_JPEG/2_%BF%C0%B2%BF%B3%EB%B9%CC%C4%AB%C3%F7.jpg
1874276871,49,온센타마고(온천달걀),1500,1500,1500,온센타마고(온천달걀),false,https://ldb-phinf.pstatic.net/20251127_267/1764232761715EtMab_JPEG/%BB%E7%C0%CC%B5%E5_%BF%C2%BC%BE%C5%B8%B8%B6%B0%ED.jpg
1874276871,49,체다치즈카츠,13500,13500,13500,"체다치즈카츠, 소우동, 샐러드, 연유치즈떡, 밥",false,https://ldb-phinf.pstatic.net/20251127_261/1764232435611qaCue_JPEG/2_%C3%BC%B4%D9%C4%A1%C1%EE%C4%AB%C3%F7.jpg
1874276871,50,타코야끼,5900,5900,5900,타코야끼,false,https://ldb-phinf.pstatic.net/20251127_12/1764232730093pchRk_JPEG/%BB%E7%C0%CC%B5%E5_%C5%B8%C4%DA%BE%DF%B3%A2.jpg
1874276871,50,가츠동,11900,11900,11900,"바삭, 두툼한 튀김과 특제 타레소스를 곁들인 튀김덮밥",false,https://ldb-phinf.pstatic.net/20251127_162/1764232259875RWGza_JPEG/4_%B0%A1%C3%F7%B5%BF.jpg
1874276871,51,대파 추가,0,,,키소카레 주문 시 추가 가능합니다.,false,https://ldb-phinf.pstatic.net/20251128_90/1764291539808J0TVH_PNG/%C5%E4%C7%CE_%B4%EB%C6%C4.png
1874276871,51,에비가츠동,12900,12900,12900,"새우튀김3개, 온센타마고(온천달걀), 소우동, 샐러드, 연유치즈떡",false,https://ldb-phinf.pstatic.net/20251127_191/1764232593171jmOgE_JPEG/4_%BF%A1%BA%F1%B0%A1%C3%F7%B5%BF.jpg
1874276871,52,마늘양파후레이크 추가,700,700,700,키소카레 주문 시 추가 가능합니다.,false,https://ldb-phinf.pstatic.net/20251128_178/1764291647877L64L6_PNG/%C5%E4%C7%CE_%B8%B6%B4%C3%BE%E7%C6%C4%C8%C4%B7%B9%C0%CC%C5%A9.png
1874276871,52,스페셜가츠동,13900,13900,13900,"돈카츠, 새우튀김1개, 가라아게, 온센타마고(온천달걀), 소우동, 샐러드, 연유치즈떡",false,https://ldb-phinf.pstatic.net/20251127_55/1764232600890FF1Iy_JPEG/4_%BD%BA%C6%E4%BC%C8%B0%A1%C3%F7%B5%BF.jpg
1874276871,53,눈꽃치즈 추가,1000,1000,1000,키소카레 주문 시 추가 가능합니다.,false,https://ldb-phinf.pstatic.net/20251128_283/1764291685070AsjPp_PNG/%C5%E4%C7%CE_%B4%AB%B2%C9%C4%A1%C1%EE.png
1874276871,53,키마카레,12500,12500,12500,"다진 고기와 노른자, 치즈가 함께 어우러져 풍미를 더한 고급 일식 카레",false,https://ldb-phinf.pstatic.net/20251128_216/1764290797590i9r6d_JPEG/3_%C5%B0%B8%B6%C4%AB%B7%B9.jpg
1874276871,54,우엉튀김 추가,2500,2500,2500,키소카레 주문 시 추가 가능합니다.,false,https://ldb-phinf.pstatic.net/20251128_172/1764291780018v6IVK_PNG/%C5%E4%C7%CE_%BF%EC%BE%FB%C6%A2%B1%E8.png
1874276871,54,키마카레+돈카츠,17500,17500,17500,"카레, 밥, 돈카츠, 소우동, 샐러드, 연유치즈떡",false,https://ldb-phinf.pstatic.net/20251128_120/1764290858174m5v0Q_JPEG/3_%C5%B0%B8%B6%C4%AB%B7%B9_%B5%B7%C4%AB%C3%F7.jpg
1874276871,55,가지튀김 추가,3500,3500,3500,키소카레 주문 시 추가 가능합니다.,false,https://ldb-phinf.pstatic.net/20251128_25/1764291858239FYboS_PNG/%C5%E4%C7%CE_%B0%A1%C1%F6%C6%A2%B1%E8.png
1874276871,55,키마카레+에비텐,15900,15900,15900,"카레, 밥, 새우튀김1개, 소우동, 샐러드, 연유치즈떡",false,https://ldb-phinf.pstatic.net/20251128_110/1764290834700woV5T_JPEG/3_%C5%B0%B8%B6%C4%AB%B7%B9_%BF%A1%BA%F1%C5%D9.jpg
1874276871,56,에비텐어묵우동+돈카츠,15500,15500,15500,정성스럽게 우려낸 육수로 깊고 진한 프리미엄 우동,false,https://ldb-phinf.pstatic.net/20251127_56/1764232707586Ne3RV_JPEG/3_%BF%A1%BA%F1%C5%D9%BE%EE%B9%AC%BF%EC%B5%BF%B5%B7%C4%AB%C3%F7.jpg
1874276871,57,카라이(辛)마제소바,11500,11500,11500,"카라이(辛)마제소바, 샐러드, 연유치즈떡, 밥",false,https://ldb-phinf.pstatic.net/20251127_73/1764232606899DRgT3_JPEG/1_%C4%AB%B6%F3%C0%CC%B8%B6%C1%A6%BC%D2%B9%D9.jpg
1874276871,58,카라이(辛)마제소바+돈카츠,16500,16500,16500,"카라이(辛)마제소바,돈카츠,샐러드,연유치즈떡, 밥",false,https://ldb-phinf.pstatic.net/20251127_270/1764232612318kMFPw_JPEG/1_%C4%AB%B6%F3%C0%CC%B8%B6%C1%A6%BC%D2%B9%D9_%B5%B7%C4%AB%C3%F7.jpg
1874276871,59,카라이(辛)마제소바+에비텐,14900,14900,14900,"카라이(辛)마제소바, 새우튀김1개, 샐러드, 연유치즈떡, 밥",false,https://ldb-phinf.pstatic.net/20251127_13/1764232621213FqzGX_JPEG/1_%C4%AB%B6%F3%C0%CC%B8%B6%C1%A6%BC%D2%B9%D9_%BF%A1%BA%F1%C5%D9.jpg
1874276871,60,(특)카라이(辛)마제소바,13500,13500,13500,"(특)카라이(辛)마제소바, 샐러드, 연유치즈떡, 밥",false,https://ldb-phinf.pstatic.net/20260611_100/1781137908723GqNey_JPEG/2_%C6%AF_%B8%B6%C1%A6%BC%D2%B9%D9%28%C4%AB%B6%F3%C0%CC%29.jpg
1874276871,61,(특)카라이(辛)마제소바+돈카츠,18500,18500,18500,"(특)카라이(辛)마제소바, 돈카츠, 샐러드, 연유치즈떡, 밥",false,https://ldb-phinf.pstatic.net/20260611_147/1781137930207hOgeL_JPEG/2_%C6%AF_%B8%B6%C1%A6%BC%D2%B9%D9_%B5%B7%C4%AB%C3%F7%28%C4%AB%B6%F3%C0%CC%29.jpg
1874276871,62,(특)카라이(辛)마제소바+에비텐,16900,16900,16900,"(특)카라이(辛)마제소바, 새우튀김1개, 샐러드, 연유치즈떡, 밥",false,https://ldb-phinf.pstatic.net/20260611_197/1781137977735CGoFS_JPEG/2_%C6%AF_%B8%B6%C1%A6%BC%D2%B9%D9_%BF%A1%BA%F1%C5%D9%28%C4%AB%B6%F3%C0%CC%29.jpg
1874276871,63,카라이(辛)에비텐어묵우동,10900,10900,10900,"카라이(辛)우동, 새우튀김1개 , 어묵, 샐러드, 연유치즈떡",false,https://ldb-phinf.pstatic.net/20251127_63/1764232678935jS6Hg_JPEG/3_%BF%A1%BA%F1%C5%D9%BE%EE%B9%AC%BF%EC%B5%BF%28%C4%AB%B6%F3%C0%CC%29.jpg
1874276871,64,카라이에비텐어묵우동+돈카츠,15900,15900,15900,"카라이(辛)우동, 돈카츠, 새우튀김1개 , 어묵, 샐러드, 연유치즈떡",false,https://ldb-phinf.pstatic.net/20251127_294/1764232687509hsPW5_JPEG/3_%BF%A1%BA%F1%C5%D9%BE%EE%B9%AC%BF%EC%B5%BF%B5%B7%C4%AB%C3%F7%28%C4%AB%B6%F3%C0%CC%29.jpg
1874276871,65,에비텐어묵우동,10500,10500,10500,"우동, 새우튀김1개, 어묵, 샐러드, 연유치즈떡",false,https://ldb-phinf.pstatic.net/20251127_99/1764232694874AqfG0_JPEG/3_%BF%A1%BA%F1%C5%D9%BE%EE%B9%AC%BF%EC%B5%BF.jpg
1874276871,66,사바온소바,12500,12500,12500,특제 양념소스를 바른 고등어구이가 더해진 진한 육수의 메밀 온소바,false,https://ldb-phinf.pstatic.net/20251127_19/1764232712873mpL6T_JPEG/1_%BB%E7%B9%D9%BF%C2%BC%D2%B9%D9.jpg
1874276871,67,사바온소바+돈카츠,17500,17500,17500,"사바온소바, 돈카츠, 샐러드, 연유치즈떡, 와사비",false,https://ldb-phinf.pstatic.net/20251127_253/1764232718058CWbnt_JPEG/1_%BB%E7%B9%D9%BF%C2%BC%D2%B9%D9%B5%B7%C4%AB%C3%F7.jpg
1874276871,68,사바온소바+에비텐,15900,15900,15900,"사바온소바, 에비텐, 샐러드, 연유치즈떡, 와사비",false,https://ldb-phinf.pstatic.net/20251127_57/1764232722677rI8ID_JPEG/1_%BB%E7%B9%D9%BF%C2%BC%D2%B9%D9%BF%A1%BA%F1%C5%D9.jpg
1874276871,69,돈카츠 추가,6000,6000,6000,돈카츠 추가,false,https://ldb-phinf.pstatic.net/20251127_102/1764232737486grcw4_JPEG/%BB%E7%C0%CC%B5%E5_%B5%B7%C4%AB%C3%F7.jpg
1874276871,70,에비텐(새우튀김) 추가,4000,4000,4000,에비텐 추가,false,https://ldb-phinf.pstatic.net/20251127_172/1764232769666BqpJQ_JPEG/%BB%E7%C0%CC%B5%E5_%BF%A1%BA%F1%C5%D91PCS.jpg
1874276871,71,에비텐(새우튀김2pcs) 추가,7000,7000,7000,에비텐 2pcs 추가,false,https://ldb-phinf.pstatic.net/20251128_157/1764291164219mF9iy_JPEG/%BB%E7%C0%CC%B5%E5_%BF%A1%BA%F1%C5%D92PCS.jpg
1874276871,72,가라아게 추가,5900,5900,5900,가라아게+양마소스,false,https://ldb-phinf.pstatic.net/20251127_152/1764232754890x4B7e_JPEG/%BB%E7%C0%CC%B5%E5_%B0%A1%B6%F3%BE%C6%B0%D4.jpg
1874276871,73,체다치즈함바그,4900,4900,4900,체다치즈함바그,false,https://ldb-phinf.pstatic.net/20251128_193/1764291033591LgREd_JPEG/%BB%E7%C0%CC%B5%E5_%C3%BC%B4%D9%C4%A1%C1%EE%C7%D4%B9%D9%B1%D7.jpg
1874276871,74,미니우동 추가,3500,3500,3500,미니우동 추가,false,https://ldb-phinf.pstatic.net/20251127_288/1764232749214jOxYL_JPEG/%BB%E7%C0%CC%B5%E5_%B9%CC%B4%CF%BF%EC%B5%BF.jpg
1874276871,75,미니카레라이스 추가,3900,3900,3900,미니카레라이스 추가,false,https://ldb-phinf.pstatic.net/20251127_13/17642327433076y7jS_JPEG/%BB%E7%C0%CC%B5%E5_%B9%CC%B4%CF%C4%AB%B7%B9%28%C5%B0%BC%D2%29.jpg
1874276871,76,온센타마고(온천달걀),1500,1500,1500,온센타마고(온천달걀),false,https://ldb-phinf.pstatic.net/20251127_267/1764232761715EtMab_JPEG/%BB%E7%C0%CC%B5%E5_%BF%C2%BC%BE%C5%B8%B8%B6%B0%ED.jpg
1874276871,77,타코야끼,5900,5900,5900,타코야끼,false,https://ldb-phinf.pstatic.net/20251127_12/1764232730093pchRk_JPEG/%BB%E7%C0%CC%B5%E5_%C5%B8%C4%DA%BE%DF%B3%A2.jpg
1874276871,78,대파 추가,0,,,키소카레 주문 시 추가 가능합니다.,false,https://ldb-phinf.pstatic.net/20251128_90/1764291539808J0TVH_PNG/%C5%E4%C7%CE_%B4%EB%C6%C4.png
1874276871,79,마늘양파후레이크 추가,700,700,700,키소카레 주문 시 추가 가능합니다.,false,https://ldb-phinf.pstatic.net/20251128_178/1764291647877L64L6_PNG/%C5%E4%C7%CE_%B8%B6%B4%C3%BE%E7%C6%C4%C8%C4%B7%B9%C0%CC%C5%A9.png
1874276871,80,눈꽃치즈 추가,1000,1000,1000,키소카레 주문 시 추가 가능합니다.,false,https://ldb-phinf.pstatic.net/20251128_283/1764291685070AsjPp_PNG/%C5%E4%C7%CE_%B4%AB%B2%C9%C4%A1%C1%EE.png
1874276871,81,우엉튀김 추가,2500,2500,2500,키소카레 주문 시 추가 가능합니다.,false,https://ldb-phinf.pstatic.net/20251128_172/1764291780018v6IVK_PNG/%C5%E4%C7%CE_%BF%EC%BE%FB%C6%A2%B1%E8.png
1874276871,82,가지튀김 추가,3500,3500,3500,키소카레 주문 시 추가 가능합니다.,false,https://ldb-phinf.pstatic.net/20251128_25/1764291858239FYboS_PNG/%C5%E4%C7%CE_%B0%A1%C1%F6%C6%A2%B1%E8.png
1880930916,0,디너똠1인세트,19000,19000,19000,뿌팟퐁커리(Half)+식사류1개+음료수,true,https://ldb-phinf.pstatic.net/20260515_266/1778816189829hqgfX_JPEG/KakaoTalk_20260515_123524618_02.jpg
1880930916,1,런치퀴진2인세트,38000,38000,38000,뿌팟퐁커리+식사류1개,true,https://ldb-phinf.pstatic.net/20260515_10/17788161999531Igt9_JPEG/KakaoTalk_20260515_123524618_02.jpg
1880930916,2,뿌팟퐁커리 (소프트크랩커리),28000,28000,28000,튀긴 소프트크랩과 코코넛밀크로 풍미를 살린 부드러운 커리 요리,true,https://ldb-phinf.pstatic.net/20230412_117/1681275941150KceVB_JPEG/0228-0050Q%BB%D1%C6%CC%C6%FE%C4%BF%B8%AE.jpg
1880930916,3,진眞소고기쌀국수,14000,14000,14000,"진한 사골육수에 소고기(양지, 도가니)가 듬뿍 들어가 든든하고 속편한 쌀국수",true,https://ldb-phinf.pstatic.net/20230412_231/1681272658841Esr94_JPEG/0227-0133%BD%D2%B1%B9%BC%F601.jpg
1880930916,4,분짜,15000,15000,15000,담백한 쌀국수와 숯불에 구운 돼지고기,false,https://ldb-phinf.pstatic.net/20240531_35/1717141207302gQ84j_JPEG/%BA%D0%C2%A5_%B8%DE%B4%BA.jpg
1880930916,5,팟타이,16000,16000,16000,"쌀국수를 달걀, 두부, 새우, 부추 등과 볶아낸 볶음면",true,https://ldb-phinf.pstatic.net/20230412_98/1681274737976be9iI_JPEG/0227-0104%C6%CC%C5%B8%C0%CC.jpg
1880930916,6,똠얌쌀국수,16000,16000,16000,"레몬그라스를 넣어 새콤, 매콤한 맛이 조화로운 쌀국수",false,https://ldb-phinf.pstatic.net/20230412_143/16812747004974bpe9_JPEG/0227-0125c%BE%E7%B4%A9%B5%E904.jpg
1880930916,7,팟카파오무쌉,14000,14000,14000,다진 돼지고기와 크라파오소스로 매콤하게 볶아낸 볶음밥,false,https://ldb-phinf.pstatic.net/20260515_69/1778816294333OVQrQ_JPEG/KakaoTalk_20260515_123704809.jpg
1880930916,8,코코넛치킨튀김,13000,13000,13000,코코넛 파우더로 튀긴 치킨에 타마린드 소스를 곁들인 요리,false,https://ldb-phinf.pstatic.net/20230412_29/1681275727261hHxSx_JPEG/0227-0039%C4%DA%C4%DA%B3%D3%C4%A1%C5%B2%C6%A2%B1%E8.jpg
1880930916,9,새우살고로케 (텃만꿍),12000,12000,12000,새우살을 갈아만든 태국식 새우튀김,false,https://ldb-phinf.pstatic.net/20230412_77/16812756982889wDzc_JPEG/0227-0046%BB%F5%BF%EC%BB%EC%B0%ED%B7%CE%C4%C9.jpg
1881618371,0,대방어 사시미(계절메뉴),110000,110000,110000,,false,https://ldb-phinf.pstatic.net/20251030_195/1761815240801zQqrw_JPEG/KakaoTalk_20251030_180422985.jpg
1881618371,1,해산물모듬,65000,65000,65000,,true,https://ldb-phinf.pstatic.net/20230901_283/1693530378348vmwYD_PNG/%C7%D8%BB%EA%B9%B0%B8%F0%B5%EB_55000.png
1881618371,2,자연산막회 小,47000,47000,47000,,true,https://ldb-phinf.pstatic.net/20230901_206/1693530451514bBFvN_PNG/%C0%DA%BF%AC%BB%EA%B8%B7%C8%B8.png
1881618371,3,안주물회,45000,45000,45000,,true,https://ldb-phinf.pstatic.net/20240129_149/170650755572612Bfl_PNG/%B9%B0%C8%B8.png
1881618371,4,산낙지,30000,30000,30000,,false,https://ldb-phinf.pstatic.net/20240129_16/1706507896217qGBMW_PNG/%BB%EA%B3%AB%C1%F6.png
1881618371,5,산낙지볶음,35000,35000,35000,,false,https://ldb-phinf.pstatic.net/20240129_168/1706507870778p8KL0_PNG/%C2%DE%B2%D9%B9%CC%B5%A4%B9%E4.png
1881618371,6,골뱅이오뎅탕,35000,35000,35000,,false,https://ldb-phinf.pstatic.net/20240129_264/1706507739108L9Qe0_PNG/%B0%F1%B9%F0%C0%CC_%BF%C0%B5%AD%C5%C1.png
1881618371,7,제주딱새우버터술찜,35000,35000,35000,,false,https://ldb-phinf.pstatic.net/20240129_188/1706507641082IMDC6_PNG/%B5%FC%BB%F5%BF%EC%B9%F6%C5%CD%BC%FA%C2%F2.png
1881618371,8,백골뱅이&문어숙회,35000,35000,35000,,false,https://ldb-phinf.pstatic.net/20240129_28/1706507510156uXTtA_PNG/%B9%AE%BE%EE%BC%F7%C8%B8_%B0%F1%B9%F0%C0%CC.png
1881618371,9,백골뱅이숙회(동해),35000,35000,35000,,false,https://ldb-phinf.pstatic.net/20240129_278/1706507154871u7y7o_PNG/%BC%D2%B6%F3%BC%F7%C8%B8.png
1881618371,10,성게알&단새우&감태,45000,45000,45000,,false,https://ldb-phinf.pstatic.net/20230901_293/1693530479952DH7Jn_PNG/%BC%BA%B0%D4%BE%CB%B4%DC%BB%F5%BF%EC%B0%A8%C5%C2.png
1881618371,11,제주 딱새우회,35000,35000,35000,,false,https://ldb-phinf.pstatic.net/20230901_51/16935305586052DFvt_PNG/%B5%FC%BB%F5%BF%EC%C8%B8.png
1881618371,12,통영 돌멍게,30000,30000,30000,,false,https://ldb-phinf.pstatic.net/20230901_149/16935305855709VTEt_PNG/%B5%B9%B8%DB%B0%D4.png
1881618371,13,문어숙회,30000,30000,30000,,false,https://ldb-phinf.pstatic.net/20230901_243/16935305720302PWgV_JPEG/%B5%BF%C7%D8%B9%AE%BE%EE%BC%F7%C8%B8_35000.jpg
1881618371,14,수제 모듬튀김,30000,30000,30000,,false,https://ldb-phinf.pstatic.net/20230901_88/1693530549430mrkTC_PNG/%B8%F0%B5%EB%C6%A2%B1%E8_30000.png
1881618371,15,수제 새우튀김,20000,20000,20000,,false,https://ldb-phinf.pstatic.net/20230901_130/1693530496607uAMsy_PNG/%BB%F5%BF%EC%C6%A2%B1%E8_18000.png
1881618371,16,전복회,25000,25000,25000,,false,https://ldb-phinf.pstatic.net/20230901_125/1693530442809v3Oxv_PNG/%C0%FC%BA%B9%C8%B8_30000%2B.png
1881618371,17,조개탕,25000,25000,25000,,false,https://ldb-phinf.pstatic.net/20230901_20/1693530407785dCf1K_PNG/%C1%B6%B0%B3%C5%C1.png
1881618371,18,해물라면,17000,17000,17000,,false,https://ldb-phinf.pstatic.net/20230901_199/1693530395626xRR96_PNG/%C7%D8%BB%EA%B9%B0.png
1881618371,19,산낙지연포탕,35000,35000,35000,,false,https://ldb-phinf.pstatic.net/20240129_185/1706507774767RPrPn_PNG/%BF%AC%C6%F7%C5%C1.png
1883977562,0,반미+탄산음료,15000,15000,15000,,false,
1883977562,1,월남쌈더블+버팔로윙2pc(포장만),15000,15000,15000,,false,
1883977562,2,파파야샐러드,12000,12000,12000,,false,https://ldb-phinf.pstatic.net/20200317_188/1584432865336C188Q_JPEG/3bNKHqPvpc5Fzx4WHk1yxAW8.jpg
1883977562,3,월남쌈 싱글(3pc),7000,7000,7000,,false,https://ldb-phinf.pstatic.net/20200317_20/1584432769452LTrJv_JPEG/7qwa9JMKT-ceJK5kVb1ll8oU.jpg
1883977562,4,월남쌈 더블(6pc),13000,13000,13000,,false,
1883977562,5,짜죠,9000,9000,9000,,false,https://ldb-phinf.pstatic.net/20200317_92/1584432938959JhwGN_JPEG/kWb25oa4H08i35qzAJh39yVO.jpg
1883977562,6,고수치킨,11000,11000,11000,,false,
1883977562,7,삼겹살 반미,13000,13000,13000,,false,https://ldb-phinf.pstatic.net/20200317_281/1584432463578nnlMn_JPEG/Wb5Z2RcrGpi4hCyYQyciMVZN.jpg
1883977562,8,계란반미,12000,12000,12000,,false,
1883977562,9,분짜,16000,16000,16000,,false,https://ldb-phinf.pstatic.net/20200317_262/1584432392690VNkwN_JPEG/Gs4Kuy-IN2xCm8o0LCac4OWd.jpg
1883977562,10,반세오,20000,20000,20000,,false,https://ldb-phinf.pstatic.net/20200317_89/1584432418502Tligp_JPEG/g2cCWJUZiA-l5_p9ACXg0C4G.jpg
1883977562,11,소고기 포,12000,12000,12000,,true,https://ldb-phinf.pstatic.net/20200317_89/1584432324658rpU95_JPEG/VUOnZW2Naod0QISTUcwuOFKZ.jpg
1883977562,12,XO소고기포,14000,14000,14000,,false,
1883977562,13,매운돼지고기포,13000,13000,13000,,false,https://ldb-phinf.pstatic.net/20200317_42/1584432356393oyX9M_JPEG/Y_iwXa_XuV423gIwLVPMh5t3.jpg
1883977562,14,미트볼포,13000,13000,13000,,false,
1883977562,15,소고기&미트볼 포,14000,14000,14000,,false,
1883977562,16,소고기&직화삼겹 포,15000,15000,15000,,false,
1883977562,17,스지포,15000,15000,15000,,false,
1883977562,18,소고기&스지 포,17000,17000,17000,,false,
1883977562,19,꽃게 포,15000,15000,15000,,false,
1883977562,20,카라멜치킨,14000,14000,14000,,false,https://ldb-phinf.pstatic.net/20200317_132/1584432703483DOWCL_JPEG/uV_w7yrSEk3tjyR5RdE4lWvS.jpg
1883977562,21,카라멜삼겹살,14000,14000,14000,,false,
1883977562,22,돼지고기 양배추 볶음,14000,14000,14000,,false,https://ldb-phinf.pstatic.net/20200317_227/1584432522995plVPg_JPEG/7iRswZoGtr747SXeOf4XXWAG.jpg
1883977562,23,베트남 직화 삼겹살 라이스,15000,15000,15000,,false,https://ldb-phinf.pstatic.net/20200317_35/1584433447727kpi83_JPEG/so_oeOSmgc5h1CS5TSqmThWs.jpg
1883977562,24,베트남 국밥,13000,13000,13000,,false,
1883977562,25,공기밥,2000,2000,2000,,false,
1883977562,26,계란후라이,2000,2000,2000,,false,
1892494826,0,마라탕(100g),1900,1900,1900,"야채,고기,꼬치 등 신선한 식재료들을 맵고 얼얼한 국물에 뜨겁게 먹는 중국 사천 대표요리",true,https://ldb-phinf.pstatic.net/20191007_55/15704350222718ITfX_JPEG/peGJRLnq5Y3LsGu8enFbsqzI.jpg
1892494826,1,마라샹궈(100g),3300,3300,3300,마라소스에 각종 신선한 식재료를 자유롭게 넣어 볶아 먹는 볶음 마라탕,true,https://ldb-phinf.pstatic.net/20191007_265/1570435130831CN2tz_JPEG/HkrRkzlWu2pkG7LBQXoVgBqA.jpg
1892494826,2,꿔바로우(소),12000,12000,12000,"감자 전분으로 튀김옷을 입힌 돼지등심에 새콤달콤한 소스를 묻힌 ""중국식 찹쌀 탕수육""",true,https://ldb-phinf.pstatic.net/20191007_57/1570435229525DUDeM_JPEG/J_ItfqdvAtQYIR44mXk9mdGt.jpg
1892494826,3,꿔바로우(대),19000,19000,19000,"감자 전분으로 튀김옷을 입힌 돼지등심에 새콤달콤한 소스를 묻힌 ""중국식 찹쌀 탕수육""",false,https://ldb-phinf.pstatic.net/20191007_256/1570435259139TsX10_JPEG/piOvI8vA5qLLXi6wYct14R-Q.jpg
1892494826,4,계란볶음밥,8000,8000,8000,한국인은 밥심!! 마라탕이랑 함께 하면 완벽한 조합인거 다들 알죠??,true,https://ldb-phinf.pstatic.net/20240408_46/1712559282441T2Mli_JPEG/%B0%E8%B6%F5%BA%BA%C0%BD%B9%E4.jpg
1892494826,5,꽃빵튀김,6000,6000,6000,부드럽고 바삭한 꽃빵튀김과 달콤한 연유의 환상적인 만남_마라요리와의 찰떡궁합!!,false,https://ldb-phinf.pstatic.net/20191007_151/1570435751707UwQ2O_PNG/cREwidahcT1w5fYcEZk3cZN1.png
1892494826,6,지삼선,15000,15000,15000,,false,https://ldb-phinf.pstatic.net/20191007_27/1570435288142sYmE3_PNG/2_70oB4mO2EcrEXYBEbnnEP_.png
1892494826,7,향라새우,25000,25000,25000,,false,https://ldb-phinf.pstatic.net/20191007_180/1570435314219zrMGn_JPEG/kllHKYF-6WBtcVomts8sd4lZ.jpg
1892494826,8,어향육슬,15000,15000,15000,,false,https://ldb-phinf.pstatic.net/20191007_68/1570435333202L3AWz_JPEG/LoOpVMBZoUPIQKM2FbSa6lEv.jpg
1892494826,9,마파두부,13000,13000,13000,,false,https://ldb-phinf.pstatic.net/20191007_205/1570435374681OyiB6_JPEG/Rw_8Es_stEif9IDyYcQlElMH.jpg
1892494826,10,마라쇼룽샤,32000,32000,32000,,false,
1899169728,0,물냉면,10000,10000,10000,,false,https://ldb-phinf.pstatic.net/20260513_186/1778652274749srabh_JPEG/IMG_1465.jpg
1899169728,1,비빔냉면,11000,11000,11000,,false,https://ldb-phinf.pstatic.net/20260513_118/1778652309935IJCCv_JPEG/IMG_1466.jpg
1899169728,2,경양식왕돈까스,10900,10900,10900,,false,https://ldb-phinf.pstatic.net/20260110_43/1768003160776Fe4pD_PNG/%B4%A9%B3%A2%C1%A6%B0%C5_%B0%E6%BE%E7%BD%C4%BF%D5%B5%B7%B1%EE%BD%BA.png
1899169728,3,야채김밥,4500,4500,4500,,false,https://ldb-phinf.pstatic.net/20240228_7/17091014384577mEUE_JPEG/%BE%DF%C3%A4%B1%E8%B9%E4.jpg
1899169728,4,상아김밥,4800,4800,4800,,true,https://ldb-phinf.pstatic.net/20240228_248/1709101427964rPLN2_JPEG/%BB%F3%BE%C6%B1%E8%B9%E4.jpg
1899169728,5,지단김밥,5000,5000,5000,,false,https://ldb-phinf.pstatic.net/20240228_90/1709101418563WIHTl_JPEG/%C1%F6%B4%DC%B1%E8%B9%E4.jpg
1899169728,6,치즈김밥,4900,4900,4900,,false,https://ldb-phinf.pstatic.net/20240228_241/1709101407694irvSk_JPEG/%C4%A1%C1%EE%B1%E8%B9%E4.jpg
1899169728,7,참치김밥,5600,5600,5600,,false,https://ldb-phinf.pstatic.net/20240228_55/1709101389787UN8LK_JPEG/%C2%FC%C4%A1%B1%E8%B9%E4.jpg
1899169728,8,소고기김밥,5500,5500,5500,,false,https://ldb-phinf.pstatic.net/20240228_264/1709101378604XKVD3_JPEG/%BC%D2%B0%ED%B1%E2%B1%E8%B9%E4.jpg
1899169728,9,참치와사비김밥,5900,5900,5900,"참치, 와사비, 마요네즈, 깻잎이 어우러진 참치맛을 느낄 수 있는 김밥",false,https://ldb-phinf.pstatic.net/20240602_233/1717254279216A7bGh_PNG/%C2%FC%C4%A1%B1%E8%B9%E4.png
1899169728,10,파프리카김밥,6000,6000,6000,,false,https://ldb-phinf.pstatic.net/20240228_12/1709101366689XwtyR_JPEG/%C6%C4%C7%C1%B8%AE%C4%AB%B1%E8%B9%E4.jpg
1899169728,11,어린이김밥,6000,6000,6000,2줄 1세트,false,https://ldb-phinf.pstatic.net/20240228_16/17091013508448APLo_JPEG/%BE%EE%B8%B0%C0%CC%B1%E8%B9%E4.jpg
1899169728,12,묵은지참치김밥,6000,6000,6000,"묵은지, 참치, 마요네즈, 단무지, 당근, 지단이 어우러진 감칠맛 폭발 김밥",false,https://ldb-phinf.pstatic.net/20240602_45/1717254304532ol5eQ_PNG/%B9%AC%C0%BA%C1%F6%C2%FC%C4%A1%B1%E8%B9%E4_%BC%F6%C1%A4.png
1899169728,13,상아키토,6800,6800,6800,,false,https://ldb-phinf.pstatic.net/20240228_283/1709101337218Dnj38_JPEG/%BB%F3%BE%C6%C5%B0%C5%E4.jpg
1899169728,14,파프리카키토,7500,7500,7500,,false,https://ldb-phinf.pstatic.net/20240228_227/1709101295907cXTWD_JPEG/%C6%C4%C7%C1%B8%AE%C4%AB%C5%B0%C5%E4.jpg
1899169728,15,참치마요키토,7300,7300,7300,"참치, 마요네즈, 깻잎, 맛살 등이 어우러진 키토김밥",false,https://ldb-phinf.pstatic.net/20240602_229/1717254326638py4yL_PNG/%C2%FC%C4%A1%BF%CD%BB%E7%BA%F1%C5%B0%C5%E4.png
1899169728,16,참치와사비키토,7500,7500,7500,,true,https://ldb-phinf.pstatic.net/20240228_292/1709101283690jGnjc_JPEG/%C2%FC%C4%A1%BF%CD%BB%E7%BA%F1%C5%B0%C5%E4.jpg
1899169728,17,트리플치즈키토,7700,7700,7700,,false,https://ldb-phinf.pstatic.net/20240228_102/1709101323102vYzGT_JPEG/%C6%AE%B8%AE%C7%C3%C4%A1%C1%EE%C5%B0%C5%E4.jpg
1899169728,18,상아떡볶이,6900,6900,6900,순한맛 / 보통맛 / 매운맛,true,https://ldb-phinf.pstatic.net/20240228_171/1709101246038CVqEJ_JPEG/%B6%B1%BA%BA%C0%CC.jpg
1899169728,19,오뎅볶이,7000,7000,7000,순한맛 / 보통맛 / 매운맛,false,https://ldb-phinf.pstatic.net/20240228_58/17091012360914aHIU_JPEG/%BF%C0%B5%AD%BA%BA%C0%CC.jpg
1899169728,20,치즈떡볶이,8400,8400,8400,순한맛 / 보통맛 / 매운맛,false,https://ldb-phinf.pstatic.net/20240228_123/1709101216016Wm0Ek_JPEG/%C4%A1%C1%EE%B6%B1%BA%BA%C0%CC.jpg
1899169728,21,오뎅탕,6500,6500,6500,보통맛 / 매운맛,false,https://ldb-phinf.pstatic.net/20240228_293/1709101198885GiUP4_JPEG/%BF%C0%B5%AD%C5%C1.jpg
1899169728,22,비빔만두,7500,7500,7500,,false,https://ldb-phinf.pstatic.net/20260110_106/1768003111731AkHxx_PNG/%BA%F1%BA%F6%B8%B8%B5%CE.png
1899169728,23,일반라면,4500,4500,4500,,false,https://ldb-phinf.pstatic.net/20240228_2/1709101188082AI6Tp_JPEG/%B1%E2%BA%BB%B6%F3%B8%E9.jpg
1899169728,24,만두라면,5500,5500,5500,,false,https://ldb-phinf.pstatic.net/20240228_103/1709101173168pAduy_JPEG/%B8%B8%B5%CE%B6%F3%B8%E9.jpg
1899169728,25,치즈라면,5000,5000,5000,,false,https://ldb-phinf.pstatic.net/20240228_201/17091011589860cKyh_JPEG/%C4%A1%C1%EE%B6%F3%B8%E9.jpg
1900625829,0,돼지김치구이(소) 2인분,24000,24000,24000,"tvN 줄서는식당에 방영, 국내산 아삭한 김치와 숙성돼지고기가 한 가득 올라간 돼지김치구이",false,https://ldb-phinf.pstatic.net/20220722_246/1658459910670Wencf_JPEG/a0P2A5850--------------.jpg
1900625829,1,돼지김치구이(중) 3인분,29500,29500,29500,"tvN 줄서는식당에 방영, 국내산 아삭한 김치와 숙성돼지고기가 한 가득 올라간 돼지김치구이",false,https://ldb-phinf.pstatic.net/20220722_162/1658459900176JwbVf_JPEG/a0P2A5850--------------.jpg
1900625829,2,돼지김치구이(대) 4인분,34000,34000,34000,"tvN 줄서는식당에 방영, 국내산 아삭한 김치와 숙성돼지고기가 한 가득 올라간 돼지김치구이",false,https://ldb-phinf.pstatic.net/20220722_276/1658459888661BGBIq_JPEG/a0P2A5850--------------.jpg
1900625829,3,삼산 돼지김치찌개(1인분),9000,9000,9000,"tvN 줄서는식당에 방영, 국내산 아삭한 김치와 숙성돼지고기가 가득올라간 양푼김치찌개",false,https://ldb-phinf.pstatic.net/20220722_214/16584598615349XN2C_PNG/%B5%C5%C1%F6%281280x1280%C0%CC%BB%F3%29_.png
1900625829,4,부대김치찌개(1인분),9000,9000,9000,삼산 김치찌개에 부대사리가 올라간 환상적인 김치부대찌개,false,https://ldb-phinf.pstatic.net/20220722_190/1658459820302NeJC2_PNG/%BA%CE%B4%EB%281280x1280%C0%CC%BB%F3%29_.png
1900625829,5,오뎅김치찌개(1인분),8000,8000,8000,삼산 김치찌개에 오뎅사리가 들어가 개운한 국물이 일품,false,https://ldb-phinf.pstatic.net/20220722_146/1658459809008ANyP7_PNG/%BF%C0%B5%AD%281280x1280%C0%CC%BB%F3%29_.png
1900625829,6,참치김치찌개(1인분),8000,8000,8000,삼산 김치찌개에 참치를 넣어 시원하고 얼큰한 국물이 일품,false,https://ldb-phinf.pstatic.net/20220722_15/1658459774645AwRV7_PNG/%C2%FC%C4%A1%281280x1280%C0%CC%BB%F3%29.png
1900625829,7,시골된장찌개(1인분),8000,8000,8000,구수하고 뜨끈한 국물이 일품,false,https://ldb-phinf.pstatic.net/20220722_1/1658459761383xLQig_JPEG/a0P2A5858-------------.jpg
1900625829,8,옛날계란말이,9000,9000,9000,할머니 인심으로 두툼한 옛날 스타일 계란말이,false,https://ldb-phinf.pstatic.net/20220722_7/16584597440839kwmF_JPEG/a0P2A5659-----------.jpg
1900625829,9,묵사발,5000,5000,5000,,false,https://ldb-phinf.pstatic.net/20220722_7/1658459722196uhSXG_JPEG/a0P2A5598--------------.jpg
1900625829,10,셀프주먹밥,4000,4000,4000,,false,https://ldb-phinf.pstatic.net/20220722_227/1658459713426tkNmU_JPEG/a0P2A5842---------------.jpg
1901521234,0,오투닭갈비,14000,14000,14000,,false,
1901521234,1,치즈듬뿍닭갈비,18000,18000,18000,,false,
1901521234,2,낙지닭갈비,18000,18000,18000,,false,
1901521234,3,부대찌개,10000,10000,10000,,false,
1910738742,0,손손 닭도리탕 (중),32000,32000,32000,"회식, 가족모임 추천 메뉴, 추억 소환 손손 닭도리탕!",false,https://ldb-phinf.pstatic.net/20250405_30/1743791260589E1PGI_JPEG/4_%BC%D5%BC%D5_%B4%DF%B5%B5%B8%AE%C5%C1%28%C1%DF%29.jpg
1910738742,1,손손 닭한마리 칼국수 (중),32000,32000,32000,추억 담은 손손 닭한마리 칼국수!,false,https://ldb-phinf.pstatic.net/20250405_295/1743791292693HrY1I_JPEG/4_%BC%D5%BC%D5_%B4%DF%C7%D1%B8%B6%B8%AE%C4%AE%B1%B9%BC%F6%28%C1%DF%29.jpg
1910738742,2,연탄불 LA갈비 600g,52900,52900,52900,"불향과 단짠의 완벽한 조화, 입에서 살살 녹는 연탄불 LA갈비!",false,https://ldb-phinf.pstatic.net/20250405_127/1743790852693kRIxL_JPEG/1_%BF%AC%C5%BA_LA%B0%A5%BA%F1.jpg
1910738742,3,매운 국물닭발 (무뼈),21900,21900,21900,진하게 우러난 국물에 무뼈 닭발을 듬뿍. 진한 국물 감칠맛으로 스트레스까지 싹!,false,https://ldb-phinf.pstatic.net/20251021_225/17610300342268mnCd_JPEG/%B8%C5%BF%EE%B1%B9%B9%B0%B4%DF%B9%DF.jpg
1910738742,4,해풍 반건조오징어 김치전,15900,15900,15900,"한식 안주에 깊은 풍미 더한 전통 감성, 해풍 반건조오징어 김치전!",false,https://ldb-phinf.pstatic.net/20250405_171/174379103704887EoW_JPEG/3_%BF%C0%C2%A1%BE%EE%B1%E8%C4%A1%C0%FC.jpg
1910738742,5,수제돈까스안주,14900,14900,14900,감성 가득 두툼한 수제돈까스!,false,https://ldb-phinf.pstatic.net/20250405_149/1743791105928z9DxT_JPEG/3_%BF%BE%B3%AF%BF%D5%B5%B7%B1%EE%BD%BA.jpg
1910738742,6,시원한 주전자 막걸리,4900,4900,4900,"옛날 한식 주점 느낌 그대로, 시원한 주전자 막걸리 추천!",false,https://ldb-phinf.pstatic.net/20250405_188/1743790471716KosXw_JPEG/%B8%B7%B0%C9%B8%AE_%C1%D6%C0%FC%C0%DA.jpg
1910738742,7,미숫가루 소주 / 막걸리,10000,10000,10000,"옛날 엄마가 타주던 그 맛, 감성 가득 미숫가루 소주 / 막걸리!",false,https://ldb-phinf.pstatic.net/20250405_237/1743790516574ACRKX_JPEG/%B8%B7%B0%C9%B8%AE_%B9%CC%BC%FD%B0%A1%B7%E7.jpg
1910738742,8,딸바 주전자막걸리,6900,6900,6900,,false,https://ldb-phinf.pstatic.net/20250405_238/1743790547195t59GW_JPEG/%B8%B7%B0%C9%B8%AE_%B5%FE%B1%E2%B9%D9%B3%AA%B3%AA.jpg
1910738742,9,유자 주전자막걸리,6900,6900,6900,"기분 전환이 필요한 날, 향긋한 유자 주전자 막걸리!",false,https://ldb-phinf.pstatic.net/20250405_222/1743790593467Yy85F_JPEG/%B8%B7%B0%C9%B8%AE_%C0%AF%C0%DA.jpg
1910738742,10,청포도 주전자막걸리,6900,6900,6900,"젊은 감성 가득 담은 상큼한 한잔, 청포도 주전자 막걸리!",false,https://ldb-phinf.pstatic.net/20250405_109/1743790610769tCMjM_JPEG/%B8%B7%B0%C9%B8%AE_%C3%BB%C6%F7%B5%B5.jpg
1910738742,11,바나나 주전자막걸리,6900,6900,6900,옛날 바나나 우유의 추억을 담은 바나나 주전자 막걸리!,false,https://ldb-phinf.pstatic.net/20250405_105/17437906301546gqyh_JPEG/%B8%B7%B0%C9%B8%AE_%B9%D9%B3%AA%B3%AA.jpg
1910738742,12,이통일반,10000,10000,10000,"푸짐하게 나눠 마시는 구의역 감성술 한통, 이통일반!",false,https://ldb-phinf.pstatic.net/20250405_16/1743790647818E5wsW_JPEG/7_%C0%CC%C5%EB%C0%CF%B9%DD.jpg
1910738742,13,오십세주,14000,14000,14000,"회식 자리 품격 더해줄 깊은 맛의 전통주, 오십세주!",false,https://ldb-phinf.pstatic.net/20250405_216/1743790664750hv5oR_JPEG/7_%BF%C0%BD%CA%BC%BC%C1%D6.jpg
1910738742,14,일품진로 토닉세트,35000,35000,35000,"입문자도 즐기기 좋은 부드러운 소주 칵테일, 일품진로 토닉세트!",false,https://ldb-phinf.pstatic.net/20250405_60/17437906843732XLVL_JPEG/7_%C0%CF%C7%B0%C1%F8%B7%CE%BC%BC%C6%AE.jpg
1910738742,15,화요 토닉세트,35000,35000,35000,분위기 있는 한잔을 원한다면 추천하는 화요 토닉세트!,false,https://ldb-phinf.pstatic.net/20250405_42/17437907032320gSPV_JPEG/7_%C8%AD%BF%E425%BC%BC%C6%AE.jpg
1910738742,16,콜키지,20000,20000,20000,한 병당 2만원입니다!,false,https://ldb-phinf.pstatic.net/20250405_125/1743790725264benrd_JPEG/7_%C4%DD%C5%B0%C1%F6.jpg
1910738742,17,( 이벤트 ) 생맥주 무료 소주 1샷,0,,,,false,https://ldb-phinf.pstatic.net/20250405_286/1743790779246A49gm_JPEG/6_%BB%FD%B8%C6%C1%D6_%BC%D2%C1%D61%BC%A6_%C3%DF%B0%A1.jpg
1910738742,18,청결연탄사용으로 불맛이 일품,,,,,false,https://ldb-phinf.pstatic.net/20250118_88/1737170310998eGYQQ_JPEG/0._%BC%BC%C6%AE%B8%DE%B4%BA_%BB%E7%C1%F8.jpg
1910738742,19,연탄 무뼈닭발,20900,20900,20900,"불향 가득 매콤한 맛에 손이 가는 술안주, 연탄 무뼈닭발!",false,https://ldb-phinf.pstatic.net/20250405_90/1743790805979JTjBQ_JPEG/1_%BF%AC%C5%BA_%B9%AB%BB%C0%B4%DF%B9%DF.jpg
1910738742,20,연탄 알곱창,20900,20900,20900,"불맛 좋아하는 사람들 사이 핫한 인기 안주, 연탄 알곱창!",false,https://ldb-phinf.pstatic.net/20250405_177/1743790821262QsDD5_JPEG/1_%BF%AC%C5%BA_%BE%CB%B0%F6%C3%A2.jpg
1910738742,21,연탄 고추장불고기,20900,20900,20900,"밥도둑이자 술 안주 끝판왕, 매콤한 연탄 고추장 불고기!",false,https://ldb-phinf.pstatic.net/20250405_37/1743790835936d6y1h_JPEG/1_%BF%AC%C5%BA_%B0%ED%C3%DF%C0%E5%BA%D2%B0%ED%B1%E2.jpg
1910738742,22,골뱅이무침소면,27900,27900,27900,"새콤달콤 매콤하게 버무린 골뱅이에 쫄깃한 소면을 더한, 술이 술술 들어가는 별미 안주",false,https://ldb-phinf.pstatic.net/20260424_65/1777015382624eUuRe_JPEG/KakaoTalk_20260424_093356182.jpg
1910738742,23,연탄불 고등어구이,15900,15900,15900,"옛날 할머니 밥상 떠오르는 정감 가득한, 연탄불 고등어구이!",false,https://ldb-phinf.pstatic.net/20250405_76/1743790893515e5WwC_JPEG/1_%BF%AC%C5%BA_%B0%ED%B5%EE%BE%EE%B1%B8%C0%CC.jpg
1910738742,24,셀프주먹밥,3500,3500,3500,"곁들임 메뉴로 딱! 쓱쓱 비벼 뭉치는 재미, 셀프주먹밥!",false,https://ldb-phinf.pstatic.net/20250405_78/1743790906904fuEWq_JPEG/1_%BC%BF%C7%C1%C1%D6%B8%D4%B9%E4.jpg
1910738742,25,한돈수육 + 돌문어 삼합,34900,34900,34900,"회식·가족모임 인기메뉴, 입 안 가득 풍미 터지는 한돈수육 + 돌문어 삼합!",false,https://ldb-phinf.pstatic.net/20250405_130/17437909324482WW55_JPEG/2_%C7%D1%B5%B7%BC%F6%C0%B0%2B%B9%AE%BE%EE%BC%F7%C8%B8.jpg
1910738742,26,한우 육회,28900,28900,28900,"특별한 날엔 고급 한 점으로 분위기 살리는, 한우 육회!",false,https://ldb-phinf.pstatic.net/20250405_175/1743790946813t9iPT_JPEG/2_%C7%D1%BF%EC%C0%B0%C8%B8.jpg
1910738742,27,산지직송 돌문어숙회,25900,25900,25900,쫄깃한 식감과 해풍의 신선함을 그대로 담은 산지직송 통영 돌문어 숙회!,false,https://ldb-phinf.pstatic.net/20250405_278/17437909620771a5Hl_JPEG/2_%B9%AE%BE%EE%BC%F7%C8%B8.jpg
1910738742,28,당일 삶은 한돈 냉수육,25900,25900,25900,"오늘 삶아 더 맛있는 부드러운 한 점, 당일 삶은 한돈 냉수육!",false,https://ldb-phinf.pstatic.net/20250405_169/1743790980442D9gca_JPEG/2_%C7%D1%B5%B7%B3%C3%BC%F6%C0%B0.jpg
1910738742,29,당일 삶은 한돈 수육,27900,27900,27900,"당일 조리로 더 고소하고 촉촉한 정성 한 접시, 당일 삶은 한돈 수육!",false,https://ldb-phinf.pstatic.net/20250405_156/1743790998971pXQkf_JPEG/2_%C7%D1%B5%B7%BC%F6%C0%B0.jpg
1910738742,30,들기름 계란한판,11900,11900,11900,"들기름 향 가득, 정겨운 한식 밥상 느낌의 들기름 계란한판!",false,https://ldb-phinf.pstatic.net/20250405_56/1743791018175iKihg_JPEG/3__%B5%E9%B1%E2%B8%A7_%B0%E8%B6%F5%C7%D1%C6%C7.jpg
1910738742,31,바삭 누룽지 감자전,15900,15900,15900,담백하고 고소한 맛이 술안주로 딱 좋은 바삭 누룽지 감자전!,false,https://ldb-phinf.pstatic.net/20250405_105/1743791054752JibQn_JPEG/3_%B4%A9%B7%EE%C1%F6%B0%A8%C0%DA%C0%FC.jpg
1910738742,32,미나리 새우전,20900,20900,20900,"입안 가득 퍼지는 미나리 향과 바삭함의 조화, 미나리 새우전!",false,https://ldb-phinf.pstatic.net/20250405_140/1743791069332wuByJ_JPEG/3_%B9%CC%B3%AA%B8%AE%BB%F5%BF%EC%C0%FC.jpg
1910738742,33,차돌박이 육전,21900,21900,21900,"소주 한 잔이 절로 생각나는 정갈한 안주, 차돌박이 육전!",false,https://ldb-phinf.pstatic.net/20250405_206/1743791089445GvCIG_JPEG/3_%C2%F7%B5%B9%B9%DA%C0%CC%C0%B0%C0%FC.jpg
1910738742,34,반마리 / 한마리 후라이드치킨,12900,12900,12900,한 조각에 어릴 적 기억이 떠오르는 바삭한 후라이드치킨!,false,https://ldb-phinf.pstatic.net/20250405_97/1743791137961mSigh_JPEG/3_%BF%BE%B3%AF_%C5%EB%B4%DF%28%B9%DD%29.jpg
1910738742,35,반마리 / 한마리 간장치킨,13900,13900,13900,아이부터 어른까지 모두 좋아하는 달콤짭짤한 간장치킨!,false,https://ldb-phinf.pstatic.net/20250405_220/1743791162681YYnrK_JPEG/3_%BF%BE%B3%AF_%B0%A3%C0%E5%C5%EB%B4%DF%28%B9%DD%29.jpg
1910738742,36,반마리 / 한마리 양념치킨,13900,13900,13900,치킨의 정석! 단짠매콤 조합으로 즐기는 양념치킨!,false,https://ldb-phinf.pstatic.net/20250405_184/1743791184629K2mlM_JPEG/3_%BF%BE%B3%AF_%BE%E7%B3%E4%C5%EB%B4%DF%28%B9%DD%29.jpg
1910738742,37,감자튀김,7500,7500,7500,"맥주 한잔에 빠질 수 없는 바삭한 기본 안주, 감자튀김!",false,https://ldb-phinf.pstatic.net/20250405_108/17437912120195rpd7_JPEG/3__%B0%A8%C0%DA%C6%A2%B1%E8.jpg
1910738742,38,트러플 감자튀김,8900,8900,8900,감자튀김 한 조각도 특별하게 즐기는 트러플 감자튀김!,false,https://ldb-phinf.pstatic.net/20250405_112/17437912262110i799_JPEG/3_%C6%AE%B7%AF%C7%C3_%B0%A8%C0%DA%C6%A2%B1%E8.jpg
1910738742,39,허니버터 감자튀김,8900,8900,8900,버터 풍미에 달콤한 꿀 한 스푼 더한 허니버터 감자튀김!,false,https://ldb-phinf.pstatic.net/20250405_125/1743791245051iAO6E_JPEG/3_%C7%E3%B4%CF%B9%F6%C5%CD_%B0%A8%C0%DA%C6%A2%B1%E8.jpg
1910738742,40,계란찜탕,9900,9900,9900,"온기 가득한 집밥 감성 담은 따뜻한 한 그릇, 계란찜탕!",false,https://ldb-phinf.pstatic.net/20250405_169/1743791333592Y8P1V_JPEG/4_%B0%E8%B6%F5%C2%F2%C5%C1.jpg
1910738742,41,애호박 고추장찌개,15900,15900,15900,"집밥 같은 따뜻한 정성이 느껴지는 국물 메뉴, 애호박 고추장찌개!",false,https://ldb-phinf.pstatic.net/20250405_202/17437913484119IYak_JPEG/4_%BE%D6%C8%A3%B9%DA%B0%ED%C3%DF%C0%E5%C2%EE%B0%B3.jpg
1910738742,42,냉이된장술밥,11900,11900,11900,향긋한 냉이 향과 구수한 국물 맛이 어우러진 냉이된장술밥!,false,https://ldb-phinf.pstatic.net/20250405_17/1743791369458eK281_JPEG/4_%B3%C3%C0%CC%B5%C8%C0%E5%BC%FA%B9%E4.jpg
1910738742,43,사골 황태해장국,18900,18900,18900,진한 사골육수에 황태의 깊은 맛을 더한 사골 황태해장국!,false,https://ldb-phinf.pstatic.net/20250405_6/1743791388044Q3vD3_JPEG/4_%BD%C3%B0%F1%C8%B2%C7%D8%C0%E5%B1%B9.jpg
1910738742,44,전라도 묵은지 김치찌개,18900,18900,18900,잘 익은 묵은지에 밥 비벼 먹고 싶은 전라도 묵은지 김치찌개!,false,https://ldb-phinf.pstatic.net/20250405_1/1743791410618noI1X_JPEG/4_%C0%FC%B6%F3%B5%B5_%B9%AC%C0%BA%C1%F6_%B1%E8%C4%A1%C2%EE%B0%B3.jpg
1910738742,45,홍합 골뱅이탕,23000,23000,23000,"해장도 술안주도 제대로 되는 깊은 국물맛, 홍합 골뱅이탕!",false,https://ldb-phinf.pstatic.net/20250405_132/1743791430986JJeWb_JPEG/4_%C8%AB%C7%D5%B0%F1%BA%AC%C0%CC%C5%C1.jpg
1910738742,46,셀프 마무리 볶음밥,3000,3000,3000,"든든하게 끝내고 싶을 때, 꼭 필요한 한 접시 셀프 마무리 볶음밥!",false,https://ldb-phinf.pstatic.net/20250405_222/1743791450008OSfIp_JPEG/5_%B8%B6%B9%AB%B8%AE%BA%BA%C0%BD%B9%E4.jpg
1910738742,47,공기밥,1000,1000,1000,"따뜻한 밥 한 공기가 주는 든든함, 공기밥!",false,https://ldb-phinf.pstatic.net/20250405_291/1743791464167D4YiK_JPEG/5_%B0%F8%B1%E2%B9%E4.jpg
1910738742,48,마가린 간장계란밥,4000,4000,4000,"어른이 되어도 잊지 못할 소울푸드, 마가린 간장계란밥!",false,https://ldb-phinf.pstatic.net/20250405_166/1743791488502bOSXY_JPEG/6_%B8%B6%B0%A1%B8%B0_%B0%A3%C0%E5%B0%E8%B6%F5%B9%E4.jpg
1910738742,49,설탕 꿀토마토,8900,8900,8900,"달달한 설탕과 꿀이 더해진 추억의 맛, 설탕 꿀토마토!",false,https://ldb-phinf.pstatic.net/20250405_62/1743791502867Ca6yW_JPEG/6_%BC%B3%C5%C1_%B2%DC%C5%E4%B8%B6%C5%E4.jpg
1910738742,50,치즈 라볶이,9900,9900,9900,떡볶이와 라면의 환상 궁합에 치즈까지 더한 치즈 라볶이!,false,https://ldb-phinf.pstatic.net/20250405_122/1743791517007ESrJ6_JPEG/6_%C4%A1%C1%EE%B6%F3%BA%BA%C0%CC.jpg
1910738742,51,들기름 막국수,9900,9900,9900,고소한 들기름 향이 면발에 촉촉히 배인 들기름 막국수!,false,https://ldb-phinf.pstatic.net/20250405_118/1743791537176JS0MQ_JPEG/6_%B5%E9%B1%E2%B8%A7_%B8%B7%B1%B9%BC%F6.jpg
1910738742,52,씨앗호떡과 아이스크림,12900,12900,12900,"식후 입가심으로 딱 좋은 달콤한 한 접시, 씨앗호떡과 아이스크림!",false,https://ldb-phinf.pstatic.net/20250405_133/1743791570135wvYDI_JPEG/6_%BE%BE%BE%D1%C8%A3%B6%B1%B0%FA_%BE%C6%C0%CC%BD%BA%C5%A9%B8%B2.jpg
1910738742,53,옛날 팥빙수,13900,13900,13900,"팥, 떡, 연유 듬뿍! 그 시절 감성 그대로 담은 옛날 팥빙수!",false,https://ldb-phinf.pstatic.net/20250405_127/1743791595949IAOyE_JPEG/6_%BF%BE%B3%AF_%C6%CF%BA%F9%BC%F6.jpg
1933177351,0,디럭스 스택 세트,15400,15400,15400,"60g 패티 2장, 아메리칸 치즈, 케찹,마요네즈,머스타드, 토마토, 양상추, 프렌치프라이",false,https://ldb-phinf.pstatic.net/20251229_220/1767019188601cUbxx_JPEG/MasiLab_0902_BK_034-1%C4%ED%C6%CE%BF%EB.jpg
1933177351,1,치즈 스택 세트,15400,15400,15400,"60g 패티 2장, 아메리칸 치즈, 프렌치프라이",false,https://ldb-phinf.pstatic.net/20251229_180/1767019175889y5be0_JPEG/MasiLab_0902_BK_021-1%C4%ED%C6%CE%BF%EB.jpg
1933177351,2,베이컨 잼 스택 세트,15400,15400,15400,"60g 패티 2장, 마일드 체다, 베이컨 잼, 프렌치프라이",false,https://ldb-phinf.pstatic.net/20260304_111/1772608778564t9hjb_JPEG/SET_3.jpg
1933177351,3,포테이토 스프,5500,5500,5500,,false,https://ldb-phinf.pstatic.net/20260304_272/17726098167736LChj_JPEG/%B0%A8%C0%DA%BD%BA%C7%C1_%C5%D7%C0%CC%BA%ED%B8%B5_2000x1393.jpg
1933177351,4,더 치즈버거,9800,9800,9800,"아메리칸 치즈, 구운양파",false,https://ldb-phinf.pstatic.net/20250709_94/1752025615658yutYz_JPEG/%C4%A1%C1%EE%B9%F6%B0%C5.jpg
1933177351,5,브루클린 웍스,12500,12500,12500,"아메리칸 치즈, 베이컨, 양상추, 양파, 토마토, 피클, 홈메이드소스",true,https://ldb-phinf.pstatic.net/20250709_51/1752025598881lzSjo_JPEG/%BA%EA%B7%E7%C5%AC%B8%B0_%BF%F7%BD%BA.jpg
1933177351,6,크.림.,12200,12200,12200,"마일드 체다, 베이컨, 홀스래디쉬 마요",false,https://ldb-phinf.pstatic.net/20250709_225/1752025582082kC6gS_JPEG/%C5%A9.%B8%B2..jpg
1933177351,7,치즈스커트,12800,12800,12800,"구운마일드 체다, 아메리칸 치즈, 양상추, 토마토, 양파",false,https://ldb-phinf.pstatic.net/20250709_220/1752025556567YmCHY_JPEG/%C4%A1%C1%EE%BD%BA%C4%BF%C6%AE.jpg
1933177351,8,뉴 멕시코,12000,12000,12000,"몬테레이잭치즈, 할라피뇨 스프레드",false,https://ldb-phinf.pstatic.net/20250709_229/1752025535593TFRSU_JPEG/%B4%BA%B8%DF%BD%C3%C4%DA.jpg
1933177351,9,리얼 맥코이,12000,12000,12000,"아메리칸 치즈2장, 양파, 베이컨",false,https://ldb-phinf.pstatic.net/20250709_41/1752025523931MXvHV_JPEG/%B8%AE%BE%F3%B8%C6%C4%DA%C0%CC.jpg
1933177351,10,냅킨 플리즈,13200,13200,13200,"패티, 비프 칠리, 아메리칸 치즈",false,https://ldb-phinf.pstatic.net/20250709_100/1752025480381Ek3jn_JPEG/%B3%C0%C5%B2_%C7%C3%B8%AE%C1%EE.jpg
1933177351,11,버르게리타,13700,13700,13700,"썬드라이드 토마토, 모짜렐라, 구운파마산 치즈, 바질",false,https://ldb-phinf.pstatic.net/20250709_236/1752024654621FKlTB_JPEG/%B9%F6%B8%A3%B0%D4%B8%AE%C5%B8.jpg
1933177351,12,페퍼스 딜라이트,13700,13700,13700,"페퍼잭치즈, 스파이시크림치즈스프레드, 베이컨, 캔디드할라피뇨",false,https://ldb-phinf.pstatic.net/20250709_275/175202467360724FnK_JPEG/%C6%E4%C6%DB%BD%BA_%B5%F4%B6%F3%C0%CC%C6%AE.jpg
1933177351,13,판타스틱 4,15600,15600,15600,"60g 패티 4장, 아메리칸치즈 2장",false,https://ldb-phinf.pstatic.net/20250709_18/1752024610676N6i1E_JPEG/%C6%C7%C5%B8%BD%BA%C6%BD_4.jpg
1933177351,14,램버거,14300,14300,14300,"양고기 패티, 양상추, 양파 슬라이스, 큐민 마요",false,https://ldb-phinf.pstatic.net/20250709_272/1752024575235U4nzQ_JPEG/%B7%A5%B9%F6%B0%C5.jpg
1933177351,15,프렌치 프라이즈,8800,8800,8800,,false,https://ldb-phinf.pstatic.net/20250709_50/1752024264341bXPlo_JPEG/%C7%C1%B7%BB%C4%A1_%C7%C1%B6%F3%C0%CC%C1%EE.jpg
1933177351,16,치즈 프라이즈,10500,10500,10500,,false,https://ldb-phinf.pstatic.net/20250709_41/1752024252931E8yqt_JPEG/%C4%A1%C1%EE_%C7%C1%B6%F3%C0%CC%C1%EE.jpg
1933177351,17,칠리 치즈 프라이즈,14700,14700,14700,,false,https://ldb-phinf.pstatic.net/20250709_119/17520242397939bRfF_JPEG/%C4%A5%B8%AE%C4%A1%C1%EE_%C7%C1%B6%F3%C0%CC%C1%EE.jpg
1933177351,18,고구마 프라이즈,12600,12600,12600,,false,https://ldb-phinf.pstatic.net/20250709_123/1752024227002LuE38_JPEG/%B0%ED%B1%B8%B8%B6_%C7%C1%B6%F3%C0%CC%C1%EE.jpg
1933177351,19,베이컨 치즈 프라이즈 with사워크림,14600,14600,14600,,false,https://ldb-phinf.pstatic.net/20250709_241/1752024216466TvtbM_JPEG/%BA%A3%C0%CC%C4%C1_%C4%A1%C1%EE_%C7%C1%B6%F3%C0%CC%C1%EE.jpg
1933177351,20,어니언링,14800,14800,14800,,false,https://ldb-phinf.pstatic.net/20250709_154/1752024204713np0tp_JPEG/%BE%EE%B4%CF%BE%F0_%B8%B5.jpg
1933177351,21,트리오,18500,18500,18500,프렌치프라이 + 고구마프라이 + 어니언링,false,https://ldb-phinf.pstatic.net/20250709_158/1752024181953GqUBu_JPEG/%C6%AE%B8%AE%BF%C0.jpg
1933177351,22,치즈브릭,5800,5800,5800,,false,https://ldb-phinf.pstatic.net/20260421_274/1776756103374QXt9z_JPEG/%BA%EA%B7%E7%C5%AC%B8%B0_%C4%A1%C1%EE%BA%EA%B8%AF_%B1%E2%BA%BB_4032x3024px.jpg
1933177351,23,핫 윙 (4pcs),12500,12500,12500,,false,https://ldb-phinf.pstatic.net/20251229_190/1767018273426boKIW_JPEG/%C7%D6%C0%AE_%C4%ED%C6%CE.jpg
1933177351,24,BBQ 윙 (4pcs),12500,12500,12500,,false,https://ldb-phinf.pstatic.net/20251229_190/1767018297556o9JdH_JPEG/BBQ_%C4%ED%C6%CE.jpg
1933177351,25,코울슬로,7500,7500,7500,,false,https://ldb-phinf.pstatic.net/20250709_160/17520241493496FLtW_JPEG/%C4%DA%BF%EF%BD%BD%B7%CE.jpg
1933177351,26,콘샐러드 with프리토스,7500,7500,7500,,false,https://ldb-phinf.pstatic.net/20250709_127/1752024137344dnOyT_JPEG/%C4%DC%BB%F8%B7%AF%B5%E5_WITH_%C7%C1%B8%AE%C5%E4%BD%BA.jpg
1933177351,27,코울슬로와 콘샐러드,7800,7800,7800,,false,https://ldb-phinf.pstatic.net/20250709_154/1752024123708Hw98r_JPEG/%C4%DA%BF%EF%BD%BD%B7%CE%BF%CD_%C4%DC%BB%F8%B7%AF%B5%E5_WITH_%C7%C1%B8%AE%C5%E4%BD%BA.jpg
1933177351,28,칠리컵 with프리토스,8500,8500,8500,,false,https://ldb-phinf.pstatic.net/20250709_199/1752023751899BLvuz_JPEG/%C4%A5%B8%AE%C4%C5_WITH_%C7%C1%B8%AE%C5%E4%BD%BA.jpg
1933177351,29,바닐라 클래식 쉐이크,7800,7800,7800,,false,https://ldb-phinf.pstatic.net/20250709_211/1752022658404tr9PU_JPEG/%B9%D9%B4%D2%B6%F3_%C5%AC%B7%A1%BD%C4_2.jpg
1933177351,30,오레오 쉐이크,8500,8500,8500,,false,https://ldb-phinf.pstatic.net/20250709_30/1752022645745nfWnH_JPEG/%BF%C0%B7%B9%BF%C0_%BD%A6%C0%CC%C5%A92.jpg
1933177351,31,스트로베리 쉐이크,7800,7800,7800,,false,https://ldb-phinf.pstatic.net/20250709_134/1752022635162ENtlW_JPEG/%BD%BA%C6%AE%B7%CE%BA%A3%B8%AE_%BD%A6%C0%CC%C5%A9_2.jpg
1933177351,32,초콜렛 쉐이크,7800,7800,7800,,false,https://ldb-phinf.pstatic.net/20250709_176/1752022624002Y1i0l_JPEG/%C3%CA%C4%DD%B7%BF_%BD%A6%C0%CC%C5%A92.jpg
1933177351,33,누텔라와 구운 마쉬멜로우 쉐이크,8900,8900,8900,,false,https://ldb-phinf.pstatic.net/20250709_248/1752022606313uJvyD_JPEG/%B4%A9%C5%DA%B6%F3%BF%CD_%B1%B8%BF%EE_%B8%B6%BD%AC%B8%E1%B7%CE.jpg
1933177351,34,진저에일과 라임,6300,6300,6300,,false,https://ldb-phinf.pstatic.net/20250709_284/1752022584915Ovhol_JPEG/%C4%ED%C6%CE%BF%EB_%C1%F8%C0%FA%BF%A1%C0%CF%B0%FA_%B6%F3%C0%D3.jpg
1933177351,35,펩시와 레몬,6300,6300,6300,,false,https://ldb-phinf.pstatic.net/20250709_45/1752022575836HqBVD_JPEG/%C4%ED%C6%CE%BF%EB_%C6%E9%BD%C3%BF%CD_%B7%B9%B8%F3.jpg
1934188515,0,곰솥어묵탕,26000,26000,26000,푸짐한 기본채소와 특제육수 ! 8가지 다른맛의 으뜸어묵 ! 얼큰소스 추가도 있습니다^.^,true,https://ldb-phinf.pstatic.net/20230202_83/1675323842391N1G5h_JPEG/%B0%F5%BC%DC%BE%EE%B9%AC%C5%C1_1.jpg
1934188515,1,곱창떡볶이,17000,17000,17000,이것은 떡볶이인가 곱창인가 특제소스와 어우러져 조리되는 불맛가득 볶음떡볶이,true,https://ldb-phinf.pstatic.net/20230202_28/1675323899777FNsQ1_JPEG/%B0%F6%C3%A2%B6%B1%BA%BA%C0%CC_1.jpg
1934188515,2,어묵튀김떡볶이,22000,22000,22000,수제어묵튀김과 해물듬뿍떡볶이의 환상조합!! 최고인기메뉴 중 하나!,false,https://ldb-phinf.pstatic.net/20230202_205/1675323920074d82se_JPEG/%BE%EE%B9%AC%C6%A2%B1%E8%B6%B1%BA%BA%C0%CC.jpg
1934188515,3,해물떡볶이,17000,17000,17000,"꽃게, 홍합, 오징어, 새우가 들어가는 해물한가득 떡볶이!",false,https://ldb-phinf.pstatic.net/20230202_127/1675323945207suaXq_JPEG/%C7%D8%B9%B0%B6%B1%BA%BA%C0%CC.jpg
1934188515,4,차돌떡볶이,17000,17000,17000,반박불가 차돌의 맛과 맞닿음 특제소스 떡볶이가 어우러져 너무 맛있는 떡볶이!!,false,https://ldb-phinf.pstatic.net/20230202_14/1675325588539xNNEg_JPEG/%C2%F7%B5%B9%B6%B1%BA%BA%C0%CC.jpg
1934188515,5,야채곱창순대볶음,20000,20000,20000,매콤한 곱창에 순대듬뿍 야채듬뿍 볶아주면 끝,false,https://ldb-phinf.pstatic.net/20230202_299/16753256144945J31S_PNG/%BE%DF%C3%A4%B0%F6%C3%A2%BC%F8%B4%EB%BA%BA%C0%BD.png
1934188515,6,어묵갈릭볶음밥,8500,8500,8500,생선살 90% 와 고급 타피오카전분이 들어간 어묵과 갈릭볶음밥 조합! 새우튀김은 덤!!,false,https://ldb-phinf.pstatic.net/20230202_68/1675325637328g2dSO_JPEG/%BE%EE%B9%AC%B0%A5%B8%AF%BA%BA%C0%BD%B9%E4.jpg
1934188515,7,몽땅튀김모듬,19000,19000,19000,기름을 자주 갈아줘 깨끗하게 튀겨내는 모듬튀김!,false,https://ldb-phinf.pstatic.net/20230202_53/1675325668563J4JJq_JPEG/%B8%F9%B6%A5%C6%A2%B1%E8%B8%F0%B5%EB.jpg
1934188515,8,왕새우튀김,16000,16000,16000,,false,https://ldb-phinf.pstatic.net/20230202_117/1675325703480Ta8uX_PNG/%BF%D5%BB%F5%BF%EC%C6%A2%B1%E8.png
19367147,0,고구마골드피자,18000,18000,18000,"신선한 야체, 아몬드, 달콤한 고구마에 엣지를 고구마와 체다치즈로 맛을 더한 환상적인 맛의 피노피자 대표피자",false,https://ldb-phinf.pstatic.net/20190717_148/1563336712813Ekm2H_JPEG/1HdiuWw0_cFF4Sg4Ei_ZHNPX.jpg
19367147,1,페파로니,14000,14000,14000,최상급의 페파로니와 자연산치즈가 어우러진 환상의 맛,false,
19367147,2,고구마피자,15000,15000,15000,"신선한 야채, 아몬드, 달콤한 고구마에 체다치즈로 밋을 더한 환상의맛",false,
19367147,3,단호박피자,15000,15000,15000,"신선한 야체, 아몬드, 달콤한 단호박에 체다치즈로 맛을 더한 환상의 맛",false,
1944794455,0,뿌님팟퐁커리,24000,24000,24000,튀긴 소프트 크랩과 코코넛 밀크로 풍미를 살린 태국식 커리요리,true,https://ldb-phinf.pstatic.net/20260411_209/1775897449773apAVB_JPEG/%BB%D1%B4%D4.jpg
1944794455,1,꿍팟퐁커리,18000,18000,18000,"튀긴 생 새우와 코코넛 밀크로 풍미를 살인
태국 커리 요리",false,https://ldb-phinf.pstatic.net/20260411_167/17758974803473mxvv_JPEG/%B2%E1_%C6%CC%C6%FE%C4%BF%B8%AE.png.jpg
1944794455,2,태국식 매실 탕수육,18000,18000,18000,"바삭하게 튀긴 돼지고기 등심고기에 태국 매실소스를
넣어 볶아낸 요리",false,https://ldb-phinf.pstatic.net/20240616_65/171853164309379NKO_JPEG/%C4%A1%C5%B2%B8%C5%BD%C7%C5%C1%BC%F6.jpg
1944794455,3,스윗칠리새우,18000,18000,18000,"튀긴 새우에 각종 야채, 과일등과 함께 새콤,달콤,매콤한 소스로 볶아낸 요리",false,https://ldb-phinf.pstatic.net/20240504_48/1714822478628ERbdO_JPEG/%C5%A9%B1%E2%BA%AF%C8%AF%BD%BA%C0%AD%C6%AE_%C4%A5%B8%AE_%BB%F5%BF%EC_%B2%E1%BD%D3%B7%D4.jpg
1944794455,4,똠양꿍,15000,15000,15000,"새우와 버섯, 야채가 들어간 매콤 새콤한 맛에
코코넛 밀크로 풍미를 살린 태국 전통 스프",false,https://ldb-phinf.pstatic.net/20240630_167/1719687401851hTHjV_JPEG/c%BE%E7%B2%DA_%284%29.jpg
1944794455,5,타마린소스와 코코넛치킨,14000,14000,14000,코코넛밀크로 마리네이드 된 닭다리살과 타마린소스를 곁들인 음식,false,https://ldb-phinf.pstatic.net/20240504_179/1714822519111p0ob5_JPEG/%C4%DA%C4%DA%B3%D3%C4%A1%C5%B2.jpg
1944794455,6,팟타이 꿍,12500,12500,12500,타마린소스와 새우 야채를 넣어 볶아낸 태국의 대표적인 볶음 쌀국수,true,https://ldb-phinf.pstatic.net/20240504_136/1714823984441geU9K_JPEG/%C5%A9%B1%E2%BA%AF%C8%AF0227-0104.jpg
1944794455,7,치킨 팟타이,12500,12500,12500,"타마린소스와 닭다리살,야채를 넣어 볶아낸 태국의 볶음 쌀국수",false,https://ldb-phinf.pstatic.net/20260411_59/177589759558504MKo_JPEG/%C4%A1%C5%B4_%C6%CC%C5%B8%C0%CC.jpg
1944794455,8,나시고랭,12000,12000,12000,"닭다리살과 새우,각종 야채등을 감칠맛 나는 소스로 볶은 인도네시아 대표 볶음밥",false,https://ldb-phinf.pstatic.net/20260411_3/1775897616151z2T77_JPEG/%B3%AA%BD%C3%B0%ED%B7%A9.jpg
1944794455,9,미고랭,12000,12000,12000,"닭다리살과 새우 오징어를 고랭소스로 볶아낸
인도네시아의 대표적인 볶음면입니다",false,https://ldb-phinf.pstatic.net/20250316_94/1742111444587XT75p_JPEG/KakaoTalk_20240817_175128724.jpg
1944794455,10,매운해산물 팟타이,13000,13000,13000,마마스포만의 매운 소스로 볶아낸 볶음 쌀국수,false,https://ldb-phinf.pstatic.net/20240520_146/1716209296805HwAyE_JPEG/%B8%C5%C7%D8%C6%CC.jpg
1944794455,11,해산물 볶음밥,11500,11500,11500,다양한 해산물에 각종 야채와 계란을 넣고 볶아낸 담백한 볶음밥,false,https://ldb-phinf.pstatic.net/20260411_95/1775897630041axJC0_JPEG/%C7%D8%BB%EA%B9%B0_%BA%BA%C0%BD%B9%E4.jpg
1944794455,12,매운해산물볶음밥,11500,11500,11500,"다양한 해산물에 각종 야채, 계란을 넣고 마마스포만의 매운소스로 볶아낸 매운 볶음밥",false,https://ldb-phinf.pstatic.net/20240523_276/1716392183799pbpi8_JPEG/%B8%C5%C7%D8%BA%BA.jpg
1944794455,13,팟카파오 무쌉,11000,11000,11000,태국식 매콤한 돼지고기바질덮밥,false,https://ldb-phinf.pstatic.net/20260411_254/1775897639838P67FN_JPEG/%C6%CC%C4%AB%C6%C4%BF%C0_%B9%AB%BD%D4.jpg
1944794455,14,분짜,12500,12500,12500,"직화로 구운 돼지고기와 신선한 야채를
느억짬 소스를 함께 적셔 먹는 쌀국수",false,https://ldb-phinf.pstatic.net/20240621_140/1718925162168Ja0mX_JPEG/20240620_143729.jpg
1944794455,15,힘줄쌀국수,13000,13000,13000,쫀득한 힘줄을 단독으로 즐기실 수 있는 쌀국수입니다,false,https://ldb-phinf.pstatic.net/20260221_291/1771658880688I1ueo_JPEG/%BD%BA%C1%F6.png.jpg
1944794455,16,똠양쌀국수,12500,12500,12500,매콤하고 시고 달콤한 맛이 어울러진 쌀국수,true,https://ldb-phinf.pstatic.net/20260411_255/1775897904979QMaqE_JPEG/c%BE%E4%BD%D2%B1%B9%BC%F6.jpg
1944794455,17,숯불 돼지고기 쌀국수,11500,11500,11500,"직화로 구운 돼지고기와,부추와 버섯이 듬뿍 들어간 건강 쌀국수",false,https://ldb-phinf.pstatic.net/20260411_277/1775897668677gYOBS_JPEG/%BD%A1%BA%D2_%BA%CE%C3%DF_%B5%C5%C1%F6%B0%ED%B1%E2_%BD%D2%B1%B9%BC%F6.jpg
1944794455,18,해산물쌀국수,12000,12000,12000,"홍합,새우,오징어,생합 등의 해산물이 들어가 있는 쌀국수",false,https://ldb-phinf.pstatic.net/20260411_7/1775897975037GbVtC_JPEG/%C7%D8%BB%EA%B9%B0_%BD%D2%B1%B9%BC%F6.jpg
1944794455,19,타이갈릭 쌀국수,12500,12500,12500,"콤보 쌀국수에 갈릭 후레이크와 타이 고추를 넣은
매콤한 맛을 느낄 수 있는 쌀국수",false,https://ldb-phinf.pstatic.net/20260508_267/1778251288636EcdYc_JPEG/%C5%B8%C0%CC%B0%A5%B8%AF_%BD%D2%B1%B9%BC%F6.jpg
1944794455,20,매운 소고기쌀국수,12000,12000,12000,마마스포의 시그니처 칠리로 끓인 매운 쌀국수,false,https://ldb-phinf.pstatic.net/20260411_39/1775897884560RlnYY_JPEG/%B8%C5%BF%EE%BC%D2%B0%ED%B1%E2.jpg
1944794455,21,콤보쌀국수,12000,12000,12000,우목심과 양지를 푸짐하게 즐길 수 있는 쌀국수,false,https://ldb-phinf.pstatic.net/20260411_254/17758976885811XwDs_JPEG/%C4%DE%BA%B8_%BD%D2%B1%B9%BC%F6.jpg
1944794455,22,소고기 쌀국수,11500,11500,11500,전각을 부드럽게 데친 소고기 쌀국수,false,https://ldb-phinf.pstatic.net/20260411_211/1775897828165ofFx9_JPEG/%BC%D2%B0%ED%B1%E2.jpg
1944794455,23,차돌쌀국수,12500,12500,12500,얇고 부드러운 진짜 차돌의 감칠맛을 느낄 수 있는 쌀국수,false,https://ldb-phinf.pstatic.net/20260411_115/1775897870078ubVF6_JPEG/%C2%F7%B5%B9_%BD%D2%B1%B9%BC%F6.jpg
1944794455,24,양지쌀국수,10500,10500,10500,마마스포의 가장 기본적인 양지를 넣은 쌀국수,false,https://ldb-phinf.pstatic.net/20260411_65/1775898000694jLowo_JPEG/%BE%E7%C1%F6_%BD%D2%B1%B9%BC%F6.jpg
1944794455,25,코코넛 새우 4pcs,4500,4500,4500,코코넛 채와 새우를 함께 튀겨낸 음식,false,https://ldb-phinf.pstatic.net/20250316_64/17421113164910CpFt_JPEG/KakaoTalk_20250316_161621788.jpg
1944794455,26,텃만쿵 4pcs,5500,5500,5500,태국식 다진 새우살 튀김,false,https://ldb-phinf.pstatic.net/20240504_108/1714827392505RNjj8_JPEG/%C5%A9%B1%E2%BA%AF%C8%AF%C5%D4%B8%C1%C4%F4.jpg
1944794455,27,새우완자튀김,4500,4500,4500,태국식 새우만두 튀김,false,https://ldb-phinf.pstatic.net/20240504_10/1714827429182teTL6_JPEG/%C5%A9%B1%E2%BA%AF%C8%AF%BB%F5%BF%EC%BF%CF%C0%DA_6P.jpg
1944794455,28,짜조 4pcs,4500,4500,4500,,false,https://ldb-phinf.pstatic.net/20240504_100/1714827277466vram6_JPEG/%C5%A9%B1%E2%BA%AF%C8%AF%C2%A5%C1%B6.jpg
1944794455,29,버팔로 윙,5500,5500,5500,,false,https://ldb-phinf.pstatic.net/20240504_154/1714827466142FA3yN_JPEG/%C5%A9%B1%E2%BA%AF%C8%AF%B9%F6%C6%C8%B7%CE%C0%AE.jpg
1944794455,30,버팔로 봉,5500,5500,5500,,false,https://ldb-phinf.pstatic.net/20240504_143/1714827485991bJWCe_JPEG/%C5%A9%B1%E2%BA%AF%C8%AF%B9%F6%C6%C8%B7%CE%BA%C0.jpg
1944794455,31,콜라,2000,2000,2000,,false,
1944794455,32,코카콜라 제로,2000,2000,2000,,false,
1944794455,33,펩시제로콜라,2000,2000,2000,,false,
1947840094,0,한우 생 갈비살(400g),60000,60000,60000,,false,
1947840094,1,한돈 수제 돼지갈비 (250g),14000,14000,14000,,false,
1947840094,2,목살갈비 양념구이 (250g),15000,15000,15000,,false,
1947840094,3,삼겹살 (200g),13000,13000,13000,,false,
1947840094,4,왕 갈비탕,9000,9000,9000,,false,
1947840094,5,숯불양념구이정식,9000,9000,9000,공기밥+된장찌개,false,
1947840094,6,막국수,6000,6000,6000,,false,
1959721433,0,2인 탄탄세트,29800,29800,29800,2인을 위한 탄탄면 2그릇+BIG육고명튀김교자(2pcs)+바삭순살닭튀김(150g),true,https://ldb-phinf.pstatic.net/20240416_286/171322502151312oEp_JPEG/_2-%BC%BC%C6%AE%B8%DE%B4%BA-2%C0%CE-%C5%BA%C5%BA%BC%BC%C6%AE%28%C5%BA%C5%BA%B8%E92%2B%BB%E7%C0%CC%B5%E5%BB%F9%C7%C3%B7%AF%29_%A1%DA.jpg
1959721433,1,탄탄새우세트,15000,15000,15000,1인을 위한 탄탄면 1그릇+크림새우(3pcs),false,https://ldb-phinf.pstatic.net/20260224_197/1771898694877c2jfI_PNG/%BC%BC%C6%AE-%C5%BA%C5%BA%BB%F5%BF%EC%BC%BC%C6%AE.png
1959721433,2,탄탄교자세트,14300,14300,14300,1인을 위한 탄탄면 1그릇+BIG육고명튀김교자(2pcs),false,https://ldb-phinf.pstatic.net/20240416_103/1713225032395VtPK8_JPEG/_1-%BC%BC%C6%AE%B8%DE%B4%BA-%C5%BA%C5%BA%B1%B3%C0%DA%BC%BC%C6%AE%28%C5%BA%C5%BA%B8%E9%2BBIG%C0%B0%B0%ED%B8%ED%C6%A2%B1%E8%B1%B3%C0%DA2ea%29_%A1%DA.jpg
1959721433,3,1인 혼탄세트,13800,13800,13800,1인을 위한 탄탄면 1그릇+간장계란밥,false,https://ldb-phinf.pstatic.net/20220607_15/1654602611206tUwdw_JPEG/1_%BC%BC%C6%AE%B8%DE%B4%BA-1%C0%CE-%C8%A5%C5%BA%BC%BC%C6%AE%28%C5%BA%C5%BA%B8%E9%2B%B8%B6%BE%E0%B0%A3%C0%E5%B0%E8%B6%F5%B9%E4%29.jpg
1959721433,4,탄탄면,10800,10800,10800,탄탄면공방 시그니처 메뉴,true,https://ldb-phinf.pstatic.net/20211020_257/1634693634382bhGOQ_JPEG/gN2TaO1zXhZoJL6IC9W78AfG.jpg
1959721433,5,얼큰탄탄국밥,9800,9800,9800,얼큰한 탄탄국물로 즐기는 속풀이 탄탄국밥,false,https://ldb-phinf.pstatic.net/20260605_121/1780622742766ngbD6_JPEG/%B8%DE%C0%CE-%C5%BA%C5%BA%B1%B9%B9%E4.jpg
1959721433,6,청양탄탄면(매운맛),11000,11000,11000,청양고추의 산뜻한 매운맛을 더한 탄탄면,false,https://ldb-phinf.pstatic.net/20260605_241/1780622748808rbTuE_JPEG/%B8%DE%C0%CE-%C3%BB%BE%E7%C5%BA%C5%BA%B8%E9.jpg
1959721433,7,사천탄탄면(아주매운맛),11500,11500,11500,사천지방의 화끈한 매운맛을 재현한 탄탄면,false,https://ldb-phinf.pstatic.net/20260605_196/17806227543636Ar6S_JPEG/%B8%DE%C0%CE-%BB%E7%C3%B5%C5%BA%C5%BA%B8%E9.jpg
1959721433,8,치즈탄탄면,11500,11500,11500,엔젤헤어 모짜렐라 치즈로 부드러운 맛을 더한 치즈탄탄면,false,https://ldb-phinf.pstatic.net/20211020_146/1634693675239zc47w_JPEG/PSTfJMdnqJPbCf5jwmIUn2Gv.jpg
1959721433,9,새콤비빔탄탄면,10000,10000,10000,"신선한 토핑을 새콤, 고소한 비빔장에 듬뿍 비벼 먹는 비빔탄탄면",true,https://ldb-phinf.pstatic.net/20260605_294/1780622762201aTwGL_JPEG/%A1%DA%B8%DE%C0%CE-%BB%F5%C4%DE%BA%F1%BA%F6%C5%BA%C5%BA%B8%E9.jpg
1959721433,10,냉탄탄면,10500,10500,10500,뼛속까지 차가운 냉육수로 시원하게 즐기는 냉탄탄면,true,https://ldb-phinf.pstatic.net/20260605_108/1780622774545ChIki_JPEG/%A1%DA%B8%DE%C0%CE-%B3%C3%C5%BA%C5%BA%B8%E9.jpg
1959721433,11,라구탄탄면(파스타),11500,11500,11500,육고명과 청양고추를 토마토 베이스의 특제 라구소스에 따뜻하게 비벼 먹는 이색 탄탄면ㅋ,false,https://ldb-phinf.pstatic.net/20260605_59/178062277966445o0M_JPEG/%B8%DE%C0%CE-%B6%F3%B1%B8%C5%BA%C5%BA%B8%E9.jpg
1959721433,12,BIG육고명튀김교자(2pcs),4000,4000,4000,시그니처 육고명으로 속을 꽉 채운 육즙 가득한 튀김교자,false,https://ldb-phinf.pstatic.net/20240416_190/1713224957132D0RfT_PNG/BIG%C0%B0%B0%ED%B8%ED%C6%A2%B1%E8%B1%B3%C0%DA2ea_%A1%DA.png
1959721433,13,BIG육고명튀김교자(3pcs),6000,6000,6000,시그니처 육고명으로 속을 꽉 채운 육즙 가득한 튀김교자,false,https://ldb-phinf.pstatic.net/20240416_51/1713224950893hNMep_PNG/BIG%C0%B0%B0%ED%B8%ED%C6%A2%B1%E8%B1%B3%C0%DA3ea_%A1%DA.png
1959721433,14,꿔바로우(3pcs),4000,4000,4000,쫀득바삭한 돼지고기 튀김에 새콤달콤 소스를 더한 정통 중식 꿔바로우,false,https://ldb-phinf.pstatic.net/20260605_108/1780622788254C0CBM_JPEG/%B2%E3%B9%D9%B7%CE%BF%EC%283pcs%29.jpg
1959721433,15,크림새우(5pcs),7800,7800,7800,부드럽고 고소한 크림마요 소스를 듬뿍 입힌 바삭한 새우튀김,false,https://ldb-phinf.pstatic.net/20260605_45/1780622794755L8hcY_JPEG/%C5%A9%B8%B2%BB%F5%BF%EC%285pcs%29.jpg
1959721433,16,바삭순살닭튀김(150g),4800,4800,4800,바삭하게 튀겨낸 닭다리살 튀김+타르타르소스,false,https://ldb-phinf.pstatic.net/20250923_55/1758619585711O5MV4_PNG/%BB%E7%C0%CC%B5%E5-%B9%D9%BB%E8%BC%F8%BB%EC%B4%DF%C6%A2%B1%E8%28150g%29.png
1959721433,17,바삭순살닭튀김(300g),9300,9300,9300,바삭하게 튀겨낸 닭다리살 튀김+타르타르소스,false,https://ldb-phinf.pstatic.net/20250923_174/1758619592760570Wv_PNG/%BB%E7%C0%CC%B5%E5-%B9%D9%BB%E8%BC%F8%BB%EC%B4%DF%C6%A2%B1%E8%28300g%29.png
1959721433,18,간장계란밥,3500,3500,3500,반숙맛계란을 비법 소스와 함께 비벼 먹는 미니 덮밥,false,https://ldb-phinf.pstatic.net/20240911_300/1726027631428NASB0_PNG/%B0%A3%C0%E5%B0%E8%B6%F5%B9%E4.png
1959721433,19,[토핑]반숙맛계란,1500,1500,1500,부드러움 속 짭조름한 별미 반숙맛계란,false,https://ldb-phinf.pstatic.net/20260223_247/1771825996826rNx9n_PNG/%C5%E4%C7%CE-%B9%DD%BC%F7%B8%C0%B0%E8%B6%F5%281ea%29.png
1959721433,20,[토핑]육고명,1500,1500,1500,비법 소스에 돼지고기를 볶아 감칠맛을 더한 토핑,false,https://ldb-phinf.pstatic.net/20211020_198/1634693750975220Gn_JPEG/YkRngE_dEgYhBLA2xoA4uNsM.jpg
1959721433,21,[토핑]모짜렐라치즈,1500,1500,1500,엔젤헤어 모짜렐라치즈 토핑,false,https://ldb-phinf.pstatic.net/20260223_198/1771825973929txOOU_PNG/%C5%E4%C7%CE-%B8%F0%C2%A5%B7%BC%B6%F3%C4%A1%C1%EE.png
1959721433,22,[토핑]파채추가,1000,1000,1000,,false,https://ldb-phinf.pstatic.net/20260223_183/1771825958123yympz_PNG/%C5%E4%C7%CE-%C6%C4%C3%A4.png
1959721433,23,[토핑]숙주추가,1000,1000,1000,,false,https://ldb-phinf.pstatic.net/20260223_79/1771825948624WR33y_PNG/%C5%E4%C7%CE-%BC%F7%C1%D6.png
1959721433,24,[토핑]매운청양소스,500,500,500,청양고추가 곁들여진 탄탄면공방 특제 매운소스,false,https://ldb-phinf.pstatic.net/20220208_35/1644284077685zuc4S_JPEG/23-%C5%E4%C7%CE-%B8%C5%BF%EE%C3%BB%BE%E7%BC%D2%BD%BA.jpg
1967020590,0,[점심] 해초고등어한상,18000,18000,18000,,false,https://ldb-phinf.pstatic.net/20220728_37/1658997095564lubw9_PNG/%C7%D8%C3%CA%B0%ED%B5%EE%BE%EE.png
1967020590,1,[점심] 묵은지고등어조림,21000,21000,21000,,false,https://ldb-phinf.pstatic.net/20220728_177/1658997081654Yh2iK_PNG/%B0%ED%B5%EE%BE%EE%C1%B6%B8%B2.png
1967020590,2,[점심] 전복뚝배기,23000,23000,23000,,false,https://ldb-phinf.pstatic.net/20220728_193/16589970697166w4J1_PNG/%C0%FC%BA%B9%B6%D2%B9%E8%B1%E2.png
1967020590,3,[점심] 보리굴비정식,42000,42000,42000,,false,https://ldb-phinf.pstatic.net/20220728_55/1658997052268egd8M_PNG/%BA%B8%B8%AE%B1%BC%BA%F1%C1%A4%BD%C4.png
1967020590,4,[점심] 해우리특정식,49000,49000,49000,,false,https://ldb-phinf.pstatic.net/20240306_78/1709691270356LEBtm_JPEG/%C7%D8%BF%EC%B8%AE%C6%AF%C1%A4%BD%C4_%C6%A2%B1%E8%C1%A6%B0%C5.jpg
1967020590,5,[저녁] 해우리바다한상,42000,42000,42000,,false,https://ldb-phinf.pstatic.net/20260415_124/17762150185812Y7VV_PNG/%B9%D9%B4%D9%C7%D1%BB%F3_4%C0%CE_%BC%F6%C1%A4.png
1967020590,6,[저녁] 해우리 저녁 한상,50000,50000,50000,,false,https://ldb-phinf.pstatic.net/20220728_294/1658997029347h4U13_PNG/%C7%D8%BF%EC%B8%AE%C0%FA%B3%E1%C7%D1%BB%F3.png
1967020590,7,[저녁] 모둠특선,65000,65000,65000,,false,https://ldb-phinf.pstatic.net/20220728_38/1658997017516RjbHD_PNG/%B8%F0%B5%D2%C6%AF%BC%B1_%B1%B8.png
1967020590,8,[저녁] 주방장특선,80000,80000,80000,,false,https://ldb-phinf.pstatic.net/20220728_155/1658997004810s1gQr_PNG/%C1%D6%B9%E6%C0%E5%C6%AF%BC%B1.png
1967020590,9,[저녁] 해우리특선,100000,100000,100000,,false,https://ldb-phinf.pstatic.net/20220728_98/1658996994947Mop7P_PNG/%C7%D8%BF%EC%B8%AE%C6%AF%BC%B1.png
1967020590,10,[저녁] 해우리VIP특선,120000,120000,120000,,false,https://ldb-phinf.pstatic.net/20220728_157/1658996983302Pl9MS_PNG/vip%C6%AF%BC%B1.png
1975682558,0,고기짜장,7000,7000,7000,,false,https://ldb-phinf.pstatic.net/20250616_36/1750059749178smz63_JPEG/%C2%A5%C0%E5_%BD%D6%C6%C8%B0%ED%B1%E2%C2%A5%C0%E5.jpg
1978611044,0,선지해장국,11000,11000,11000,선지해장국,true,https://ldb-phinf.pstatic.net/20250309_55/1741488220081SK13I_JPEG/25-01-030117-3840.jpg
1978611044,1,특해장국,14000,14000,14000,"선지,차돌양지,깐양이 들어간 특해장국",true,https://ldb-phinf.pstatic.net/20250228_75/17407245263737ihxA_JPEG/25-01-030142-3840.jpg
1978611044,2,소고기해장국,11000,11000,11000,선지해장국을 못드시는분들이라면 소고기해장국,true,https://ldb-phinf.pstatic.net/20250309_87/1741488269845NODA9_JPEG/25-01-030093-3840.jpg
1978611044,3,쭈삼덮밥,12000,12000,12000,절단 쭈꾸미와 제육볶음이 어우러진 돌솥덮밥,false,https://ldb-phinf.pstatic.net/20251224_273/1766571645080fHLKP_JPEG/IMG_1043.jpeg
1978611044,4,설렁탕,11000,11000,11000,설렁탕,false,https://ldb-phinf.pstatic.net/20250309_35/17414882857876xdcp_JPEG/25-01-030018-3840.jpg
1978611044,5,한우육회,25000,25000,25000,"한우육회 25,000원/200그램",false,https://ldb-phinf.pstatic.net/20251224_56/1766571473434Cg0yo_JPEG/IMG_1447.jpeg
1978611044,6,한돈목살,16000,16000,16000,"국내산 한돈목살 16,000원/1인분(200그램)",false,https://ldb-phinf.pstatic.net/20251224_76/17665713960549Dyfp_JPEG/IMG_1536.jpeg
1978611044,7,소생갈비살,19000,19000,19000,"미국산 초이스 등급 생갈비살 19,000원/1인분(200그램)",false,https://ldb-phinf.pstatic.net/20251224_203/1766571298538PNUEU_JPEG/IMG_1450.jpeg
1978611044,8,편육,9000,9000,9000,국내산 편육과 부추가 어우러진 특별한 곁들임 메뉴,false,https://ldb-phinf.pstatic.net/20250714_17/1752495075591OcYzf_JPEG/IMG_9782.jpeg
1978611044,9,양무침,14000,14000,14000,깐양과 각종 야채 신제주 비법소스를 이용하여 조리한 곁들임 메뉴,false,https://ldb-phinf.pstatic.net/20250714_5/1752494983124kGAeR_JPEG/IMG_9781.jpeg
1978611044,10,곱창전골,42000,42000,42000,소주한잔 기울일수 있는 저녁메뉴,false,https://ldb-phinf.pstatic.net/20250115_34/1736907469632CDlg4_JPEG/KakaoTalk_20250113_153859198.jpg
1985035310,0,갓성비 반마리 장어 히츠마부시,17000,17000,17000,나고야식 민물장어 반마리 덮밥,true,https://ldb-phinf.pstatic.net/20230523_244/1684809148166Qakg4_JPEG/KakaoTalk_20230523_113155310_12.jpg
1985035310,1,명품 장어 히츠마부시,27000,27000,27000,나고야식 민물장어덮밥,true,https://ldb-phinf.pstatic.net/20230519_172/1684476914689NuAtd_JPEG/IMG_8967.jpeg
1985035310,2,辛 히츠마부시,28000,28000,28000,청양고추로 맛을 낸 매운 버젼의 히츠마부시 입니다.,false,https://ldb-phinf.pstatic.net/20241108_19/1731040284039GvnFc_JPEG/IMG_8824.jpeg
1985035310,3,辛 특히츠마부시,38000,38000,38000,청양고추로 맛을 낸 매운 버젼의 히츠마부시,false,https://ldb-phinf.pstatic.net/20241108_128/1731040317040yVwp2_JPEG/IMG_8824.jpeg
1985035310,4,테이쇼쿠,27000,27000,27000,민물장어정식,false,https://ldb-phinf.pstatic.net/20230523_135/1684809312549eimlT_JPEG/KakaoTalk_20230523_113155310_05.jpg
1985035310,5,특 장어 히츠마부시,37000,37000,37000,나고야식 민물장덮밥 1.5배,false,https://ldb-phinf.pstatic.net/20230523_166/16848092579527ns1I_JPEG/KakaoTalk_20230523_113155310_06.jpg
1985035310,6,특상 장어 히츠마부시,47000,47000,47000,나고야식 민물장어덮밥 2배,false,https://ldb-phinf.pstatic.net/20260506_8/17780484475903Hw8G_PNG/KakaoTalk_20260506_144316934.png
1985035310,7,진짜 맛있는 가지장어덮밥,23000,23000,23000,,false,https://ldb-phinf.pstatic.net/20231130_266/1701318040230497Q2_JPEG/IMG_5644.jpeg
1985035310,8,특 가지장어덮밥,29000,29000,29000,,false,https://ldb-phinf.pstatic.net/20260430_207/17775346674703CyoF_JPEG/IMG_7037.jpeg
1985035310,9,장새고 만두,7000,7000,7000,장어x새우x고기,false,https://ldb-phinf.pstatic.net/20231219_210/1702969301126ag247_JPEG/IMG_7261.jpeg
1985035310,10,생생연어 사케동,17000,17000,17000,生연어덮밥,false,https://ldb-phinf.pstatic.net/20230523_106/1684809197701sWt8a_PNG/6.png
1985035310,11,맛있는 돼지고기 부타동,17000,17000,17000,돼지고기덮밥,false,https://ldb-phinf.pstatic.net/20230523_163/168480918212691vpX_PNG/5.png
1985035310,12,연어유부초밥(2p),7000,7000,7000,,false,https://ldb-phinf.pstatic.net/20230523_169/16848094307177Qus7_JPEG/KakaoTalk_20230523_113155310_13.jpg
1985035310,13,장어유부초밥(2p),9000,9000,9000,,false,https://ldb-phinf.pstatic.net/20230523_288/1684809410601QbPuQ_JPEG/KakaoTalk_20230523_113155310_10.jpg
1985035310,14,초밥세트 (4p),9000,9000,9000,묵은지장어+연어,false,https://ldb-phinf.pstatic.net/20230523_251/1684809391452bvk1U_JPEG/KakaoTalk_20230523_113155310_09.jpg
1985035310,15,연어사시미 (12p),12000,12000,12000,,false,https://ldb-phinf.pstatic.net/20230523_179/1684809369592jRDnk_JPEG/KakaoTalk_20230523_113155310_03.jpg
1985035310,16,가바야끼,21000,21000,21000,민물장어 양념구이,false,https://ldb-phinf.pstatic.net/20230523_154/16848093446070YJ3B_JPEG/KakaoTalk_20230523_113155310_02.jpg
1985035310,17,장어 반마리 추가,11000,11000,11000,,false,
1985035310,18,연어5p추가,6000,6000,6000,,false,
1985035310,19,입맛 살리는 도쿠리사케,6000,6000,6000,,false,https://ldb-phinf.pstatic.net/20231130_208/1701318063196pl9Xn_JPEG/IMG_5645.jpeg
1999883076,0,한식뷔페,7900,7900,7900,,false,
2002229718,0,어복쟁반,78000,78000,78000,여러가지 채소들과 수육 고기를 곁들여 끓여먹는 이북식 전골요리,true,https://ldb-phinf.pstatic.net/20250808_65/17546378944998yo9E_JPEG/%BF%EC%BD%BF1362.JPG
2002229718,1,도가니스지전골,45000,45000,45000,도가니 스지와 뽀얀육수 버섯의 환상 조합,false,https://ldb-phinf.pstatic.net/20250808_280/1754631187823id8Oz_JPEG/%BF%EC%BD%BF0187.JPG
2002229718,2,한우 불고기 전골,45000,45000,45000,여러가지 채소들과 과일로 양념한 한우 불고기,false,https://ldb-phinf.pstatic.net/20250808_211/1754631654105vOeCU_JPEG/%BF%EC%BD%BF0115.JPG
2002229718,3,해장전골,37000,37000,37000,여러가지 채소와 고기를 얼큰한 다대기를 풀어 먹는 전골,false,https://ldb-phinf.pstatic.net/20250808_254/17546323331719memI_JPEG/%BF%EC%BD%BF0366.JPG
2002229718,4,만두전골,35000,35000,35000,,false,https://ldb-phinf.pstatic.net/20250808_286/1754637971875lcXIg_JPEG/%BF%EC%BD%BF0024.JPG
2002229718,5,한우우족모듬수육,85000,85000,85000,한우우족과 도가니스지 다양한 부위의 수육고기,false,https://ldb-phinf.pstatic.net/20250808_273/1754631409917wkYH4_JPEG/%BF%EC%BD%BF0098_1.JPG
2002229718,6,반반수육,55000,55000,55000,도가니스지와 다양한 부위의 소고기 수육,false,https://ldb-phinf.pstatic.net/20250808_184/1754638187759VpFGq_JPEG/%BF%EC%BD%BF0093_1.JPG
2002229718,7,한우수육,43000,43000,43000,다양한 부위의 소고기수육,false,https://ldb-phinf.pstatic.net/20250808_108/1754638202037kD2nH_JPEG/%BF%EC%BD%BF0085_1.JPG
2002229718,8,도가니스지수육,52000,52000,52000,,false,https://ldb-phinf.pstatic.net/20250808_199/1754638448963HUG9N_JPEG/%BF%EC%BD%BF0199.JPG
2002229718,9,소갈비찜 (간장),56000,56000,56000,과일로 양념을 한 간장 베이스의 소갈비찜,false,https://ldb-phinf.pstatic.net/20250808_64/17546326417488gKKe_JPEG/%BF%EC%BD%BF1218.JPG
2002229718,10,매운 소갈비찜,58000,58000,58000,수제 매운 양념에 가마솥에서 나온 갈비와의 맵단짠의 최강! 우동사리 추가 필수,false,https://ldb-phinf.pstatic.net/20250808_231/1754632661501iRc4I_JPEG/%BF%EC%BD%BF1242.JPG
2002229718,11,매운우족볶음,29000,29000,29000,한우 우족볶음을 맛있게 매운 특제소스에 볶아낸 요리,false,https://ldb-phinf.pstatic.net/20250808_36/1754631593675oGbLN_JPEG/%BF%EC%BD%BF0111_1.JPG
2002229718,12,한우1++ 육회,27000,27000,27000,매일 아침 마장동에서 오는 한우1++육회,false,https://ldb-phinf.pstatic.net/20250808_159/1754632933871YX4gL_JPEG/%BF%EC%BD%BF1165.JPG
2002229718,13,한우1++ 물육회,29000,29000,29000,"포항에서 먹었던 맛을 잊지 못해 만든 소주와 잘 어울리는 물육회, 새콤달콤",false,https://ldb-phinf.pstatic.net/20250808_12/1754632603904rGsXV_JPEG/%BF%EC%BD%BF1184.JPG
2002229718,14,콜라겐무침,9000,9000,9000,,false,https://ldb-phinf.pstatic.net/20250808_223/1754638602542EPhTb_JPEG/%BF%EC%BD%BF1092.JPG
2002229718,15,육전,27000,27000,27000,얇게 썬 소고기를 계란물을 묻혀 구워 부추겉절이와 곁들여 먹는 전,false,https://ldb-phinf.pstatic.net/20250808_278/1754632567179QI2N3_JPEG/%BF%EC%BD%BF1146.JPG
2002229718,16,미니육전(점심),8000,8000,8000,얇게 썬 소고기를 계란물을 묻혀 구워 부추겉절이와 곁들여 먹는 전,false,https://ldb-phinf.pstatic.net/20250808_51/1754638732437xKjyW_JPEG/%BF%EC%BD%BF1149.JPG
2002229718,17,바삭치즈감자채전,18000,18000,18000,감자채를 바삭하게 구워 치즈를 얹은 전,false,https://ldb-phinf.pstatic.net/20250808_255/1754632523968olrOt_JPEG/%BF%EC%BD%BF1123.JPG
2002229718,18,땡초부추전,18000,18000,18000,땡초와 부추와의 조합이 환상적인 전,false,https://ldb-phinf.pstatic.net/20250808_136/1754632545307RdBmt_JPEG/%BF%EC%BD%BF1130.JPG
2002229718,19,김치전,18000,18000,18000,김치를 잘게 다져 바삭하게 구워낸 전,false,https://ldb-phinf.pstatic.net/20250808_129/1754632505188JAaY9_JPEG/%BF%EC%BD%BF1102.JPG
2002229718,20,맑은곰탕,13000,13000,13000,고기 삶은 육수에 야채를 더하여 시원 깔끔한 맛의 곰탕,false,https://ldb-phinf.pstatic.net/20250808_144/1754631863599DVl7l_JPEG/%BF%EC%BD%BF0216_1.JPG
2002229718,21,뽀얀곰탕,13000,13000,13000,한우황소사골과 소머리뼈로 우려 구수한 맛의 곰탕,false,https://ldb-phinf.pstatic.net/20250808_223/1754631949707YWcqU_JPEG/%BF%EC%BD%BF0248_1.JPG
2002229718,22,해장곰탕,14000,14000,14000,맑은 육수에 빨간 다대기를 풀어 얼큰하고 시원한 맛의 곰탕,false,https://ldb-phinf.pstatic.net/20250808_137/1754632173526zitnY_JPEG/%BF%EC%BD%BF0285_1.JPG
2002229718,23,도가니스지탕,19000,19000,19000,뽀얀 설렁탕 육수에 도가니를 넣어 구수한 맛의 곰탕,false,https://ldb-phinf.pstatic.net/20250808_245/1754632153637K9jbL_JPEG/%BF%EC%BD%BF0264_1.JPG
2002229718,24,떡만두국,13000,13000,13000,사골 육수에 떡과 만두를 넣은 곰탕,false,https://ldb-phinf.pstatic.net/20250808_142/1754631926384Td7OP_JPEG/%BF%EC%BD%BF0240_1.JPG
2002229718,25,뚝배기불고기,16000,16000,16000,여러가지 과일로 양념을한 한우 불고기,false,https://ldb-phinf.pstatic.net/20250808_13/1754631907073guzXg_JPEG/%BF%EC%BD%BF0237.JPG
2002229718,26,육회비빔밥,14000,14000,14000,매일 오전 마장동에서 오는 한우1++ 육회와 향극한 미나리를 곁들인 육회비빔밥,false,https://ldb-phinf.pstatic.net/20250808_226/1754631327561yPMQa_JPEG/%BF%EC%BD%BF0051_1.JPG
2002229718,27,떡갈비,12000,12000,12000,달달한 양념의 다진 고기로 구워낸 떡갈비,false,https://ldb-phinf.pstatic.net/20250808_194/1754631237193qvCJG_JPEG/%BF%EC%BD%BF0016_1.JPG
2002229718,28,전병,12000,12000,12000,김치 속으로 채운 바삭한 전병,false,https://ldb-phinf.pstatic.net/20250808_261/1754632432062icMg0_JPEG/%BF%EC%BD%BF1050.JPG
2002229718,29,왕만두,7000,7000,7000,고기와 야채를 속으로 채운 왕만두,false,https://ldb-phinf.pstatic.net/20250808_19/1754632459617qpy33_JPEG/%BF%EC%BD%BF1075.JPG
2002229718,30,아이스홍시,13000,13000,13000,잘 익은 홍시를 얼린 디저트,false,https://ldb-phinf.pstatic.net/20250808_64/1754632687925ky1us_JPEG/%BF%EC%BD%BF1461.JPG
2002229718,31,누룽지와 하겐다즈,18000,18000,18000,직접 튀긴 누룽지와 하겐다즈의 조화,false,https://ldb-phinf.pstatic.net/20250808_104/1754632710209yD5qF_JPEG/%BF%EC%BD%BF1468.JPG
2002594093,0,로스카츠(등심) 정식,13000,13000,13000,"단순하면서도 깊은 맛, 고소한 바삭함 속 숨은 육즙과 순수한 등심 돈카츠의 매력",true,https://ldb-phinf.pstatic.net/20251029_191/1761712170340j3HBs_JPEG/10.%B7%CE%BD%BA%C4%AB%C3%F7__%C1%A4%BD%C4_01.jpg
2002594093,1,토리카츠(닭가슴살) 정식,13000,13000,13000,"(한정판매) 건강을 생각하는 분들에게 제격인, 가벼운 닭가슴살에 돈카츠의 풍미를 듬뿍 선사",false,https://ldb-phinf.pstatic.net/20251029_65/1761712207270fhKw3_JPEG/5.%C5%E4%B8%AE%C4%AB%C3%F7_%C1%A4%BD%C4_01.jpg
2002594093,2,히레카츠(안심) 정식,14000,14000,14000,"부드러운 안심으로 만든 히레카츠, 입안 가득 퍼지는 부드러움과 깊은 맛이 일품",false,https://ldb-phinf.pstatic.net/20251029_281/1761714819884meLtd_JPEG/6.%C8%F7%B7%B9%C4%AB%C3%F7_%C1%A4%BD%C4_01.jpg
2002594093,3,치즈카츠 정식,14000,14000,14000,"(한정판매) 치즈가 듬뿍! 치즈카츠로 만나는 쫀득한 맛의 경험, 치즈와 돈카츠의 완벽조화",false,https://ldb-phinf.pstatic.net/20251029_148/1761712181761fQdlG_JPEG/7.%C4%A1%C1%EE%C4%AB%C3%F7_%C1%A4%BD%C4_01.jpg
2002594093,4,*한정* 상로스카츠 정식,15000,15000,15000,(한정판매) 등심과 가브리살의 조화로운 맛! 특별한 부위로 만든 카츠의 최상위 레벨,false,https://ldb-phinf.pstatic.net/20251029_254/1761712199043KsGgq_JPEG/8.%BB%F3%B7%CE%BD%BA%C4%AB%C3%F7_%C1%A4%BD%C4_01.jpg
2002594093,5,모둠카츠(등심+안심) 정식,16000,16000,16000,최고의 등심과 안심을 한 접시에! 이소정카츠의 시그니처로 두가지 맛을 모두 경험하는 행복함,true,https://ldb-phinf.pstatic.net/20251029_120/1761712190398vv9z2_JPEG/9.%B8%F0%B5%D2%C4%AB%C3%F7_%C1%A4%BD%C4_01.jpg
2002594093,6,멘치소바(멘치+냉모밀) 정식,13000,13000,13000,시원하고 깊은 맛의 냉모밀과 바삭하고 촉촉한 멘치카츠의 완벽한 조화!,false,https://ldb-phinf.pstatic.net/20251029_95/1761712215025QpVT8_JPEG/11.%B8%E0%C4%A1_%BC%D2%B9%D9_%C1%A4%BD%C4_01.jpg
2002594093,7,멘치카레덮밥(멘치카츠+카레),12000,12000,12000,육즙 가득한 멘치카츠의 바삭함과 진한 카레의 조화가 매력적인 든든한 가성비 메뉴,false,
2002594093,8,(사이드) 미니냉모밀,4000,4000,4000,시원하게 한 그릇! 냉모밀과 돈카츠의 특별한 만남으로 느끼는 만족감 최고~,false,https://ldb-phinf.pstatic.net/20251029_10/1761712235208J2Wp3_JPEG/2.%B9%CC%B4%CF%B3%C3%B8%F0%B9%D0_01.jpg
2002594093,9,(사이드) 미니냉우동,4000,4000,4000,시원하게 한 그릇! 냉우동과 돈카츠의 최적 조합~,false,https://ldb-phinf.pstatic.net/20251029_299/17617122810680VygF_JPEG/1.%B9%CC%B4%CF%B3%C3%BF%EC%B5%BF_01.jpg
2002594093,10,(사이드) 미니카레우동,4000,4000,4000,이소정카츠의 특별한 카레와 우동의 매력적인 만남! 돈카츠와의 조합은 극강 그 자체,false,https://ldb-phinf.pstatic.net/20251029_164/17617122480874pHuA_JPEG/3.%B9%CC%B4%CF%C4%AB%B7%B9%BF%EC%B5%BF_01.jpg
2002594093,11,(사이드) 수제카레,3000,3000,3000,"이소정카츠의 특별한 카레, 밥에 비벼먹고 돈카츠에 찍어먹고~ 돈카츠와 찰떡궁합",false,https://ldb-phinf.pstatic.net/20251029_214/1761712259425KY7f1_JPEG/4.%BC%F6%C1%A6%C4%AB%B7%B9_01.jpg
2011027752,0,송탄부대찌개,12000,12000,12000,,false,https://ldb-phinf.pstatic.net/20251125_63/1764067188094PtRqA_JPEG/KakaoTalk_Photo_2025-11-25-19-29-29_014.jpeg
2011027752,1,급냉삼겹살,13000,13000,13000,,false,https://ldb-phinf.pstatic.net/20251125_273/1764067236740t2X8i_JPEG/KakaoTalk_Photo_2025-11-25-19-29-26_005.jpeg
2011027752,2,급냉목살,13000,13000,13000,,false,https://ldb-phinf.pstatic.net/20260417_246/17764171056730AAw2_JPEG/IMG_0352.jpeg
2011027752,3,퇴근세트 (냉삼2+냉목살1+부대찌개),45000,45000,45000,,false,https://ldb-phinf.pstatic.net/20251125_245/1764067260954DqJ7o_JPEG/KakaoTalk_Photo_2025-11-25-19-29-29_013.jpeg
2011027752,4,벌집껍데기,10000,10000,10000,쫄깃한 돼지껍데기를 간장양념에 숙성하여 달짝지근하고 고소한맛이 일품입니다.,false,https://ldb-phinf.pstatic.net/20260417_238/1776418123151exnP5_JPEG/IMG_0354.jpeg
2011027752,5,물냉면,6000,6000,6000,,false,https://ldb-phinf.pstatic.net/20251125_238/1764067280957Ud9Pc_JPEG/KakaoTalk_Photo_2025-11-25-19-29-30_017.jpeg
2011027752,6,비빔냉면,6000,6000,6000,,false,https://ldb-phinf.pstatic.net/20251125_250/17640672944545S1AO_JPEG/KakaoTalk_Photo_2025-11-25-19-29-30_016.jpeg
2011027752,7,볶음밥,6000,6000,6000,,false,
2011027752,8,사이드부대찌개,8000,8000,8000,,false,
2011027752,9,짜파게티,4000,4000,4000,,false,
2011867277,0,힘내소부채살 포케한상,16500,16500,16500,,true,https://ldb-phinf.pstatic.net/20251215_250/1765783526932Fx3FS_JPEG/%C4%A1%C1%EE%BA%CE%C3%A4%BB%EC%BD%BA%C5%D7%B3%A2%C6%F7%C4%C9%C7%D1%BB%F31.jpg
2011867277,1,우삼겹비빔게티 샐러드한상,10900,10900,10900,,true,https://ldb-phinf.pstatic.net/20251215_172/1765783112487QKsad_JPEG/%BF%EC%BB%EF%B0%E3%BA%F1%BA%F6%B0%D4%C6%BC_%BB%F8%B7%AF%B5%E5%C7%D1%BB%F3.jpg
2011867277,2,힘돼지목살 포케한상,14500,14500,14500,,true,https://ldb-phinf.pstatic.net/20251215_125/1765783502733Wv44a_JPEG/NEW_%C8%FB%B5%C5%C1%F6%B8%F1%BB%EC_%C6%F7%C4%C9%C7%D1%BB%F31.jpg
2011867277,3,입맛돈닭갈비 포케한상,11900,11900,11900,,true,https://ldb-phinf.pstatic.net/20251215_169/1765783388103zuavr_JPEG/%C0%D4%B8%C0%B5%B7%B4%DF%B0%A5%BA%F1_%C6%F7%C4%C9%C7%D1%BB%F3.jpg
2011867277,4,몸보신오리 포케한상,13900,13900,13900,,false,https://ldb-phinf.pstatic.net/20251215_57/1765783484197NnzGA_JPEG/%B8%F6%BA%B8%BD%C5%BF%C0%B8%AE_%C6%F7%C4%C9%C7%D1%BB%F3.jpg
2011867277,5,애간장오븐닭 포케한상,12900,12900,12900,,false,https://ldb-phinf.pstatic.net/20251215_154/1765783464999pT9sk_JPEG/%BE%D6%B0%A3%C0%E5%BF%C0%BA%EC%B4%DF_%C6%F7%C4%C9%C7%D1%BB%F3.jpg
2011867277,6,촉촉닭가슴살 포케한상,12900,12900,12900,,false,https://ldb-phinf.pstatic.net/20251215_108/1765783411928MlTza_JPEG/%C3%CB%C3%CB%B4%DF%B0%A1%BD%BF%BB%EC_%C6%F7%C4%C9%C7%D1%BB%F3.jpg
2011867277,7,통살가리비빔 포케한상,10900,10900,10900,,false,https://ldb-phinf.pstatic.net/20251215_254/1765783330887XgFgT_JPEG/%C5%EB%BB%EC%B0%A1%B8%AE%BA%F1%BA%F6_%C6%F7%C4%C9%C7%D1%BB%F3.jpg
2011867277,8,힘내소부채살 샐러드한상,15500,15500,15500,,false,https://ldb-phinf.pstatic.net/20251215_218/1765783292304NMfIP_JPEG/%C4%A1%C1%EE%C8%FB%B3%BB%BC%D2%BA%CE%C3%A4%BB%EC_%BB%F8%B7%AF%B5%E5%C7%D1%BB%F31.jpg
2011867277,9,훈제당한연어 샐러드한상,13500,13500,13500,,false,https://ldb-phinf.pstatic.net/20251215_124/1765783267514Nyq5M_JPEG/%C8%C6%C1%A6%B4%E7%C7%D1%BF%AC%BE%EE_%BB%F8%B7%AF%B5%E5%C7%D1%BB%F3.jpg
2011867277,10,꾸덕리코타 샐러드한상,13500,13500,13500,,false,https://ldb-phinf.pstatic.net/20251215_189/1765783243847CG8FV_JPEG/%B2%D9%B4%F6%B8%AE%C4%DA%C5%B8_%BB%F8%B7%AF%B5%E5%C7%D1%BB%F3.jpg
2011867277,11,힘돼지목살 샐러드한상,13500,13500,13500,,false,https://ldb-phinf.pstatic.net/20251215_120/1765783223014PXxzP_JPEG/NEW_%C8%FB%B5%C5%C1%F6%B8%F1%BB%EC-%BB%F8%B7%AF%B5%E5%C7%D1%BB%F31.jpg
2011867277,12,몸보신오리 샐러드한상,12900,12900,12900,,false,https://ldb-phinf.pstatic.net/20251215_215/1765783206286h7qls_JPEG/%B8%F6%BA%B8%BD%C5%BF%C0%B8%AE_%BB%F8%B7%AF%B5%E5%C7%D1%BB%F3.jpg
2011867277,13,바질파스타 샐러드한상,11900,11900,11900,,false,https://ldb-phinf.pstatic.net/20251215_179/1765783185021AcCcC_JPEG/%C8%FC%C7%D1%B9%D9%C1%FA%C6%C4%BD%BA%C5%B8_%BB%F8%B7%AF%B5%E5%C7%D1%BB%F3.jpg
2011867277,14,촉촉닭가슴살 샐러드한상,11900,11900,11900,,false,https://ldb-phinf.pstatic.net/20251215_192/1765783172085zDCpm_JPEG/%C3%CB%C3%CB%B4%DF%B0%A1%BD%BF%BB%EC_%BB%F8%B7%AF%B5%E5%C7%D1%BB%F3.jpg
2011867277,15,애간장오븐닭 샐러드한상,11900,11900,11900,,false,https://ldb-phinf.pstatic.net/20251215_89/1765783151816QM4Ij_JPEG/%BE%D6%B0%A3%C0%E5%BF%C0%BA%EC%B4%DF_%BB%F8%B7%AF%B5%E5%C7%D1%BB%F3.jpg
2011867277,16,불돼지또띠아 샐러드한상,10900,10900,10900,,false,https://ldb-phinf.pstatic.net/20251215_230/176578313104130v4S_JPEG/%BD%D3%BA%B8%B7%CE%C1%A6%C0%B0_%BB%F8%B7%AF%B5%E5%C7%D1%BB%F3.jpg
2011867277,17,불돼지제육 포케한상,10900,10900,10900,,false,https://ldb-phinf.pstatic.net/20251210_69/1765356272039N8Vrz_JPEG/KakaoTalk_20251119_103703410.jpg
2013586609,0,120시간숙성김치 미나리 한돈 오겹살,18000,18000,18000,"120시간 숙성 최상급 오겹살,김치,미나리,파채,마늘과 함께 제공됩니다.",false,https://ldb-phinf.pstatic.net/20251130_67/1764504796614vA8lf_JPEG/KakaoTalk_20251130_205505866_03.jpg
2013586609,1,120시간숙성 김치미나리 한돈 특목살,18000,18000,18000,"120시간 숙성 최상급 목살,김치,미나리,파채,마늘과 함께 제공됩니다.",false,https://ldb-phinf.pstatic.net/20251130_131/1764504875240104VF_JPEG/KakaoTalk_20251130_205505866_01.jpg
2013586609,2,120시간숙성 김치미나리 한돈 삼겹살,18000,18000,18000,"120시간 숙성 최상급 삼겹살,김치,미나리,,파채,마늘과 함께 제공됩니다.",false,https://ldb-phinf.pstatic.net/20251130_88/1764504775158tbGAV_JPEG/KakaoTalk_20251130_205505866_04.jpg
2013586609,3,120시간숙성 김치미나리 특항정살,20000,20000,20000,특유의 아삭하고 쫀득한 식감과 진한 풍미가 일품인 여미삼 120시간 숙성 항정살입니다!,false,https://ldb-phinf.pstatic.net/20251130_115/1764504855646ylETp_JPEG/KakaoTalk_20251130_205505866.jpg
2013586609,4,김치미나리로스삼겹(4mm급냉),18000,18000,18000,5일 숙성 로스삼겹(4mm급냉),false,https://ldb-phinf.pstatic.net/20260417_207/1776416876280gLBiL_PNG/IMG_0038.png
2013586609,5,업진살,32000,32000,32000,최상급 1++9등급 업진살,false,https://ldb-phinf.pstatic.net/20260518_37/1779092069559xNYiP_JPEG/1000024259.jpg
2013586609,6,차돌박이,25000,25000,25000,최상급 1++9등급 차돌박이,false,https://ldb-phinf.pstatic.net/20260518_14/1779092167300zMIDO_JPEG/1000024258.jpg
2013586609,7,한우 육회 1++ 9등급,25000,25000,25000,최상급 한우++ NO.9 을 여미삼만의 수제 양념으로 버무린 한우 투뿔 육회,false,https://ldb-phinf.pstatic.net/20260504_81/17778935968585s6om_PNG/KakaoTalk_20260504_201732239.png
2013586609,8,남해안 갑오징어,28000,28000,28000,남해안 갑오징어를 구워 고기와 함께 드시면 맛이 배가 됩니다,false,https://ldb-phinf.pstatic.net/20260503_271/1777786397283zLwkV_PNG/KakaoTalk_20260503_125618887_01.png
2013586609,9,임실 구워먹는 치즈,10000,10000,10000,부드럽게 녹아드는 고소한 풍미 불판 위에서 완성되는 임실치즈의 깊은 맛,false,https://ldb-phinf.pstatic.net/20260503_193/1777786406589Kylrz_PNG/KakaoTalk_20260503_125618887_05.png
2013586609,10,키조개 관자,10000,10000,10000,"입안 가득 퍼지는 바다의 감칠맛 겉은 노릇하게,속은 촉촉하게 프리미엄 관자구이",false,https://ldb-phinf.pstatic.net/20260503_132/1777786413066kVH2u_PNG/KakaoTalk_20260503_125618887_03.png
2013586609,11,비빔냉면(108시간 숙성),8000,8000,8000,108시간 숙성한 수제소스의 감칠맛이 일품인 비빔냉면,false,https://ldb-phinf.pstatic.net/20251130_129/1764505043546nWO5y_JPEG/KakaoTalk_20251130_205537206_06.jpg
2013586609,12,물냉면,8000,8000,8000,새콤 달콤 시원한 육수맛이 일품인 물냉면,false,https://ldb-phinf.pstatic.net/20251130_64/1764505072887ksTRF_JPEG/KakaoTalk_20251130_205537206_05.jpg
2013586609,13,미나리갈치속젓볶음밥,8000,8000,8000,젓갈로 맛있게 볶아낸 한국인의 후식,false,https://ldb-phinf.pstatic.net/20260506_116/1778070808818XUzJy_JPEG/IMG_3883.jpeg
2013586609,14,보쌈정식(점심특선),12000,12000,12000,"직접 삶은 보쌈고기와 보쌈무,새콤한 미나리 무침의 조화로운 여미삼 보쌈정식",false,https://ldb-phinf.pstatic.net/20251130_152/1764505267575PPV8Y_PNG/%C4%B8%C3%B3.PNG
2013586609,15,1인 제육볶음(점심특선),11000,11000,11000,,false,https://ldb-phinf.pstatic.net/20260430_80/1777537917253ueewn_PNG/%C6%C7%B1%B3_%C1%A6%C0%B0.png
2013586609,16,1인미나리부대찌개(점심특선),11000,11000,11000,,false,https://ldb-phinf.pstatic.net/20260604_22/17805807322145X07q_JPEG/1000024284.jpg
2013586609,17,제육김치찌개정식(점심특선),12000,12000,12000,,false,https://ldb-phinf.pstatic.net/20260604_37/17805806570023FdQ2_JPEG/1000024625.jpg
2013586609,18,제육부대찌개정식(점심특선),12000,12000,12000,,false,https://ldb-phinf.pstatic.net/20260604_32/1780580565198rLv8L_JPEG/1000024624.jpg
2013586609,19,얼큰순대국(점심 특선),11000,11000,11000,,false,https://ldb-phinf.pstatic.net/20251130_86/1764505110285JE5Kh_JPEG/KakaoTalk_20251130_205537206_07.jpg
2014693744,0,육담세트(2인 이상),22000,22000,22000,꽃삼겹+생삼겹+생목살 (한돈 180g),true,https://ldb-phinf.pstatic.net/20250820_201/1755654311877aR4K4_JPEG/1755480872376.jpg
2014693744,1,생삼겹살,17000,17000,17000,,true,https://ldb-phinf.pstatic.net/20250820_86/17556542986661HuQj_JPEG/1755480306468.jpg
2014693744,2,생목살,17000,17000,17000,,true,https://ldb-phinf.pstatic.net/20250820_98/1755654286126ySLVC_JPEG/1755480306536.jpg
2014693744,3,꽃삼겹살,17000,17000,17000,,false,https://ldb-phinf.pstatic.net/20250908_207/1757303215771qceH8_JPEG/34401.jpg
2014693744,4,꽃냉목살,17000,17000,17000,,false,https://ldb-phinf.pstatic.net/20250908_289/1757303199820Y3tdB_JPEG/34402.jpg
2014693744,5,가브리살,19000,19000,19000,,false,https://ldb-phinf.pstatic.net/20250821_267/1755740826773kKuc7_JPEG/1755480306082.jpg
2014693744,6,항정살,20000,20000,20000,,false,https://ldb-phinf.pstatic.net/20250821_234/1755740832426XlWoi_JPEG/1755480306974.jpg
2014693744,7,프리미엄 한우 육회,30000,30000,30000,한우++ 120g 입니다.,false,https://ldb-phinf.pstatic.net/20250820_59/1755654185170bOsXe_JPEG/1755480306207.jpg
2014693744,8,육낙전,55000,55000,55000,육회+전복+낙지탕탕이,false,https://ldb-phinf.pstatic.net/20250820_11/1755654127430AbmPL_JPEG/1755480306279.jpg
2014693744,9,된장찌개(후식),5000,5000,5000,,false,https://ldb-phinf.pstatic.net/20250820_139/17556541117353gB8X_JPEG/1755480306662.jpg
2014693744,10,된장밥,7000,7000,7000,,false,https://ldb-phinf.pstatic.net/20250820_233/1755654075303pd9rr_JPEG/1755480306721.jpg
2014693744,11,냉면(물/비빔),8000,8000,8000,,false,
2014693744,12,해장라면,8000,8000,8000,,false,https://ldb-phinf.pstatic.net/20250821_140/17557408009411YzMm_JPEG/1755734000475.jpg
2014693744,13,볶음밥,5000,5000,5000,,false,https://ldb-phinf.pstatic.net/20250820_161/1755654041449za4g3_JPEG/1755480306597.jpg
2014693744,14,치즈볶음밥,7000,7000,7000,,false,https://ldb-phinf.pstatic.net/20250820_82/1755654050711HVUCR_JPEG/1755480306597.jpg
2016501045,0,탄단지 샐러디,8600,8600,8600,,true,https://ldb-phinf.pstatic.net/20251113_150/1763027900494du9yw_JPEG/7178.jpg
2016934447,0,뉴욕 오리지날 치킨,19900,19900,19900,뉴욕전기구이 자체 염지닭을 사용한 구워낸 오리지날 황금빛 전기구이 치킨,true,https://ldb-phinf.pstatic.net/20250926_23/17588810650972dyFI_JPEG/IMG_0586.jpeg
2016934447,1,뉴욕 화이트 치킨,24900,24900,24900,,false,https://ldb-phinf.pstatic.net/20251229_299/1767012551995ma1F3_JPEG/KakaoTalk_20251221_220222236_02.jpg
2016934447,2,뉴욕 볼케이노 치킨,24900,24900,24900,,false,https://ldb-phinf.pstatic.net/20251229_4/17670126313643t3OG_JPEG/KakaoTalk_20251221_220222236_04.jpg
2016934447,3,뉴욕 냉채 닭발,16900,16900,16900,,false,https://ldb-phinf.pstatic.net/20251229_197/1767012594926BevPK_JPEG/KakaoTalk_20251221_220222236_03.jpg
2016934447,4,뉴욕 고메버터조개탕,17900,17900,17900,,false,https://ldb-phinf.pstatic.net/20251229_58/1767012512854KFnat_JPEG/KakaoTalk_20251221_220222236_01.jpg
2016934447,5,뉴욕 조개볶음,17900,17900,17900,,false,https://ldb-phinf.pstatic.net/20251229_103/1767012706915DJdnw_JPEG/KakaoTalk_20251221_220222236_06.jpg
2016934447,6,뉴욕 골뱅이,22900,22900,22900,,false,https://ldb-phinf.pstatic.net/20251229_191/1767012658560LfstD_JPEG/KakaoTalk_20251221_220222236_07.jpg
2016934447,7,뉴욕 치즈떡볶이,15900,15900,15900,,false,https://ldb-phinf.pstatic.net/20251229_192/1767012966693kYzgi_JPEG/KakaoTalk_20251229_215358384_01.jpg
2016934447,8,두부김치,15000,15000,15000,,false,https://ldb-phinf.pstatic.net/20251229_7/1767012924302WdWgJ_JPEG/KakaoTalk_20251229_215358384_02.jpg
2016934447,9,뉴욕 먹태,15900,15900,15900,,false,https://ldb-phinf.pstatic.net/20251229_231/17670129983301oRNT_JPEG/KakaoTalk_20251229_215358384.jpg
2020039118,0,보리밥정식2인세트,25000,25000,25000,보리밥+나물+청국장+콩비지+강된장,false,https://ldb-phinf.pstatic.net/20251126_62/1764167421600Pjga9_JPEG/Screenshot_20251111_095016_Coupang_Eats%281%29.jpg
2020039118,1,오징어정식2인세트,40000,40000,40000,보리밥+나물+청국장+콩비지+강된장+오징어볶음,false,https://ldb-phinf.pstatic.net/20251126_5/1764167339281nvWaj_JPEG/Screenshot_20251111_095007_Coupang_Eats.jpg
2020039118,2,제육정식2인세트,35000,35000,35000,보리밥+나물+청국장+콩비지+강된장+제육볶음,false,https://ldb-phinf.pstatic.net/20251126_30/1764167209017WbOKb_JPEG/12140.jpg
2020918399,0,구운 버섯 샐러드,8500,8500,8500,,false,https://ldb-phinf.pstatic.net/20260317_50/1773732054660OshDc_JPEG/20260317_161744.jpg
2020918399,1,수비드 닭가슴살 샐러드,9500,9500,9500,,false,https://ldb-phinf.pstatic.net/20260317_258/1773732137423YXasW_JPEG/20260317_161755.jpg
2020918399,2,수비드 닭안심살 샐러드,9900,9900,9900,,false,https://ldb-phinf.pstatic.net/20260317_266/1773732164120R8TaP_JPEG/20260317_161750.jpg
2020918399,3,훈제 오리 샐러드,10900,10900,10900,,false,https://ldb-phinf.pstatic.net/20260317_182/1773732181060J7ocd_JPEG/20260317_161800.jpg
2020918399,4,수비드 닭다리살 샐러드,10900,10900,10900,,false,https://ldb-phinf.pstatic.net/20260317_113/1773732192933r2afd_JPEG/20260317_161809.jpg
2020918399,5,수비드 목살 샐러드,11500,11500,11500,,false,https://ldb-phinf.pstatic.net/20260317_292/1773732104160MG6gf_JPEG/20260317_161804.jpg
2020918399,6,연어 아보카도 닭가슴살 샐러드,13500,13500,13500,,false,https://ldb-phinf.pstatic.net/20260317_77/1773732044584i7SCq_JPEG/20260317_161736.jpg
2028422742,0,가리비관자,8000,8000,8000,트러플 오일과 어우러져 부드럽고 탱탱한 식감을 주는 관자,false,
2028422742,1,한돈 런치 세트(2인 이상),15000,15000,15000,백돼지 삼겹살(150g) + 버섯 된장찌개 + 상추 + 공기밥,false,https://ldb-phinf.pstatic.net/20260401_176/1775026790590nJIJL_PNG/1000025503.png
2028422742,2,흑돼지 런치 세트(2인 이상),18000,18000,18000,흑돼지 오겹살(150g) + 버섯 된장찌개 + 상추 + 공기밥,false,https://ldb-phinf.pstatic.net/20260401_296/1775026948009wY05C_JPEG/1000025849.jpg
2028422742,3,하르방 세트,89000,89000,89000,한우 등심(200g)+흑돼지 오겹(200g)+목살(200g) ...,false,https://ldb-phinf.pstatic.net/20260401_17/1775026888770izxfE_JPEG/1000025850.jpg
2028422742,4,문경 옥돌 한돈 세트,65000,65000,65000,삼겹살(250g) + 목살(250g) + 항정살(100g) + 된장찌개,false,https://ldb-phinf.pstatic.net/20260401_197/1775027003615ddaYU_JPEG/1000025851.jpg
2028422742,5,제주 흑돼지 세트,75000,75000,75000,오겹살(250g) + 목살(250g) + 항정살(100g) + 된장찌개,false,https://ldb-phinf.pstatic.net/20260401_244/1775027088238gf3bU_JPEG/1000025851.jpg
2028422742,6,제주 흑돼지 오겹살(180g),22000,22000,22000,제주 자연에서 자라 쫀득한 식감과 진한 육향이 살아있는 오겹살,true,https://ldb-phinf.pstatic.net/20260219_171/1771483657251lWxyO_JPEG/1000025850.jpg
2028422742,7,제주 돼지 항정살(150g),28000,28000,28000,돼지에서 소량만 나오는 고소하고 쫀득한 특수부위,true,https://ldb-phinf.pstatic.net/20260219_161/1771484041259vhgaN_JPEG/1000025851.jpg
2028422742,8,한우 등심1++(100g),25000,25000,25000,한우1++ 중에서 7번8번9번만 엄선 제공합니다,true,https://ldb-phinf.pstatic.net/20260219_236/17714841531265S4Yl_JPEG/1000025500.jpg
2030772228,0,한우국밥,11000,11000,11000,100%한우사골과 사태 등을 끓인 깊고진한 사골육수,true,https://ldb-phinf.pstatic.net/20251030_234/1761800409665xTuBM_JPEG/20250823_%BC%F6%B1%B9%C1%A4%285m%29-%C7%D1%BF%EC%B1%B9%B9%E4.jpg
2030772228,1,한우들기름육회비빔밥,15000,15000,15000,고소한 국내산 들기름의 풍미와 신선한 한우육회의 만남 감칠맛일품,true,https://ldb-phinf.pstatic.net/20251030_1/1761800329137CfvD0_JPEG/20250823_%BC%F6%B1%B9%C1%A4%285m%29-%C7%D1%BF%EC%B5%E9%B1%E2%B8%A7%C0%B0%C8%B8%BA%F1%BA%F6%B9%E4.jpg
2030772228,2,한우얼큰해장국밥,12000,12000,12000,"한우국밥에 특제 양념장 넣고 얼큰하게 끓인
국밥",false,https://ldb-phinf.pstatic.net/20251030_169/1761800377763Mjki5_JPEG/20250823_%BC%F6%B1%B9%C1%A4%285m%29-%C7%D1%BF%EC%C7%D8%C0%E5%B1%B9%B9%E4.jpg
2030772228,3,한우육전,25000,25000,25000,,false,https://ldb-phinf.pstatic.net/20251030_96/1761800722398W5kmH_JPEG/20250823_%BC%F6%B1%B9%C1%A4%285m%29-%C7%D1%BF%EC%C0%B0%C0%FC.jpg
2030772228,4,한우수육(대),55000,55000,55000,100% 한우만을 사용한 부드럽고 담백한 수육,false,https://ldb-phinf.pstatic.net/20251030_288/17618006885156PGjm_JPEG/20250823_%BC%F6%B1%B9%C1%A4%285m%29-%C7%D1%BF%EC%BC%F6%C0%B0.jpg
2030772228,5,한우수육(중),40000,40000,40000,100% 한우만을 사용한 부드럽고 담백한 수육,false,https://ldb-phinf.pstatic.net/20251030_174/1761800664616yTUzF_JPEG/20250823_%BC%F6%B1%B9%C1%A4%285m%29-%C7%D1%BF%EC%BC%F6%C0%B0.jpg
2030772228,6,한우곱창전골(대),55000,55000,55000,튼실한 한우곱창과 신선한야채를 듬뿍넣어 조리한 곱창전골,false,https://ldb-phinf.pstatic.net/20251030_84/1761800640251Eeo5Q_JPEG/20250823_%BC%F6%B1%B9%C1%A4%285m%29-%C7%D1%BF%EC%B0%F6%C3%A2%C0%FC%B0%F1.jpg
2030772228,7,한우곱창전골(중),40000,40000,40000,튼실한 한우곱창과 신선한야채를 듬뿍넣어 조리한 곱창전골,false,https://ldb-phinf.pstatic.net/20251030_47/176180059858137Pge_JPEG/20250823_%BC%F6%B1%B9%C1%A4%285m%29-%C7%D1%BF%EC%B0%F6%C3%A2%C0%FC%B0%F1.jpg
2030772228,8,한우얼큰해장국밥(특),16000,16000,16000,(특)고기가 정말 듬뿍 사리는덤,false,https://ldb-phinf.pstatic.net/20251030_147/1761800571272GhUp8_JPEG/20250823_%BC%F6%B1%B9%C1%A4%285m%29-%C7%D1%BF%EC%C7%D8%C0%E5%B1%B9%B9%E4.jpg
2030772228,9,한우국밥(특),15000,15000,15000,(특)고기가 정말 듬뿍 사리는덤,false,https://ldb-phinf.pstatic.net/20251030_76/1761800531842yz0kY_JPEG/20250823_%BC%F6%B1%B9%C1%A4%285m%29-%C7%D1%BF%EC%B1%B9%B9%E4.jpg
2030772228,10,한우수육무침,27000,27000,27000,특제소스 수육무침,false,https://ldb-phinf.pstatic.net/20251030_48/1761800504053l7x6z_JPEG/20250823_%BC%F6%B1%B9%C1%A4%285m%29-%C7%D1%BF%EC%BC%F6%C0%B0%B9%AB%C4%A7.jpg
2030772228,11,한우곱창국밥,17000,17000,17000,사골육수에 튼실한 곱창과 포두부 신선한 각종 버섯이 듬뿍 들어간 얼큰국밥.,false,https://ldb-phinf.pstatic.net/20251030_106/1761800475451Wyn1d_JPEG/20250823_%BC%F6%B1%B9%C1%A4%285m%29-%C7%D1%BF%EC%B0%F6%C3%A2%B1%B9%B9%E4.jpg
20311312,0,탕수육 (중),35000,35000,35000,"국내산 최상급의 도드람육을 사용하고
바삭하고 속은 부드럽게 맛을 냈습니다",false,https://ldb-phinf.pstatic.net/20230901_231/1693560487328p2KMa_JPEG/1693560471972.jpg
20311312,1,삼선짜장면,9000,9000,9000,,false,https://ldb-phinf.pstatic.net/20230901_32/1693560020863nFFa0_JPEG/1693560004187.jpg
20311312,2,삼선짬뽕,11000,11000,11000,"신선한 해물과 야채로
시원하고 매콤하게 볶고 끓여낸 맛",false,https://ldb-phinf.pstatic.net/20230901_27/16935597001761AiXb_JPEG/1693559659327.jpg
20311312,3,삼선우동 / 사천탕면,12000,12000,12000,,false,
20311312,4,삼선짬뽕밥 / 해산물볶음밥,11000,11000,11000,,false,
20311312,5,점심 코스요리 A,29000,29000,29000,,false,
20311312,6,점심 코스요리 B,38000,38000,38000,,false,
20311312,7,디너 코스요리 A,45000,45000,45000,,false,
20311312,8,디너 코스요리 B,70000,70000,70000,,false,
20311312,9,디너 코스요리 C,85000,85000,85000,,false,
2034609334,0,연남 치즈 비리아 퀘사,18900,18900,18900,"황금빛 치즈가 바삭하게 구워지고, 진한 비리아의 풍미를 더한 연남 스페셜 퀘사디아",false,https://ldb-phinf.pstatic.net/20260605_117/1780628236425ai402_JPEG/IMG_9265.jpg
2034609334,1,"빅 부리또 (핫치킨, 비프, 쉬림프)",17900,17900,17900,"언제 먹어도 만족스러운 한끼,
속 꽉 찬 BIG 부리또 3종을 출시했습니다!",false,https://ldb-phinf.pstatic.net/20260430_24/177751266985902QrA_JPEG/IMG_6632.JPEG
2034609334,2,광안 따꼬 (광안타코),16900,16900,16900,광안리 바다의 파도를 담아 치즈를 녹인 또띠아에 재료를 더한 광안리 시그니처 따꼬,true,https://ldb-phinf.pstatic.net/20251112_112/1762909210691d7UyP_JPEG/DSC00010.jpg
2034609334,3,곱창 따꼬 (곱창타코),14900,14900,14900,,true,https://ldb-phinf.pstatic.net/20260219_244/1771462921602i9FY3_JPEG/%B0%F6%C3%A2%B5%FB%B2%BF.jpg
2034609334,4,파히타(화이타) 플래터,39900,39900,39900,,true,https://ldb-phinf.pstatic.net/20250811_108/1754884548919wG1CA_JPEG/DSC05733_%BA%B9%BB%E7.jpg
2034609334,5,까르니따스 타코(2PCS),9900,9900,9900,,false,https://ldb-phinf.pstatic.net/20250811_78/17548847323033isQF_JPEG/IMG_8810.JPEG
2034609334,6,더블 퀘사디아,21900,21900,21900,,false,https://ldb-phinf.pstatic.net/20250811_201/1754890877532UGNdV_JPEG/%BA%AF%C8%AF%29DSC05785_%BA%B9%BB%E7.jpg
2034609334,7,까르니따스 엔칠라다,18900,18900,18900,,false,https://ldb-phinf.pstatic.net/20250811_39/1754890254898Pq8jE_JPEG/IMG_8818.JPEG
2034609334,8,파히타(화이타) 샐러드,18900,18900,18900,,false,https://ldb-phinf.pstatic.net/20251112_19/1762909249903T9Kc1_JPEG/DSC09927.jpg
2034609334,9,치폴레 치킨 파히타,35900,35900,35900,,false,https://ldb-phinf.pstatic.net/20260225_183/1771986546738YLlXu_JPEG/DSC09900.jpg
2034609334,10,과카몰리&칩,8900,8900,8900,,false,https://ldb-phinf.pstatic.net/20250811_293/1754890613864apqq5_JPEG/IMG_8823.JPEG
2034609334,11,초리조 타코(2PCS),9900,9900,9900,,false,https://ldb-phinf.pstatic.net/20250811_35/1754884780613qFiMK_JPEG/IMG_8812.JPEG
2034609334,12,까르네 아사다 타코(2PCS),13500,13500,13500,,false,https://ldb-phinf.pstatic.net/20250811_228/175489002209985O2Y_JPEG/IMG_8814.JPEG
2034609334,13,쉬림프 타코(2PCS),13500,13500,13500,,false,https://ldb-phinf.pstatic.net/20250811_90/1754891069444dxXvV_JPEG/%BA%AF%C8%AF%29230726_%BE%EE%B1%DB%B8%AE%BD%BA%C5%E4%BA%EA5298.jpg
2034609334,14,치폴레 치킨 타코(2PCS),13900,13900,13900,,false,https://ldb-phinf.pstatic.net/20251112_276/1762909274148VeuGq_JPEG/DSC09996.jpg
2034609334,15,비리아 치즈 타코(2PCS),14900,14900,14900,,false,https://ldb-phinf.pstatic.net/20250811_103/1754890908158xcIx2_JPEG/%BA%AF%C8%AF%29DSC05703_%BA%B9%BB%E7.jpg
2034609334,16,까르니따스 부리또,11900,11900,11900,,false,https://ldb-phinf.pstatic.net/20250811_161/1754890323614RfrVk_JPEG/IMG_2023.JPEG
2034609334,17,치킨 부리또,13900,13900,13900,,false,https://ldb-phinf.pstatic.net/20251031_131/1761879468891PDAo0_JPEG/%C4%A1%C5%B2%BA%CE%B8%AE%B6%C7.JPG
2034609334,18,스테이크 부리또,15900,15900,15900,,false,https://ldb-phinf.pstatic.net/20251031_197/1761879483405pxVdy_JPEG/%BD%BA%C5%D7%C0%CC%C5%A9%BA%CE%B8%AE%B6%C7.JPG
2034609334,19,까르니따스 부리또볼,11900,11900,11900,,false,https://ldb-phinf.pstatic.net/20250811_40/1754890346107Y4wG7_JPEG/IMG_2025.JPEG
2034609334,20,치킨 부리또볼,13900,13900,13900,,false,https://ldb-phinf.pstatic.net/20251031_193/1761879516476SQ8DS_JPEG/%C4%A1%C5%B2%BA%CE%B8%AE%B6%C7%BA%BC.JPG
2034609334,21,스테이크 부리또볼,15900,15900,15900,,false,https://ldb-phinf.pstatic.net/20251031_223/1761879532026JDU4N_JPEG/%BD%BA%C5%D7%C0%CC%C5%A9%BA%CE%B8%AE%B6%C7%BA%BC.JPG
2034609334,22,파히타 치킨 퀘사디아,15900,15900,15900,,false,https://ldb-phinf.pstatic.net/20250811_123/1754890495940aux1R_JPEG/IMG_1651.JPEG
2034609334,23,익선 따꼬 샐러드,17900,17900,17900,한옥 처마를 닮은 또띠아 볼에 신선한 샐러드와 초리조를 가득 담아낸 익선 스페셜 샐러드,false,https://ldb-phinf.pstatic.net/20260605_29/1780628217895nyTCQ_JPEG/DSC09932.jpg
2034609334,24,치즈&치킨 엔칠라다,18900,18900,18900,,false,https://ldb-phinf.pstatic.net/20250811_234/1754890286533IPROV_JPEG/IMG_8820.JPEG
2034609334,25,꿰소&칩,8900,8900,8900,,false,https://ldb-phinf.pstatic.net/20250811_289/17548906358611NJAa_JPEG/IMG_8825.JPEG
2046937147,0,올미트 파히타,49500,49500,49500,생활의 달인의 비법 5가지 고기를 또띠아에 듬뿍 올려 먹는 시그니처 파히타,false,https://ldb-phinf.pstatic.net/20260108_184/1767834124506qMrlH_JPEG/%BF%C3%B9%CC%C6%AE_%C6%C4%C8%F7%C5%B8_%BA%ED%B7%A2_%C6%BC%BF%C0%B4%F5.jpg
2046937147,1,NY타코플래터,42500,42500,42500,모든 타코를 즐길 수 있는 올인원 플래터,false,https://ldb-phinf.pstatic.net/20260108_281/1767834207041fminf_JPEG/%C5%B8%C4%DA_%C7%C3%B7%A1%C5%CD_%BA%ED%B7%A2_%C6%BC%BF%C0%B4%F5.jpg
2046937147,2,비리아 타코 (2PCS),13600,13600,13600,생활의달인에 방영된 시그니쳐 비리아 타코,false,https://ldb-phinf.pstatic.net/20260108_26/176783423805317pDW_JPEG/%BA%F1%B8%AE%BE%C6%C5%B8%C4%DA_%C6%BC%BF%C0%B4%F5.jpg
2046937147,3,까르네아사다 타코 (2PCS),13500,13500,13500,수비드 방식으로 저온조리한 육즙~가득 소고기가 올라간 스테이크 타코,false,https://ldb-phinf.pstatic.net/20260108_91/17678342532251mxcR_JPEG/%B1%EE%B8%A3%B3%D7%BE%C6%BB%E7%B4%D9_%C5%B8%C4%DA_%BA%ED%B7%A2_%C6%BC%BF%C0%B4%F5.jpg
2046937147,4,감바스 타코 (2PCS),12500,12500,12500,탱글쫄깃 그릴링한 새우가 듬뿍 올라간 쉬림프 타코,false,https://ldb-phinf.pstatic.net/20260108_180/176783427751129I7c_JPEG/%B0%A8%B9%D9%BD%BA_%C5%B8%C4%DA_%BA%ED%B7%A2_%C6%BC%BF%C0%B4%F5.jpg
2046937147,5,뽀요 타코 (2PCS),10500,10500,10500,수비드 조리한 부드러운 닭고기가 올라간 치폴레치킨 타코,false,https://ldb-phinf.pstatic.net/20260108_78/1767834301771e8OGB_JPEG/%BB%C7%BF%E4_%C5%B8%C4%DA_%BA%ED%B7%A2_%C6%BC%BF%C0%B4%F5.jpg
2046937147,6,피카딜로 타코 (2PCS),9500,9500,9500,비법 라구소스와 다진 돼지고기를 그릴링한 포크라구 타코,false,https://ldb-phinf.pstatic.net/20260108_174/1767834316001FefhO_JPEG/%C7%C7%C4%AB%B5%F4%B7%CE_%C5%B8%C4%DA_%BA%ED%B7%A2_%C6%BC%BF%C0%B4%F5.jpg
2046937147,7,돈카츠 타코 (2PCS),9000,9000,9000,겉바속촉~ 육즙 가득 담은 볼카츠가 올라간 돈카츠 타코,false,https://ldb-phinf.pstatic.net/20260108_46/1767834338028T0GUa_JPEG/%B5%B7%C4%AB%C3%F7_%C5%B8%C4%DA_%BA%ED%B7%A2_%C6%BC%BF%C0%B4%F5.jpg
2046937147,8,올미트 라이스 포케,15500,15500,15500,"4종류의 프로틴이 몽땅 들어간 시그니쳐 라이스포케
(점보 +2,000원)",false,https://ldb-phinf.pstatic.net/20260108_291/1767834590627e631H_JPEG/%BF%C3%B9%CC%C6%AE_%B6%F3%C0%CC%BD%BA_%C6%F7%C4%C9_%C6%BC%BF%C0%B4%F5.jpg
2046937147,9,까르네아사다 라이스 포케 (스테이크),14000,14000,14000,"점보 +2,000원",false,https://ldb-phinf.pstatic.net/20260108_209/1767834440827irTl3_JPEG/%B1%EE%B8%A3%B3%D7_%BE%C6%BB%E7%B4%D9_%B6%F3%C0%CC%BD%BA_%C6%F7%C4%C9_%C6%BC%BF%C0%B4%F5.jpg
2046937147,10,감바스 라이스 포케 (그릴쉬림프),12500,12500,12500,"점보 +2,000원",false,https://ldb-phinf.pstatic.net/20260108_132/1767834465957nYecw_JPEG/%B0%A8%B9%D9%BD%BA_%B6%F3%C0%CC%BD%BA_%C6%F7%C4%C9_%C6%BC%BF%C0%B4%F5.jpg
2046937147,11,뽀요 라이스 포케 (치폴레치킨),11000,11000,11000,"점보 +2,000원",false,https://ldb-phinf.pstatic.net/20260108_213/1767834495409J3SkQ_JPEG/%BB%C7%BF%E4_%B6%F3%C0%CC%BD%BA_%C6%F7%C4%C9_%C6%BC%BF%C0%B4%F5.jpg
2046937147,12,피카딜로 라이스 포케 (포크라구),9500,9500,9500,"점보 +2,000원",false,https://ldb-phinf.pstatic.net/20260108_32/1767834511989WXrWJ_JPEG/%C7%C7%C4%AB%B5%F4%B7%CE_%B6%F3%C0%CC%BD%BA_%C6%F7%C4%C9_%C6%BC%BF%C0%B4%F5.jpg
2046937147,13,돈카츠 라이스 포케,9000,9000,9000,"점보 +2,000원",false,https://ldb-phinf.pstatic.net/20260108_277/1767834538548t12ts_JPEG/%B5%B7%C4%AB%C3%F7_%B6%F3%C0%CC%BD%BA_%C6%F7%C4%C9_%C6%BC%BF%C0%B4%F5.jpg
2046937147,14,까르네아사다 샐러드 포케 (스테이크),15000,15000,15000,"점보 +2,000원",false,https://ldb-phinf.pstatic.net/20260108_265/1767834696367epQVf_JPEG/%B1%EE%B8%A3%B3%D7%BE%C6%BB%E7%B4%D9_%BB%F8%B7%AF%B5%E5_%C6%F7%C4%C9_%C6%BC%BF%C0%B4%F5.jpg
2046937147,15,감바스 샐러드 포케 (그릴쉬림프),13500,13500,13500,"점보 +2,000원",false,https://ldb-phinf.pstatic.net/20260108_271/1767834706678RyxBV_JPEG/%B0%A8%B9%D9%BD%BA_%BB%F8%B7%AF%B5%E5_%C6%F7%C4%C9_%C6%BC%BF%C0%B4%F5.jpg
2046937147,16,뽀요 샐러드 포케 (치폴레치킨),12000,12000,12000,"점보 +2,000원",false,https://ldb-phinf.pstatic.net/20260108_299/1767834716663AbBUP_JPEG/%BB%C7%BF%E4_%BB%F8%B7%AF%B5%E5_%C6%F7%C4%C9_%C6%BC%BF%C0%B4%F5.jpg
2046937147,17,피카딜로 샐러드 포케 (포크라구),10500,10500,10500,"점보 +2,000원",false,https://ldb-phinf.pstatic.net/20260108_36/1767834724442rUGtB_JPEG/%C7%C7%C4%AB%B5%F4%B7%CE_%BB%F8%B7%AF%B5%E5_%C6%F7%C4%C9_%C6%BC%BF%C0%B4%F5.jpg
2046937147,18,돈카츠 샐러드 포케,10000,10000,10000,"점보 +2,000원",false,https://ldb-phinf.pstatic.net/20260108_41/1767834564585RsO7u_JPEG/%B5%B7%C4%AB%C3%F7_%BB%F8%B7%AF%B5%E5_%C6%F7%C4%C9_%C6%BC%BF%C0%B4%F5.jpg
2046937147,19,올미트 부리또,15500,15500,15500,"점보 +2,000원",false,https://ldb-phinf.pstatic.net/20260108_62/1767834884765nXj1J_JPEG/%BF%C3%B9%CC%C6%AE_%BA%CE%B8%AE%B6%C7_%C6%BC%BF%C0%B4%F5.jpg
2046937147,20,까르네아사다 라이스 부리또(스테이크),13500,13500,13500,"점보 +2,000원",false,https://ldb-phinf.pstatic.net/20260108_251/1767834775194x8ulj_JPEG/%B1%EE%B8%A3%B3%D7%BE%C6%BB%E7%B4%D9_%BA%CE%B8%AE%B6%C7_%C6%BC%BF%C0%B4%F5.jpg
2046937147,21,감바스 라이스 부리또 (그릴쉬림프),12000,12000,12000,"점보 +2,000원",false,https://ldb-phinf.pstatic.net/20260108_267/1767834790594nvHsH_JPEG/%B0%A8%B9%D9%BD%BA_%BA%CE%B8%AE%B6%C7_%C6%BC%BF%C0%B4%F5.jpg
2046937147,22,뽀요 라이스 부리또 (치폴레치킨),10500,10500,10500,"점보 +2,000원",false,https://ldb-phinf.pstatic.net/20260108_282/1767834808776JPUFm_JPEG/%BB%C7%BF%E4_%BA%CE%B8%AE%B6%C7_%C6%BC%BF%C0%B4%F5.jpg
2046937147,23,돈카츠 라이스 부리또,9500,9500,9500,"점보 +2,000원",false,https://ldb-phinf.pstatic.net/20260108_37/17678348660048zXtr_JPEG/%B5%B7%C4%AB%C3%F7_%BA%CE%B8%AE%B6%C7_%C6%BC%BF%C0%B4%F5.jpg
2046937147,24,피카딜로 라이스 부리또 (포크라구),9000,9000,9000,"점보 +2,000원",false,https://ldb-phinf.pstatic.net/20260108_52/1767834817534HhrR9_JPEG/%C7%C7%C4%AB%B5%F4%B7%CE_%BA%CE%B8%AE%B6%C7_%C6%BC%BF%C0%B4%F5.jpg
2046937147,25,까르네아사다 샐러드 롤 (스테이크),13500,13500,13500,"점보 +2,000원",false,https://ldb-phinf.pstatic.net/20260108_11/17678349659151imTJ_JPEG/%B1%EE%B8%A3%B3%D7%BE%C6%BB%E7%B4%D9_%BB%F8%B7%AF%B5%E5%B7%D1_%C6%BC%BF%C0%B4%F5.jpg
2046937147,26,감바스 샐러드 롤 (그릴쉬림프),12000,12000,12000,"점보 +2,000원",false,https://ldb-phinf.pstatic.net/20260108_65/176783497437617C83_JPEG/%B0%A8%B9%D9%BD%BA_%BB%F8%B7%AF%B5%E5%B7%D1_%C6%BC%BF%C0%B4%F5.jpg
2046937147,27,뽀요 샐러드 롤 (치폴레치킨),10500,10500,10500,"점보 +2,000원",false,https://ldb-phinf.pstatic.net/20260108_242/1767834981524jckpu_JPEG/%BB%C7%BF%E4_%BB%F8%B7%AF%B5%E5%B7%D1_%C6%BC%BF%C0%B4%F5.jpg
2046937147,28,돈카츠 샐러드 롤,9500,9500,9500,"점보 +2,000원",false,https://ldb-phinf.pstatic.net/20260108_293/1767834906358x8G62_JPEG/%B5%B7%C4%AB%C3%F7_%BB%F8%B7%AF%B5%E5%B7%D1_%C6%BC%BF%C0%B4%F5.jpg
2046937147,29,피카딜로 샐러드 롤 (포크라구),9000,9000,9000,"점보 +2,000원",false,https://ldb-phinf.pstatic.net/20260108_196/176783499203365Cvi_JPEG/%C7%C7%C4%AB%B5%F4%B7%CE_%BB%F8%B7%AF%B5%E5%B7%D1_%C6%BC%BF%C0%B4%F5.jpg
2046937147,30,까르네아사다 퀘사디아 (스테이크),17500,17500,17500,,false,https://ldb-phinf.pstatic.net/20260108_105/17678350119691oTGd_JPEG/%B1%EE%B8%A3%B3%D7_%BE%C6%BB%E7%B4%D9_%C4%F9%BB%E7%B5%F0%BE%C6_%C6%BC%BF%C0%B4%F5.jpg
2046937147,31,뽀요 퀘사디아 (치폴레치킨),15500,15500,15500,,false,https://ldb-phinf.pstatic.net/20260108_58/17678350207247GY6X_JPEG/%BB%C7%BF%E4_%C4%F9%BB%E7%B5%F0%BE%C6_%C6%BC%BF%C0%B4%F5.jpg
2046937147,32,피카딜로 퀘사디아 (포크라구),13500,13500,13500,,false,https://ldb-phinf.pstatic.net/20260108_280/1767835028212y6gzO_JPEG/%C7%C7%C4%AB%B5%F4%B7%CE_%C4%F9%BB%E7%B5%F0%BE%C6_%C6%BC%BF%C0%B4%F5.jpg
2046937147,33,햄치즈 퀘사디아 (키즈메뉴),9800,9800,9800,,false,https://ldb-phinf.pstatic.net/20260108_207/1767835047171MAlOO_JPEG/%C7%DC%C4%A1%C1%EE_%C4%F9%BB%E7%B5%F0%BE%C6_%C6%BC%BF%C0%B4%F5.jpg
2046937147,34,치폴레 닭껍질튀김,14500,14500,14500,,false,https://ldb-phinf.pstatic.net/20260108_277/1767835086083T86av_JPEG/%C4%A1%C6%FA%B7%B9_%B4%DF%B2%AE%C1%FA_%C6%A2%B1%E8_%C6%BC%BF%C0%B4%F5.jpg
2046937147,35,버팔로윙,11800,11800,11800,,false,https://ldb-phinf.pstatic.net/20260108_265/1767835315867t9JCI_JPEG/%B9%F6%C6%C8%B7%CE%C0%AE_%C6%BC%BF%C0%B4%F5.jpg
2046937147,36,크리스피 콘소메 콘립,9800,9800,9800,,false,https://ldb-phinf.pstatic.net/20260108_158/1767835115485Lr0iy_JPEG/%C5%A9%B8%AE%BD%BA%C7%C7_%C4%DC%BC%D2%B8%DE_%C4%DC%B8%B3_%C6%BC%BF%C0%B4%F5.jpg
2046937147,37,더티프라이즈,9800,9800,9800,,false,https://ldb-phinf.pstatic.net/20260108_75/1767835326530P36Vm_JPEG/%B4%F5%C6%BC%C7%C1%B6%F3%C0%CC%C1%EE_%C6%BC%BF%C0%B4%F5.jpg
2046937147,38,감바스 올리오&나초,9800,9800,9800,,false,https://ldb-phinf.pstatic.net/20260108_256/1767835141323j33Kx_JPEG/%B0%A8%B9%D9%BD%BA_%BF%C3%B8%AE%BF%C0%B3%AA%C3%CA_%C6%BC%BF%C0%B4%F5.jpg
2046937147,39,더티 나초,9500,9500,9500,,false,https://ldb-phinf.pstatic.net/20260108_80/17678353341608icrB_JPEG/%B4%F5%C6%BC%B3%AA%C3%CA_%C6%BC%BF%C0%B4%F5.jpg
2046937147,40,비리아 오뎅탕,9500,9500,9500,,false,https://ldb-phinf.pstatic.net/20260108_98/17678351614977GyIz_JPEG/%BA%F1%B8%AE%BE%C6_%BF%C0%B5%AD%C5%C1_%C6%BC%BF%C0%B4%F5.jpg
2046937147,41,포크라구 떡볶이,9000,9000,9000,,false,https://ldb-phinf.pstatic.net/20260108_61/17678351781100dhoq_JPEG/%C6%F7%C5%A9%B6%F3%B1%B8_%B6%B1%BA%BA%C0%CC_%C6%BC%BF%C0%B4%F5.jpg
2046937147,42,워터멜론 샤베트,8900,8900,8900,,false,https://ldb-phinf.pstatic.net/20260108_66/176783520078906d1y_JPEG/%BF%F6%C5%CD%B8%E1%B7%D0_%BB%FE%BA%A3%C6%AE_%C6%BC%BF%C0%B4%F5.jpg
2046937147,43,콘소메 나초,7800,7800,7800,,false,https://ldb-phinf.pstatic.net/20260108_99/17678353436666pSwS_JPEG/%C4%DC%BC%D2%B8%DE%B3%AA%C3%CA_%C6%BC%BF%C0%B4%F5.jpg
2046937147,44,오리지널 프라이즈,7800,7800,7800,,false,https://ldb-phinf.pstatic.net/20260108_219/1767835351055tfrnN_JPEG/%BF%C0%B8%AE%C1%F6%B3%CE%C7%C1%B6%F3%C0%CC%C1%EE_%C6%BC%BF%C0%B4%F5.jpg
2046937147,45,멕시코 육개장,6500,6500,6500,,false,https://ldb-phinf.pstatic.net/20260108_136/1767835358239NVgil_JPEG/%B8%DF%BD%C3%C4%DA%C0%B0%B0%B3%C0%E5_%C6%BC%BF%C0%B4%F5.jpg
2046937147,46,통모짜 치즈스틱,4900,4900,4900,,false,https://ldb-phinf.pstatic.net/20260421_68/1776778280098k9fwC_JPEG/%C6%BC%BF%C0%B4%F5_%C5%EB%B8%F0%C2%A5.jpg
2046937147,47,과카몰리,4800,4800,4800,,false,https://ldb-phinf.pstatic.net/20260108_227/1767835366568wOkiF_JPEG/%B0%FA%C4%AB%B8%F4%B8%AE_%C6%BC%BF%C0%B4%F5.jpg
2046937147,48,뉴욕 라거,5500,5500,5500,,false,https://ldb-phinf.pstatic.net/20251020_122/1760945044829tLmxF_JPEG/%B4%BA%BF%E5_%B6%F3%B0%C5_%C6%BC%BF%C0%B4%F5_%281%29.jpg
2046937147,49,돈훌리오 아네호 하이볼,13000,13000,13000,,false,https://ldb-phinf.pstatic.net/20251020_46/1760945095940fUpKJ_JPEG/%B5%B7%C8%C7%B8%AE%BF%C0_%BE%C6%B3%D7%C8%A3_%C7%CF%C0%CC%BA%ED_%C6%BC%BF%C0%B4%F5.jpg
2046937147,50,돈훌리오 레포사도 하이볼,11500,11500,11500,,false,https://ldb-phinf.pstatic.net/20251020_55/1760945115487VavnQ_JPEG/%B5%B7%C8%C7%B8%AE%BF%C0_%B7%B9%C6%F7%BB%E7%B5%B5_%C7%CF%C0%CC%BA%BC_%C6%BC%BF%C0%B4%F5.jpg
2046937147,51,1800 아네호 하이볼,11500,11500,11500,,false,https://ldb-phinf.pstatic.net/20251020_123/1760945143104mzIMg_JPEG/1800_%BE%C6%B3%D7%C8%A3_%C7%CF%C0%CC%BA%BC_%C6%BC%BF%C0%B4%F5.jpg
2046937147,52,1800 레포사도 하이볼,8000,8000,8000,,false,https://ldb-phinf.pstatic.net/20251020_207/17609451639232Pkuy_JPEG/1800_%B7%B9%C6%F7%BB%E7%B5%B5_%C7%CF%C0%CC%BA%BC_%C6%BC%BF%C0%B4%F5.jpg
2046937147,53,호세쿠엘보 하이볼,6500,6500,6500,,false,https://ldb-phinf.pstatic.net/20251020_233/1760945179298jou0K_JPEG/%C8%A3%BC%BC%C4%ED%BF%A4%BA%B8_%C7%CF%C0%CC%BA%BC_%C6%BC%BF%C0%B4%F5.jpg
2046937147,54,맨하탄 위스키 하이볼,6500,6500,6500,,false,https://ldb-phinf.pstatic.net/20251020_175/1760945200146L2giE_JPEG/%B8%C7%C7%CF%C5%BA_%C0%A7%BD%BA%C5%B0_%C7%CF%C0%CC%BA%BC_%C6%BC%BF%C0%B4%F5.jpg
2046937147,55,돈훌리오 아네호 피나콜라다,14000,14000,14000,,false,https://ldb-phinf.pstatic.net/20251020_38/1760945291901zCMsM_JPEG/%B5%B7%C8%C7%B8%AE%BF%C0_%BE%C6%B3%D7%C8%A3_%C7%C7%B3%AA%C4%DD%B6%F3%B4%D9.jpg
2046937147,56,돈훌리오 레포사도 마가리타,12000,12000,12000,,false,https://ldb-phinf.pstatic.net/20251020_287/1760945312019nsVfH_JPEG/%B5%B7%C8%C7%B8%AE%BF%C0_%B7%B9%C6%F7%BB%E7%B5%B5_%B8%B6%B0%A1%B8%AE%C5%B8.jpg
2046937147,57,1800 아네호 뉴욕 칵테일,11000,11000,11000,,false,https://ldb-phinf.pstatic.net/20251020_208/1760945333429lTwy2_JPEG/1800%BE%C6%B3%D7%C8%A3_%B4%BA%BF%E5_%C4%AC%C5%D7%C0%CF.jpg
2046937147,58,1800 데킬라 선라이즈,8500,8500,8500,,false,https://ldb-phinf.pstatic.net/20251020_85/1760945356464UynBW_JPEG/1800_%B5%A5%C5%B3%B6%F3_%BC%B1%B6%F3%C0%CC%C1%EE.jpg
2051147752,0,꽃목살,17500,17500,17500,돈몽에서만 맛볼 수 있는 시그니처 메뉴 꽃목살.,true,https://ldb-phinf.pstatic.net/20250709_189/1752033565706wKA4n_JPEG/IMG_8009.jpeg
2051147752,1,삼겹살,17500,17500,17500,,false,
2051147752,2,가브리살,20000,20000,20000,,false,
2051147752,3,항정살,23000,23000,23000,,false,
2051147752,4,한우 투쁠 갈비살,32000,32000,32000,,false,
2051147752,5,프리미엄 한우 육회120g,32000,32000,32000,,false,
2051147752,6,프리미엄 한우 육회60g,16000,16000,16000,,false,
2051147752,7,돼지 김치찌개,10000,10000,10000,,false,
2051147752,8,돼지제육볶음,11000,11000,11000,,false,
2051147752,9,전통 왕 갈비탕,15000,15000,15000,,false,
2051147752,10,우신탕(매운갈비탕),15000,15000,15000,,false,
2051147752,11,얼큰순두부찌개,9500,9500,9500,,false,
2051147752,12,수제 메밀 물/비빔 냉면,8000,8000,8000,,false,
2051147752,13,재래 된장찌개,5000,5000,5000,,false,
2051147752,14,재래 된장술밥,7500,7500,7500,,false,
2051147752,15,깍두기 볶음밥,6000,6000,6000,,false,
2051147752,16,공기밥,2000,2000,2000,,false,
2055152555,0,미니 히츠마부시(반마리),19000,19000,19000,"[전라도 양어장 산지 직송] [하루 50그릇 한정]
국내산 민물장어를 가득 담아낸 대표메뉴",false,https://ldb-phinf.pstatic.net/20260226_60/1772091269092LfiHm_JPEG/%C8%F7%C2%EA%B8%B6%BA%CE%BD%C3_%B9%DD%B8%B6%B8%AE.jpg
2055152555,1,히츠마부시,29000,29000,29000,"[전라도 양어장 산지 직송] [하루 50그릇 한정]
국내산 민물장어를 가득 담아낸 대표메뉴",true,https://ldb-phinf.pstatic.net/20260309_234/177306195974327wmg_JPEG/3.jpg
2055152555,2,히츠마부시 특,39000,39000,39000,"[전라도 양어장 산지 직송] [하루 50그릇 한정]
국내산 민물장어를 가득 담아낸 대표메뉴",false,https://ldb-phinf.pstatic.net/20260309_3/17730619685103f8Yj_PNG/4.png
2055152555,3,파 장어전골,42000,42000,42000,"[전라도 양어장 산지 직송] [2~3인분]
국내산 민물장어와 깊고 개운한 국물의 전골.",false,https://ldb-phinf.pstatic.net/20260226_17/1772091253413maDoR_JPEG/%C6%C4_%C0%E5%BE%EE%C0%FC%B0%F1.jpg
2055152555,4,장어구이 세트 (소금/양념),75000,75000,75000,"[전라도 양어장 산지 직송]
국내산 민물장어의 고소함, 양념의 매콤함을 동시에 즐기는 메뉴",false,https://ldb-phinf.pstatic.net/20260309_131/1773061747961EnIt2_JPEG/1.jpg
2055152555,5,장어구이 (소금),38000,38000,38000,"[전라도 양어장 산지 직송]
국내산 민물장어의 고소함과 담백함을 담은 소해의 기본.",false,https://ldb-phinf.pstatic.net/20260324_99/1774347548512mvGMz_JPEG/1000077915.jpg
2055152555,6,장어구이 (양념),39000,39000,39000,"[전라도 양어장 산지 직송]
국내산 민물장어와 직접만든 양념소스로 구운 중독적인 매콤함.",false,https://ldb-phinf.pstatic.net/20260324_183/1774347562969QrB5y_JPEG/1000077916.jpg
2064842836,0,특물회정식 밥&소면,23000,23000,23000,"쉐프의 대표메뉴, , 물회곱배기입니다",true,https://ldb-phinf.pstatic.net/20260512_103/1778597643828U6j9q_JPEG/55062.jpg
2064842836,1,회덮밥,12000,12000,12000,"신선한회랑,야채랑 가득한 비빔밥",true,https://ldb-phinf.pstatic.net/20260512_19/1778596859661bv8wt_JPEG/55052.jpg
2064842836,2,활어초밥,15000,15000,15000,모듬활어로만 바로 만드는 스시,false,https://ldb-phinf.pstatic.net/20260512_153/1778597182655118Pz_JPEG/55042.jpg
2064842836,3,물회정식 밥&소면,15000,15000,15000,쉐프의 시그니처 육수를 시원하게 느껴보세요,false,https://ldb-phinf.pstatic.net/20260512_154/1778597436164o0avt_JPEG/55058.jpg
2064842836,4,동태탕,12000,12000,12000,얼큰하고 진한국물~해장되요,false,https://ldb-phinf.pstatic.net/20260512_292/1778596800256bRIuF_JPEG/55056.jpg
2064842836,5,연어덮밥,15000,15000,15000,영양이 풍부한 연어반&밥반,false,https://ldb-phinf.pstatic.net/20260512_275/1778597065361iWXI3_JPEG/55050.jpg
2064842836,6,도시셋2(회+새우튀김+명태강정+매운탕,65000,65000,65000,,false,https://ldb-phinf.pstatic.net/20250716_162/1752637409429hM62W_JPEG/IMG_4006.jpeg
2064842836,7,어부세트1(회+해물+매운탕),79000,79000,79000,,false,https://ldb-phinf.pstatic.net/20250716_199/1752637286371iw732_JPEG/IMG_4005.jpeg
2064842836,8,2가지 매운탕,46000,46000,46000,,false,
2064842836,9,3가지회+매운탕,49000,49000,49000,,false,
2064842836,10,해물라면,9000,9000,9000,,false,
2064842836,11,해산물모둠,39000,39000,39000,,false,
2073156975,0,본우리 한상 정찬,22900,22900,22900,소중한 사람과 함께할 때 더 가치있는 프리미엄 정찬 (2인분),false,https://ldb-phinf.pstatic.net/20260409_75/1775706795565aAGvf_JPEG/2603_%BA%BB%BF%EC%B8%AE%B9%DD%BB%F3_%BA%BB%BF%EC%B8%AE%C7%D1%BB%F3%C1%A4%C2%F9.jpg
2073156975,1,본우리 육(肉)반상,18900,18900,18900,"맛있게 볶아낸 육류 화로에 버섯 솥밥, 미니 된장찌개를 곁들여 가장 든든한 프리미엄 반상",false,https://ldb-phinf.pstatic.net/20260409_101/1775706747254VHVw5_JPEG/2603_%BA%BB%BF%EC%B8%AE%B9%DD%BB%F3_%C0%B0%B9%DD%BB%F3.jpg
2073156975,2,본우리 어(魚)반상,18900,18900,18900,"담백하게 구운 순살 생선구이에 버섯 솥밥, 미니 된장찌개를 곁들여 건강한 프리미엄 반상",false,https://ldb-phinf.pstatic.net/20260409_209/1775706713200j6o5a_JPEG/2603_%BA%BB%BF%EC%B8%AE%B9%DD%BB%F3_%BE%EE%B9%DD%BB%F3.jpg
2073156975,3,코다리 물냉면과 삼겹수육 반상,13900,13900,13900,시원한 육수에 매콤새콤쫄깃 코다리 무침을 올린 코다리 물냉면과 부드러운 삼겹수육의 조합,false,https://ldb-phinf.pstatic.net/20260409_129/1775706649639D7Rey_JPEG/%BC%D3%C3%CA%C4%DA%B4%D9%B8%AE%B3%C3%B8%E9%28%B9%B0%29%B9%DD%BB%F3%281000%29.jpg
2073156975,4,코다리 비빔냉면과 삼겹수육 반상,14900,14900,14900,특제 비빔장과 코다리 무침을 함께 비벼 먹는 코다리 비빔냉면과 부드러운 삼겹수육의 조합,false,https://ldb-phinf.pstatic.net/20260409_230/1775706626927ufJ9p_JPEG/%BC%D3%C3%CA%C4%DA%B4%D9%B8%AE%B3%C3%B8%E9%28%BA%F1%BA%F6%29_%BB%EF%B0%E3%BC%F6%C0%B0%B9%DD%BB%F3%BC%BC%C6%AE%281000%29.jpg
2073156975,5,코다리 물냉면,10900,10900,10900,시원한 소고기 냉면 육수에 매콤새콤쫄깃 코다리 무침을 올려 여름철 시원한 별미 반상,false,https://ldb-phinf.pstatic.net/20260409_104/1775706597143BqDq3_JPEG/%BC%D3%C3%CA%C4%DA%B4%D9%B8%AE%B3%C3%B8%E9%28%B9%B0%29%B9%DD%BB%F3%281000%29.jpg
2073156975,6,코다리 비빔냉면,11900,11900,11900,특제 비빔장과 매콤새콤쫄깃 코다리 무침을 함께 비벼 먹는 여름철 입맛 돋우는 별미 반상,false,https://ldb-phinf.pstatic.net/20260409_27/1775706545584H1kwI_JPEG/%BC%D3%C3%CA%C4%DA%B4%D9%B8%AE%B3%C3%B8%E9%28%BA%F1%BA%F6%29%B9%DD%BB%F3%281000%29.jpg
2073156975,7,사골 황태해장국 반상,12900,12900,12900,진한 사골육수에 부드럽고 고소한 황태채를 듬뿍 넣어 개운하게 끓여낸 든든 보양 반상,false,https://ldb-phinf.pstatic.net/20260409_297/1775706509131PNqt8_JPEG/2603_%BA%BB%BF%EC%B8%AE%B9%DD%BB%F3_%C8%B2%C5%D7%C7%EC%C0%E5%B1%B9%B9%DD%BB%F3.jpg
2073156975,8,통문어 솥밥 반상,19900,19900,19900,스테미너 가득한 통문어를 불향 가득 직화로 구워 올린 프리미엄 솥밥 반상,false,https://ldb-phinf.pstatic.net/20260409_67/1775705981035MirWC_JPEG/2603_%BA%BB%BF%EC%B8%AE%B9%DD%BB%F3_%C5%EB%B9%AE%BE%EE%BC%DC%B9%E4%B9%DD%BB%F3.jpg
2073156975,9,완도 전복 솥밥 반상,18900,18900,18900,진한 전복 내장소스와 쫄깃한 전복살을 올리고 풍미 깊은 구운 감태에 싸먹는 프리미엄 솥밥,false,https://ldb-phinf.pstatic.net/20260409_245/1775705993296SO0S1_JPEG/2603_%BA%BB%BF%EC%B8%AE%B9%DD%BB%F3_%BF%CF%B5%B5%C0%FC%BA%B9%BC%DC%B9%E4%B9%DD%BB%F3.jpg
2073156975,10,부채살 스테이크 솥밥 반상,15900,15900,15900,육즙 가득 부드러운 부채살 스테이크에 특제 소스와 와사비를 곁들여 먹는 솥밥 반상,false,https://ldb-phinf.pstatic.net/20260409_185/17757060177549THkg_JPEG/2603_%BA%BB%BF%EC%B8%AE%B9%DD%BB%F3_%BA%CE%C3%A4%BB%EC%BD%BA%C5%D7%C0%CC%C5%A9%BC%DC%B9%E4%B9%DD%BB%F3.jpg
2073156975,11,항정살 솥밥 반상,14900,14900,14900,쫄깃하고 부드러운 항정살에 매콤한 간장 소스를 발라 구워낸 별미 솥밥 반상,false,https://ldb-phinf.pstatic.net/20260409_53/1775706026825ja3kn_JPEG/2603_%BA%BB%BF%EC%B8%AE%B9%DD%BB%F3_%C7%D7%C1%A4%BB%EC%BC%DC%B9%E4%B9%DD%BB%F3.jpg
2073156975,12,버섯영양솥밥과 되비지찌개 반상,13900,13900,13900,향긋한 버섯과 곤드레가 가득한 영양 솥밥과 구수한 되비지찌개 조합의 건강 한 상,false,https://ldb-phinf.pstatic.net/20260409_273/1775706036067Lk5ek_JPEG/2603_%BA%BB%BF%EC%B8%AE%B9%DD%BB%F3_%B9%F6%BC%B8%BF%B5%BE%E7%BC%DC%B9%E4%B9%DD%BB%F3.jpg
2073156975,13,가지소고기 솥밥 반상,12900,12900,12900,부드러운 가지와 소고기를 특제 소스에 볶아 가득 올려낸 남녀노소 입맛 저격 솥밥 반상,false,https://ldb-phinf.pstatic.net/20260409_97/1775706054116ronpg_JPEG/2603_%BA%BB%BF%EC%B8%AE%B9%DD%BB%F3_%B0%A1%C1%F6%BC%D2%B0%ED%B1%E2%BC%DC%B9%E4%B9%DD%BB%F3.jpg
2073156975,14,남도 꼬막 솥밥 반상,12900,12900,12900,탱글탱글한 남도 꼬막에 청양고추를 넣고 맵싹하게 양념한 별미 솥밥 반상,false,https://ldb-phinf.pstatic.net/20260409_235/17757060920731ioX6_JPEG/2603_%BA%BB%BF%EC%B8%AE%B9%DD%BB%F3_%B3%B2%B5%B5%B2%BF%B8%B7%BC%DC%B9%E4%B9%DD%BB%F3.jpg
2073156975,15,바싹불고기 화로 반상,14900,14900,14900,특제 간장소스에 얇게 저민 후 센 불에서 바싹 구워낸 소불고기 화로 반상,false,https://ldb-phinf.pstatic.net/20260409_49/17757061269651G3je_JPEG/2603_%BA%BB%BF%EC%B8%AE%B9%DD%BB%F3_%B9%D9%BD%CF%BA%D2%B0%ED%B1%E2%C8%AD%B7%CE%B9%DD%BB%F3.jpg
2073156975,16,오리주물럭 화로 반상,13900,13900,13900,고소한 오리고기와 구운 마늘을 매콤달콤 고추장에 볶아내고 깻잎채로 향긋함을 더한 화로 반상,false,https://ldb-phinf.pstatic.net/20260409_158/1775706141032vwiyQ_JPEG/2603_%BA%BB%BF%EC%B8%AE%B9%DD%BB%F3_%BF%C0%B8%AE%C1%D6%B9%B0%B7%B0%C8%AD%B7%CE%B9%DD%BB%F3.jpg
2073156975,17,석갈비 화로 반상,13900,13900,13900,숙성 돼지고기를 돌판에 구워내 마지막 한 점까지 따뜻하게 즐기는 석갈비 화로 반상,false,https://ldb-phinf.pstatic.net/20260409_137/1775706163976yEOQg_JPEG/2603_%BA%BB%BF%EC%B8%AE%B9%DD%BB%F3_%BC%AE%B0%A5%BA%F1%C8%AD%B7%CE%B9%DD%BB%F3.jpg
2073156975,18,더덕제육불고기 화로 반상,13900,13900,13900,땅의 기운 가득 담은 더덕을 매콤한 제육과 함께 볶아낸 원기충전 화로 반상,false,https://ldb-phinf.pstatic.net/20260409_285/1775706173551WgGcA_JPEG/2603_%BA%BB%BF%EC%B8%AE%B9%DD%BB%F3_%B4%F5%B4%F6%C1%A6%C0%B0%BA%D2%B0%ED%B1%E2%C8%AD%B7%CE%B9%DD%BB%F3.jpg
2073156975,19,바지락 순두부찌개 반상,12900,12900,12900,고소하고 부드러운 초당 손두부에 시원한 바지락 듬뿍넣고 얼큰하게 끓여낸 겨울 특선 메뉴,false,https://ldb-phinf.pstatic.net/20260409_150/1775706186697wRnA4_JPEG/2603_%BA%BB%BF%EC%B8%AE%B9%DD%BB%F3_%B9%D9%C1%F6%B6%F4%BC%F8%B5%CE%BA%CE%C2%EE%B0%B3%B9%DD%BB%F3.jpg
2073156975,20,한우 나주곰탕 반상,13900,13900,13900,국내산 100% 한우 양지를 결대로 찢어 듬뿍 담아낸 정통 나주식 고기 곰탕,false,https://ldb-phinf.pstatic.net/20260409_126/17757062062226WQNc_JPEG/2603_%BA%BB%BF%EC%B8%AE%B9%DD%BB%F3_%C7%D1%BF%EC%B3%AA%C1%D6%B0%F5%C5%C1%B9%DD%BB%F3.jpg
2073156975,21,우삼겹 된장찌개와 삼겹수육 반상,13900,13900,13900,구수한 우삼겹 된장찌개에 꼬들무 명태회무침과 야들야들한 삼겹수육을 곁들여 더 든든한 반상,false,https://ldb-phinf.pstatic.net/20260409_97/1775706222425hsKWT_JPEG/2603_%BA%BB%BF%EC%B8%AE%B9%DD%BB%F3_%BF%EC%BB%EF%B0%E3%B5%C8%C0%E5%C2%EE%B0%B3%BF%CD%BB%EF%B0%E3%BC%F6%C0%B0%B9%DD%BB%F3.jpg
2073156975,22,삼겹수육,4900,4900,4900,식감 좋은 꼬들무 명태회 무침을 곁들여 더 맛있는 야들야들 삼겹수육,false,https://ldb-phinf.pstatic.net/20251112_80/1762944457387wyQIa_JPEG/%B3%D7%C0%CC%B9%F6_%BB%EF%B0%E3%BC%F6%C0%B0.jpg
2073156975,23,깻잎전(4개),4900,4900,4900,향긋한 깻잎 위에 고기와 채소를 잘게 썰어 넣은 우리나라 전통 전,false,https://ldb-phinf.pstatic.net/20251112_207/17629444864153PUQn_JPEG/%B3%D7%C0%CC%B9%F6_%B2%A2%C0%D9%C0%FC%284ea%29.jpg
2080469195,0,멘타이코 에고마아부라 우동,14000,14000,14000,명란 들기름 우동,true,https://ldb-phinf.pstatic.net/20260301_39/1772368081415dC45A_JPEG/%B8%ED%B6%F5%B5%E9%B1%E2%B8%A7.jpg
2080469195,1,멘타이코 핫코오버터 우동,14000,14000,14000,명란 발효 버터 우동,true,https://ldb-phinf.pstatic.net/20260301_263/1772368034044Xw6RB_JPEG/%B0%A1%B8%B6%B9%F6%C5%CD.jpg
2080469195,2,붓카케 우동,9000,9000,9000,부어먹는 일본식 쯔유 냉우동,true,https://ldb-phinf.pstatic.net/20260301_10/1772367692456OLy71_JPEG/%BA%D7%C4%AB%C4%C9_%BF%EC%B5%BF.jpg
2080469195,3,카라이 네기 우동,14000,14000,14000,매운 소고기 명란 온우동,false,https://ldb-phinf.pstatic.net/20260301_232/1772368115817rN5KB_JPEG/%C4%AB%B6%F3%C0%CC_%B3%D7%B1%E2_%BF%EC%B5%BF.jpg
2080469195,4,"면 추가 ( 냉, 온 )",0,,,면 추가는 무료입니다.,true,
2080469195,5,멘타이코 니쿠 우동,14000,14000,14000,명란 소고기 온우동,false,https://ldb-phinf.pstatic.net/20260301_95/17723680124576FmS8_JPEG/%B8%E0%C5%B8%C0%CC%C4%DA_%B4%CF%C4%ED_%BF%EC%B5%BF.jpg
2080469195,6,니쿠 우동,13000,13000,13000,소고기 온우동,false,https://ldb-phinf.pstatic.net/20260301_43/1772367988965XBnWJ_JPEG/%B4%CF%C4%ED_%BF%EC%B5%BF.jpg
2080469195,7,니쿠 붓카케 우동,13000,13000,13000,"소고기 스키야끼 우동 ( 냉, 온 )",false,https://ldb-phinf.pstatic.net/20260301_72/17723679586140MC5c_JPEG/%B4%CF%C4%ED_%BA%D7%C4%AB%C4%C9.jpg
2080469195,8,멘타이코 붓카케 우동,12000,12000,12000,차가운 명란 냉우동,false,https://ldb-phinf.pstatic.net/20260301_78/17723679289969E0FH_JPEG/%B8%ED%B6%F5_%BA%D7%C4%AB%C4%C9.jpg
2080469195,9,덴푸라 붓카케 우동,14000,14000,14000,덴푸라 냉우동,false,https://ldb-phinf.pstatic.net/20260301_117/17723679020571kLu0_JPEG/%B5%A7%C7%AA%B6%F3_%BA%D7%C4%AB%C4%C9.jpg
2080469195,10,노리가마보코 붓카케 우동,13000,13000,13000,어묵튀김 냉우동,false,https://ldb-phinf.pstatic.net/20260301_136/1772367882929lrvnC_JPEG/%BE%EE%B9%AC_%BA%D7%C4%AB%C4%C9.jpg
2080469195,11,에비텐 붓카케 우동,13000,13000,13000,새우튀김 냉우동,false,https://ldb-phinf.pstatic.net/20260301_150/1772367861689NBpQN_JPEG/%BF%A1%BA%F1_%BA%D7%C4%AB%C4%C9.jpg
2080469195,12,토리텐 붓카케 우동,12000,12000,12000,닭 튀김 냉우동,false,https://ldb-phinf.pstatic.net/20260301_84/1772367829161oAF89_JPEG/%C5%E4%B8%AE%C5%D9_%BA%D7%C4%AB%C4%C9.jpg
2080469195,13,카키아게 붓카케 우동,12000,12000,12000,야채튀김 냉우동,false,https://ldb-phinf.pstatic.net/20260301_13/1772367731184Qh8Jk_JPEG/%BE%DF%BB%E7%C0%CC_%BA%D7%C4%AB%C4%C9.jpg
2080469195,14,덴푸라 자루 우동,14000,14000,14000,,false,https://ldb-phinf.pstatic.net/20260301_126/17723676660950FW3w_JPEG/%B5%A7%C7%AA%B6%F3_%C0%DA%B7%E7.jpg
2080469195,15,노리가마보코 자루 우동,13000,13000,13000,,false,https://ldb-phinf.pstatic.net/20260301_293/1772367650438wG98b_JPEG/%BE%EE%B9%AC_%C0%DA%B7%E7.jpg
2080469195,16,에비텐 자루 우동,13000,13000,13000,,false,https://ldb-phinf.pstatic.net/20260301_201/1772367629571NW4pr_JPEG/%BF%A1%BA%F1%C5%D9_%C0%DA%B7%E7.jpg
2080469195,17,토리텐 자루 우동,12000,12000,12000,,false,https://ldb-phinf.pstatic.net/20260301_72/1772367610911oiKeR_JPEG/%C5%E4%B8%AE%C5%D9_%C0%DA%B7%E7.jpg
2080469195,18,카키아게 자루 우동,12000,12000,12000,,false,https://ldb-phinf.pstatic.net/20260301_76/177236757650361zbl_JPEG/%BE%DF%BB%E7%C0%CC_%C0%DA%B7%E7.jpg
2080469195,19,자루 우동,9000,9000,9000,찍어먹는 일본식 냉우동,false,https://ldb-phinf.pstatic.net/20260301_36/1772367543994kM2iK_JPEG/%C0%DA%B7%E7_%BF%EC%B5%BF.jpg
2080469195,20,덴푸라 카케 우동,14000,14000,14000,덴푸라 ( 에비 1 + 야채 3 ) 온우동,false,https://ldb-phinf.pstatic.net/20260301_136/1772367490788NkuD5_JPEG/%B5%A7%C7%AA%B6%F3_%C4%AB%C4%C9.jpg
2080469195,21,노리가마보코 카케 우동,13000,13000,13000,어묵튀김 온우동,false,https://ldb-phinf.pstatic.net/20260301_78/1772367451722cdACY_JPEG/%BE%EE%B9%AC_%C4%AB%C4%C9.jpg
2080469195,22,에비텐 카케 우동,13000,13000,13000,새우튀김 온우동,false,https://ldb-phinf.pstatic.net/20260301_231/1772367432060UtU9J_JPEG/%BF%A1%BA%F1_%C4%AB%C4%C9.jpg
2080469195,23,토리텐 카케 우동,12000,12000,12000,닭 튀김 온우동,false,https://ldb-phinf.pstatic.net/20260301_54/1772367403173DmwxC_JPEG/%C5%E4%B8%AE%C5%D9_%C4%AB%C4%C9.jpg
2080469195,24,카키아게 카케 우동,12000,12000,12000,야채튀김 온우동,false,https://ldb-phinf.pstatic.net/20260301_21/1772367373439TKYTi_JPEG/%BE%DF%BB%E7%C0%CC_%C4%AB%C4%C9.jpg
2080469195,25,카케 우동,9000,9000,9000,일본식 온우동,false,https://ldb-phinf.pstatic.net/20260301_73/1772367326631ectiN_JPEG/%C4%AB%C4%C9_%BF%EC%B5%BF.jpg
2080469195,26,치킨난반 정식,15000,15000,15000,부드럽게 튀겨낸 치킨난반을 중심으로 구성한 정식,false,https://ldb-phinf.pstatic.net/20260301_24/1772367280015xV0Ea_JPEG/KakaoTalk_20260220_175327754_01_%281%29.jpg
2080469195,27,에비덴푸라 정식,17000,17000,17000,바삭하게 튀겨낸 새우와 제철 채소를 담은 정식,false,https://ldb-phinf.pstatic.net/20260301_62/1772367204293OPkKk_JPEG/KakaoTalk_20260220_175327754_%281%29.jpg
2080469195,28,모둠덴푸라,17000,17000,17000,새우 3 + 가라아게 2 + 야채 6,false,https://ldb-phinf.pstatic.net/20260301_47/1772367166431AiaL0_JPEG/%B8%F0%B5%D2%B5%A7%C7%AA%B6%F3.jpg
2080469195,29,치킨난반,10000,10000,10000,바삭한 가라아게 + 크림소스,false,https://ldb-phinf.pstatic.net/20260301_238/1772367038892aSrHB_JPEG/%C4%A1%C5%B2%B3%AD%B9%DD.jpg
2080469195,30,크림새우,10000,10000,10000,새우튀김 + 크림소스,false,https://ldb-phinf.pstatic.net/20260301_36/1772366997975kL500_JPEG/KakaoTalk_20260220_175441629_03.jpg
2080469195,31,가라아게,9000,9000,9000,바삭하게 튀겨낸 닭 튀김,false,https://ldb-phinf.pstatic.net/20260301_274/1772366977565nIeeP_JPEG/%B0%A1%B6%F3%BE%C6%B0%D4.jpg
2080469195,32,노리가마보코 2P,5000,5000,5000,김말이 어묵튀김 2P,false,
2080469195,33,에비텐 2P,5000,5000,5000,바삭한 새우튀김 2P,false,https://ldb-phinf.pstatic.net/20260301_262/1772366800847hCtdG_JPEG/%BF%A1%BA%F1_2%B0%B3.jpg
2080469195,34,토리텐 3P,4000,4000,4000,바삭한 닭 튀김 3P,false,https://ldb-phinf.pstatic.net/20260301_220/17723667649592TKvj_JPEG/%C5%E4%B8%AE_3%B0%B3.jpg
2080469195,35,야사이 덴푸라,4000,4000,4000,바삭한 야채튀김,false,https://ldb-phinf.pstatic.net/20260301_160/1772366674343kqvtA_JPEG/%BE%DF%BB%E7%C0%CC_1%B0%B3.jpg
2083011880,0,탄단지 샐러드,8600,8600,8600,"부드러운 닭가슴살, 고구마 무스, 견과류, 크렌베리가 들어간 탄.단.지가 골고루 들어있습니",true,https://ldb-phinf.pstatic.net/20251022_248/1761113033516fHHa5_PNG/%C5%B0%BF%C0%BD%BA%C5%A9%2C%B9%E8%B9%CE_%B4%A9%B3%A2_250430-%BA%B9%BB%E7_0002s_0022_%C5%BA%B4%DC%C1%F6%BB%F8%B7%AF%B5%F0.png
2088388211,0,장어덮밥 단체도시락,,,,기업행사 및 회식 맞춤 구성으로 장어덮밥 단체도시락 가능합니다.,false,https://ldb-phinf.pstatic.net/20260127_166/1769492775037uGcUx_PNG/KakaoTalk_Photo_2026-01-27-14-45-22.png
2088388211,1,장어구이-소금구이,35000,35000,35000,,false,
2088388211,2,장어요리-양념구이,38000,38000,38000,,false,
2088388211,3,장어요리-장어정식(장어탕),19000,19000,19000,,false,https://ldb-phinf.pstatic.net/20251028_295/1761641648534nucGT_JPEG/KakaoTalk_Image_2025-10-28-17-47-28_001.jpeg
2088388211,4,장어요리-장어덮밥(장어탕),25000,25000,25000,,false,https://ldb-phinf.pstatic.net/20251028_277/1761641668352VqSSb_JPEG/KakaoTalk_Image_2025-10-28-17-47-28_002.jpeg
2088388211,5,더덕장어구이,49000,49000,49000,,false,
2088388211,6,전복버터구이,16000,16000,16000,,false,
2088388211,7,장어탕,12000,12000,12000,,false,
2088388211,8,전복장어탕,15000,15000,15000,,false,https://ldb-phinf.pstatic.net/20251028_97/1761641772288X9vjB_PNG/KakaoTalk_Image_2025-10-28-17-47-18.png
2088388211,9,잔치국수(후식메뉴),5000,5000,5000,,false,
2088388211,10,김치말이국수(후식메뉴),5000,5000,5000,,false,
2088388211,11,장어탕(후식메뉴),8000,8000,8000,,false,
2088388211,12,묵사발(후식메뉴),5000,5000,5000,,false,
2088388211,13,된장찌개(후식메뉴),8000,8000,8000,,false,
2090685363,0,해물볶음짜장,12000,12000,12000,,false,https://ldb-phinf.pstatic.net/20250914_3/17578129743402SPeg_JPEG/1757811432773.jpg
2090685363,1,차엔짬뽕,11000,11000,11000,,false,https://ldb-phinf.pstatic.net/20250914_187/1757812907884A6AvV_JPEG/1757811528995.jpg
2090685363,2,마라해물짜장,13000,13000,13000,,false,https://ldb-phinf.pstatic.net/20250914_118/1757812829657nJjL7_JPEG/1757811566125.jpg
2090685363,3,깐풍기(small),28000,28000,28000,,false,https://ldb-phinf.pstatic.net/20250914_116/175781276809228xWy_JPEG/1757811550311.jpg
2090685363,4,전가복(small),52000,52000,52000,,false,https://ldb-phinf.pstatic.net/20250914_16/17578126571976yFcK_JPEG/1757811659402.jpg
2090685363,5,유린기(small),32000,32000,32000,,false,https://ldb-phinf.pstatic.net/20250914_218/1757812699043bxbyt_JPEG/1757811677562.jpg
2090685363,6,해물누룽지탕(small),42000,42000,42000,,false,https://ldb-phinf.pstatic.net/20250914_202/1757812523827SSssE_JPEG/1757811727047.jpg
2090685363,7,팔보채(small),38000,38000,38000,,false,https://ldb-phinf.pstatic.net/20250914_151/17578124478610OVdr_JPEG/1757811774165.jpg
2090685363,8,동파육small size,40000,40000,40000,진한 간장소스에 돈육을 부드럽게 장시간 조려낸 동파육. 입안 가득이 녹는 황홀한 맛,false,https://ldb-phinf.pstatic.net/20250903_236/1756906292995iBCRn_JPEG/1000023044.jpg
2090685363,9,중식냉면,14000,14000,14000,차엔만의 중식육수에 신선한 각종 야채 고명.새꼼매꼼한 맛과 깔끔하고 시원한 계절 메뉴,false,https://ldb-phinf.pstatic.net/20250903_151/17569058337210JUVU_JPEG/1000023043.jpg
2090685363,10,모시조개술찜,32000,32000,32000,싱싱한 모시조개를 향긋한 술로 찐 해물요리.담백하고 깊은 맛이 입안에가득 머뭄니다,false,https://ldb-phinf.pstatic.net/20250903_120/1756905548241H0Kyx_JPEG/1000023042.jpg
2090685363,11,게살새우볶음밥,14000,14000,14000,신선하고 탱글한 새우와 고소한 게살의 풍미가 가득한 품격있는 볶음밥,false,https://ldb-phinf.pstatic.net/20250807_251/1754573351446uukil_JPEG/1000022729.jpg
2090685363,12,찹쌀탕수육 (small size),28000,28000,28000,"쫄깃한 찹쌀옷과 새콤 달콤 소스가 완벽하게
조화를 이룬 탕수육",false,https://ldb-phinf.pstatic.net/20250807_251/1754572807875EWJQf_JPEG/1000022726.jpg
2090685363,13,마늘소스 가지튀김,22000,22000,22000,"겉은 바삭, 속은 부드럽고 고소한 마늘향을
담은 가지튀김",false,https://ldb-phinf.pstatic.net/20250807_122/1754572437005znDmC_JPEG/1000022724.jpg
2090685363,14,어향동고 (small size),38000,38000,38000,진한 어향소스와 육즙 가득한 표고의 깊은 풍미,false,https://ldb-phinf.pstatic.net/20250807_94/1754572238936RqKQt_JPEG/1000022728.jpg
2090685363,15,양장피(small),36000,36000,36000,신선한 해산물과 제철 채소에 차엔프리미엄만의 특제소스로 버무린 냉채요리,false,https://ldb-phinf.pstatic.net/20250713_135/1752372605626VVAOM_JPEG/1000001232.jpg
2090685363,16,차엔 소마짜장면,9000,9000,9000,"바로 볶아낸 깊은 풍미, 차엔프리미엄만의 정석 짜장면",false,https://ldb-phinf.pstatic.net/20250713_26/1752372178509zv5Mv_JPEG/1000001208.jpg
2090685363,17,차돌짬뽕,13000,13000,13000,진한 육수와 풍부한 차돌박이 고명을 올린 얼큰한 짬뽕. 국물 맛에 반하게 됩니다,false,https://ldb-phinf.pstatic.net/20250713_255/1752371570994fnKz1_JPEG/1000001233.jpg
2090685363,18,차엔와인탕수(small),24000,24000,24000,겉은 바싹 속은 촉촉한 프리미엄탕수육. 국내산 돈육만을 사용해 고급스런 풍미를 살렸습니다,true,https://ldb-phinf.pstatic.net/20250713_173/1752371167955MT9mm_JPEG/1000001220.jpg
2094658394,0,120인분 한정판매 [정백선순대]🍚,15000,15000,15000,"[순댓국+수육+밥]
매장에서 직접 삶은 고기만 사용하는 프리미엄 순댓국
*밥,육수 리필가능",true,https://ldb-phinf.pstatic.net/20260126_92/1769408702725Py6hs_JPEG/%C1%A4%B9%E9%BC%B1%BC%F8%B4%EB.jpg
2094658394,1,순대추가,2000,2000,2000,"김치순대는 수육접시에, 토종순대는 국밥에 추가됩니다.",false,https://ldb-phinf.pstatic.net/20260212_10/1770857020504tPp8t_JPEG/%B1%E8%C4%A1%BC%F8%B4%EB.jpg
2094658394,2,음료,2000,2000,2000,,false,https://ldb-phinf.pstatic.net/20260212_93/17708570705891x7UH_JPEG/%C6%E9%BD%C3%C1%A6%B7%CE.jpg
2094658394,3,잔술,1000,1000,1000,,false,https://ldb-phinf.pstatic.net/20260212_166/1770858919928ymCfs_JPEG/%C7%D1%B6%F3%BB%EA21%B5%B5.jpg
2094658394,4,맥주,3000,3000,3000,,false,https://ldb-phinf.pstatic.net/20260212_106/1770858910717RISGK_JPEG/%C4%AB%BD%BA_335ml.jpg
2094658394,5,캔막걸리,3000,3000,3000,,false,https://ldb-phinf.pstatic.net/20260212_257/1770858961144jFV6f_JPEG/%B1%B9%BC%F8%B4%E7_%C4%B5%B8%B7%B0%C9%B8%AE.jpg
2094658394,6,병술,6000,6000,6000,15:30이후에만 판매,false,https://ldb-phinf.pstatic.net/20260212_146/1770857119427lnBfl_JPEG/%C2%FC%C0%CC%BD%BD%C7%C1%B7%B9%BD%C3%BA%B4%BC%FA.jpg
2098667179,0,(평일 점심특선) 청담보리가 기본정식,13000,13000,13000,5가지 계절나물 + 묵샐러드 + 서비스계란찜 + 보리숭늉 + 잡채 + 된장국 + 셀프바,true,https://ldb-phinf.pstatic.net/20250609_55/1749458468812dNWR5_JPEG/%BA%B8%B8%AE%B0%A13.jpg
2098667179,1,(평일 점심특선) 제육정식,16000,16000,16000,"청담보리가정식 + 직화불향 제육볶음
((불향 가득한 제육볶음과 보리비빔밥의 환상 궁합))",false,https://ldb-phinf.pstatic.net/20260124_123/17692562877525NAGT_JPEG/Technical__compositional_2k_202601242058.jpeg
2098667179,2,(평일 점심특선) 오징어 정식,16000,16000,16000,"청담보리가정식 + 매콤 오징어두루치기
(감칠맛 폭발 오징어볶음과 보리비빔밥의 환상궁합)",false,https://ldb-phinf.pstatic.net/20260124_133/1769256348079Yfcz0_JPEG/%BF%C0%C2%A1%BE%EE%C1%A4%BD%C4.jpeg
2098667179,3,(평일 점심특선) 고등어정식,16900,16900,16900,청담보리가정식 + 직화 고등어구이,false,https://ldb-phinf.pstatic.net/20260124_15/1769256409050rw0Aj_JPEG/Technical__compositional_2k_202601242040.jpeg
2098667179,4,매콤양념 꼬막정식,20000,20000,20000,"청담보리가정식 + 꼬막비빔밥
(맛깔스러운 매콤한 양념꼬막과 나물을 비벼먹는 보리비빔밥)",false,https://ldb-phinf.pstatic.net/20260126_265/176940139794719Bb0_JPEG/Technical__compositional_2k_202601242114.jpeg
2098667179,5,고등어구이 정식,20000,20000,20000,청담보리가 정식 + 직화 고등어구이,false,https://ldb-phinf.pstatic.net/20260124_70/1769256507014S2P9n_JPEG/Technical__compositional_2k_202601242040.jpeg
2098667179,6,매콤오징어볶음 정식,20000,20000,20000,"청담보리가정식 + 오징어볶음
(감칠맛 폭발 오징어볶음과 보리밥을 비벼먹는 최고의 궁합!)",false,https://ldb-phinf.pstatic.net/20260124_31/1769256484757xTGza_JPEG/%BF%C0%C2%A1%BE%EE%C1%A4%BD%C4.jpeg
2098667179,7,직화불향 제육정식,20000,20000,20000,"청담보리가정식 + 직화제육볶음
(불향 가득한 제육볶음과 보리비빔밥의 환상 궁합)",false,https://ldb-phinf.pstatic.net/20260124_262/1769256475233PDzHg_JPEG/Technical__compositional_2k_202601242058.jpeg
2098667179,8,법성포 특대보리굴비 정식,38000,38000,38000,"청담보리가정식+ 특대 보리굴비 1미
**법성포 왕특대(32cm) 보리굴비**",false,https://ldb-phinf.pstatic.net/20260124_239/1769256432528dw1ih_JPEG/Technical__compositional_2k_202601242050.jpeg
2098667179,9,[푸짐한상] 2인세트(제육&고등어),42000,42000,42000,2인정식 + 미니부추전 + 미니두부김치 + (직화제육/오징어볶음 중 택1) + 고등어,false,https://ldb-phinf.pstatic.net/20260129_247/1769653677682cJ6Do_JPEG/Convert_the_attached_2k_202601061949.jpeg
2098667179,10,[푸짐한상] 2인세트(보리굴비/술찜),59000,59000,59000,2인정식 + 미니부추전 + 미니두부김치 +보리굴비1미+ (바지락찜/도토리묵/제육볶음 택1),false,https://ldb-phinf.pstatic.net/20260129_171/1769653786097XdM34_JPEG/A_topdown_photograph_2k_202601061957.jpeg
2098667179,11,[푸짐한상]3인세트(제육&고등&파전),75000,75000,75000,3인정식 + 미니부추전 +미니두부김치 + (제육/오징어 중 택1) + 고등어 + 해물파전,false,https://ldb-phinf.pstatic.net/20260129_161/1769653957553nLrMS_PNG/%B8%F0%C0%BD%C4%C6%BC%F6%C1%A4%BA%BB.png
2098667179,12,[푸짐한상] 3인세트(수육&직화제육),79000,79000,79000,[푸짐한상] 3인정식 + 미니부추전 + 미니두부김치 (제육/오징어 중택1) +가마솥수육,false,https://ldb-phinf.pstatic.net/20260129_284/1769654109326bh7CE_JPEG/A_topdown_photograph_2k_202601062010.jpeg
2098667179,13,[푸짐한상] 4인 패밀리세트,99000,99000,99000,4인정식+미니부추전+미니두부김치+수육+(제육/오징/고등/꼬막 중 택2),false,https://ldb-phinf.pstatic.net/20260203_283/1770092784074ynwnl_JPEG/Hyperrealistic_food_photography_2k_202601141.jpeg
2098667179,14,들기름메밀막국수,12000,12000,12000,신선한 야채와 들기름향 가득한 시원하고 쫄깃한 메밀 막국수,false,https://ldb-phinf.pstatic.net/20260124_87/1769256457778t64Kk_JPEG/%B8%B7%B1%B9%BC%F6.jpeg
2098667179,15,신선야채 도토리묵,20000,20000,20000,,false,https://ldb-phinf.pstatic.net/20250609_73/1749458898099KOjTJ_JPEG/%B5%B5%C5%E4%B8%AE%B9%AC.jpg
2098667179,16,명품 해물파전,23000,23000,23000,,false,https://ldb-phinf.pstatic.net/20260108_258/1767842415058vb7jE_JPEG/1000029936.jpg
2098667179,17,황금비율 두부김치,22000,22000,22000,,false,https://ldb-phinf.pstatic.net/20250609_60/17494589459306w2ds_JPEG/%B5%CE%BA%CE%B1%E8%C4%A1.jpg
2098667179,18,바지락 술찜,20000,20000,20000,,false,https://ldb-phinf.pstatic.net/20260102_211/1767349580509tOAtt_JPEG/%B9%D9%C1%F6%B6%F4_%BC%FA%C2%F2.jpg
2098667179,19,매콤오징어 두루치기,25000,25000,25000,,false,https://ldb-phinf.pstatic.net/20260102_288/1767353010991VwgHR_JPEG/Image_202601022022.jpeg
2098667179,20,직화불향 제육볶음,25000,25000,25000,,false,https://ldb-phinf.pstatic.net/20260102_230/1767352460309t87g8_JPEG/Image_202601022008.jpeg
2098667179,21,가마솥 도마수육,35000,35000,35000,청담보리가 특제 소스에 부추를 담궈서 수육에 올려 드시면 됩니다,false,https://ldb-phinf.pstatic.net/20260102_72/1767349302866RieeV_JPEG/Image_202601021920.jpeg
2098667179,22,고등어 자반,20000,20000,20000,직화 훈연구이 고등어 입니다,false,https://ldb-phinf.pstatic.net/20250815_256/175522118298161D03_JPEG/%C1%A6%B8%F1%C0%BB-%C0%D4%B7%C2%C7%D8%C1%D6%BC%BC%BF%E4_-004_%282%29.jpg
2098667179,23,법성포 특등급 보리굴비,28000,28000,28000,"법성포 보리굴비중 특등급 보리굴비 만을 엄선함
**법성포 왕특대(32cm) 보리굴비**",false,https://ldb-phinf.pstatic.net/20260108_6/1767842385343bKeiR_JPEG/1000029998.jpg
2098667179,24,들기름 수제두부구이,7000,7000,7000,100% 국산 들기름으로 구워낸 건강한 두부구이,false,https://ldb-phinf.pstatic.net/20250620_240/17503951593181nN3B_JPEG/KakaoTalk_20250620_134908166.jpg
2098667179,25,흑임자 막걸리,12000,12000,12000,,false,https://ldb-phinf.pstatic.net/20250620_33/1750395093345jKVKv_JPEG/KakaoTalk_20250620_134918344.jpg
2098667179,26,딸기요거트 막걸리,12000,12000,12000,,false,https://ldb-phinf.pstatic.net/20250620_53/1750395103941Q4XNw_JPEG/KakaoTalk_20250620_134925628.jpg
2098667179,27,막걸리,7000,7000,7000,,false,https://ldb-phinf.pstatic.net/20260102_222/176734972528551tmt_JPEG/%B8%B7%B0%C9%B8%AE.jpg
2098667179,28,소주,6000,6000,6000,,false,https://ldb-phinf.pstatic.net/20250609_213/1749459145918cC0Ia_JPEG/%BC%D2%C1%D6.jpg
2098667179,29,맥주,7000,7000,7000,,false,https://ldb-phinf.pstatic.net/20250609_153/1749459171315KjUPn_JPEG/%C1%A6%B8%F1%C0%BB-%C0%D4%B7%C2%C7%D8%C1%D6%BC%BC%BF%E4_-002_%286%29.jpg
21573441,0,봉추찜닭 소,28000,28000,28000,감칠맛 가득한 특제 간장 소스가 일품인 대표 메뉴,false,https://ldb-phinf.pstatic.net/20231113_232/1699841152177UBdKk_JPEG/%BA%C0%C3%DF%C2%F2%B4%DF.jpg
21573441,1,봉추찜닭 중,44000,44000,44000,감칠맛 가득한 특제 간장 소스가 일품인 대표 메뉴,false,https://ldb-phinf.pstatic.net/20231113_96/1699841163529vkK79_JPEG/%BA%C0%C3%DF%C2%F2%B4%DF.jpg
21573441,2,봉추찜닭 대,58000,58000,58000,감칠맛 가득한 특제 간장 소스가 일품인 대표 메뉴,false,https://ldb-phinf.pstatic.net/20231113_292/1699841177520UVVMj_JPEG/%BA%C0%C3%DF%C2%F2%B4%DF.jpg
21573441,3,뼈없는 찜닭 소,30000,30000,30000,봉추찜닭을 더욱 부드럽고 편리하게! (국내산 닭다리&닭안심살),true,https://ldb-phinf.pstatic.net/20231113_142/1699841187878CvnCp_JPEG/%BB%C0%BE%F8%B4%C2%C2%F2%B4%DF.jpg
21573441,4,뼈없는 찜닭 중,48000,48000,48000,봉추찜닭을 더욱 부드럽고 편리하게! (국내산 닭다리&닭안심살),false,https://ldb-phinf.pstatic.net/20231113_110/1699841198632bbFRm_JPEG/%BB%C0%BE%F8%B4%C2%C2%F2%B4%DF.jpg
21573441,5,뼈없는 찜닭 대,62000,62000,62000,봉추찜닭을 더욱 부드럽고 편리하게! (국내산 닭다리&닭안심살),false,https://ldb-phinf.pstatic.net/20231113_281/16998412194107EOkk_JPEG/%BB%C0%BE%F8%B4%C2%C2%F2%B4%DF.jpg
21573441,6,누룽지,3000,3000,3000,매장에서 직접 구워 더욱 고소한 메뉴,true,https://ldb-phinf.pstatic.net/20231113_172/1699841236356NEovN_JPEG/%B4%A9%B7%EE%C1%F6.jpg
21573441,7,두가지 치즈,4000,4000,4000,진하고 고소한 맛의 체다치즈와 부드럽고 풍부한 맛의 모짜렐라 치즈가 어우러진 메뉴,false,https://ldb-phinf.pstatic.net/20230908_222/1694161072533COyfP_JPEG/%B5%CE%B0%A1%C1%F6%C4%A1%C1%EE_%B0%A1%B7%CE%C7%FC%28%BA%B8%C1%A4%29.jpg
21573441,8,강황떡,3000,3000,3000,몸에 좋고 맛도 좋은 강황으로 만든 강황떡,false,https://ldb-phinf.pstatic.net/20230908_2/1694161101958aRGOz_JPEG/%B0%AD%C8%B2%B6%B1_%C1%A4%B9%E6%C7%FC%28%BA%B8%C1%A4%29.jpg
21573441,9,치즈알떡,3000,3000,3000,부드러운 모짜렐라치즈가 들어간 치즈알떡,false,https://ldb-phinf.pstatic.net/20230908_15/1694161133600MTm0U_JPEG/%C4%A1%C1%EE%BE%CB%B6%B1_%C1%A4%B9%E6%C7%FC%28%BA%B8%C1%A4%29.jpg
21573441,10,섞어떡,3000,3000,3000,치즈알떡과 강황떡을 동시에!,false,https://ldb-phinf.pstatic.net/20230908_181/1694161154271RiNi1_JPEG/%BC%AF%BE%EE%B6%B1_%C1%A4%B9%E6%C7%FC%28%BA%B8%C1%A4%29.jpg
21791082,0,스테이크,35000~99000,35000,99000,오리가슴살 스테이크 & 안심 스테이크 & 등심 스테이크,true,https://ldb-phinf.pstatic.net/20180219_119/1519011746116UymnF_JPEG/akCLdTPS-tiUoAfP_Yc00xb8.JPG.jpg
21791082,1,파스타,16000~33000,16000,33000,,true,https://ldb-phinf.pstatic.net/20250601_282/1748786400746Usg5r_JPEG/%C6%AE%B7%AF%C7%C3%BF%C0%B8%AE%C1%F6%B3%CE%B1%EE%B8%A3%BA%B8%B3%AA%B6%F3.jpg
21791082,2,뇨끼,24000~30000,24000,30000,,true,https://ldb-phinf.pstatic.net/20220831_300/1661899983799dKjh7_JPEG/SW3_1066.jpg
21791082,3,쉐어 플레이트,19000~30000,19000,30000,,true,https://ldb-phinf.pstatic.net/20220831_67/1661900225280vctH2_JPEG/SW1_9090.jpg
21791082,4,리조또,20000~27000,20000,27000,,false,https://ldb-phinf.pstatic.net/20250601_287/1748786433542fnPSJ_JPEG/KakaoTalk_20220830_175344796_03.jpg
21791082,5,샐러드,12000,12000,12000,,false,https://ldb-phinf.pstatic.net/20180405_255/1522923695011vuIHI_JPEG/85Zx6QC4WeYn3z4JbkAbdNA4.jpg
21791082,6,디저트,7000,7000,7000,,false,
21844981,0,(점심)치킨정식,11000,11000,11000,"순살치킨과 감자튀김을 밥과 즐기는 점심메뉴
사과카레와 집밥같은 밑반찬에 , 서비스 맥주까지",true,https://ldb-phinf.pstatic.net/20220105_232/1641347997219Dfoip_JPEG/DSC03274.JPG
21844981,1,생감자 후라이드치킨,21000,21000,21000,,true,https://ldb-phinf.pstatic.net/20200604_82/159123523554205qtL_JPEG/gw0C9kitSkN0JaPj71JZ3nca.jpg
21844981,2,생감자 양념치킨,22000,22000,22000,,false,
21844981,3,생감자 마늘간장치킨,23000,23000,23000,,false,
21844981,4,생감자 파닭,23000,23000,23000,,false,
21844981,5,생감자튀김,15000,15000,15000,,true,
21844981,6,치킨주문시 감자추가,4000,4000,4000,,false,
21844981,7,골뱅이와 소면사리,21000,21000,21000,,false,
21844981,8,후라이드 모래집,15000,15000,15000,,false,
226185221,0,왕새우 튀김,17000,17000,17000,담백하고 깔끔하게 튀긴 왕새우 튀김입니다,false,https://ldb-phinf.pstatic.net/20240104_236/17043757095687FACg_JPEG/Screenshot_20240104_223206_Gallery.jpg
226185221,1,명란 점보 계란말이,16000,16000,16000,점보 계란말이에 명란마요 품었다,false,https://ldb-phinf.pstatic.net/20240104_63/1704375565258tKp9n_JPEG/Screenshot_20240104_223238_Gallery.jpg
226185221,2,해물 떡볶이,22000,22000,22000,모듬 해산물과 매콤한 떡볶이소스로만든 해물 떡볶이 입니다,false,https://ldb-phinf.pstatic.net/20240104_201/1704375407757bKvts_JPEG/Screenshot_20240104_223243_Gallery.jpg
226185221,3,우삼겹 숙주볶음,18000,18000,18000,우삼겹과 숙주를 볶아 만든 요리,false,https://ldb-phinf.pstatic.net/20240104_165/17043752834572SKAX_JPEG/Screenshot_20240104_223246_Gallery.jpg
226185221,4,모듬사시미(대),60000,60000,60000,모듬으로 즐기실수 있는 숙성회입니다,false,https://ldb-phinf.pstatic.net/20240104_161/1704375213336Nmc2h_JPEG/Screenshot_20240104_223152_Gallery.jpg
226185221,5,모듬사시미(중),40000,40000,40000,모듬으로 즐기실수 있는 숙성회입니다,false,https://ldb-phinf.pstatic.net/20240104_229/1704375181524HxGYs_JPEG/Screenshot_20240104_223152_Gallery.jpg
226185221,6,모듬회덮밥,13000,13000,13000,"신선,양,조화,비쥬얼 깡패 일상화식 시그니쳐 메뉴",true,https://ldb-phinf.pstatic.net/20220221_110/1645435179554rSBWn_PNG/%C8%B8%B5%A4%B9%E4.PNG
226185221,7,카이센동,17000,17000,17000,NO.1 시그니쳐 메뉴 제철 사시미를 한 그릇에 담은 카이센동,false,https://ldb-phinf.pstatic.net/20210119_65/1611037809045oS5Cf_JPEG/Zj8Q2E1_WAN7US0YGoaD3bje.jpg
226185221,8,스테이크 덮밥,12500,12500,12500,"숙성,소스,불맛 3가지의 조화 스테이크 덮밥",true,https://ldb-phinf.pstatic.net/20220221_77/1645435125494nzKjW_PNG/%BD%BA%C5%D7%C0%CC%C5%A9%B5%BF.PNG
226185221,9,타키와와세동,10500,10500,10500,"일본식 야채 ,문어, 조림덮밥",false,https://ldb-phinf.pstatic.net/20210119_233/1611037853687qc5ia_JPEG/ADjgHRriVXaZ8basWlNMXR_f.jpg
226185221,10,사케동,14000,14000,14000,매일매일 신선한 연어와 일상화식만의 숙성방법의 맛!맛!맛!,false,https://ldb-phinf.pstatic.net/20220221_138/164543451659279lst_PNG/%BF%AC%BE%EE%B5%A4%B9%E4.PNG
226185221,11,사케(연어)낫토동,12500,12500,12500,낫토매니아들도 반한 맛 낫토+연어의 조화!,false,https://ldb-phinf.pstatic.net/20220221_181/1645434452561E9FG6_PNG/%B3%B4%B6%C7.PNG
226185221,12,간장새우 덮밥,10000,10000,10000,특제간장에 한번 더 가미한 풍미와 감칠맛의 간장새우!,false,https://ldb-phinf.pstatic.net/20220221_284/1645448135412Ruz2v_PNG/%B0%A3%C0%E5%BB%F5%BF%EC.PNG
226185221,13,규동,9500,9500,9500,"일상화식만의 소고기 덮밥 한 끼!
든든합니다",false,https://ldb-phinf.pstatic.net/20220221_53/1645434608319vVNYq_PNG/%BA%CE%C5%B8%B5%BF.PNG
226185221,14,김치규동,10000,10000,10000,규동+수제 볶음김치의 완벽한 조화!,false,https://ldb-phinf.pstatic.net/20220221_288/1645434678601dHLa6_PNG/%B1%E8%C4%A1%BA%CE%C5%B8%B5%BF.PNG
226185221,15,카라이규동,10000,10000,10000,일상화식 시그니쳐! 매운 소고기 덮밥,false,https://ldb-phinf.pstatic.net/20220221_284/1645435021867tyOl5_PNG/%C4%AB%B6%F3%C0%CC%BA%CE%C5%B8%B5%BF.PNG
226185221,16,돈가츠 가츠동,9500,9500,9500,,false,https://ldb-phinf.pstatic.net/20220221_228/16454481597518iLTr_PNG/%B0%A1%C3%F7%B5%BF.PNG
226185221,17,에비믹스가츠동,12000,12000,12000,돈가츠 가츠동 + 새우튀김 맛+맛,false,https://ldb-phinf.pstatic.net/20220221_11/1645448299254uRkJq_PNG/%BF%A1%BA%F1%B9%CD%BD%BA%B0%A1%C3%F7%B5%BF.PNG
226185221,18,에비후라이동,10000,10000,10000,,false,https://ldb-phinf.pstatic.net/20220221_217/1645448171573opzz0_PNG/%BF%A1%BA%F1%C8%C4%B6%F3%C0%CC%B5%BF.PNG
226185221,19,돈코츠 차슈 라멘,11000,11000,11000,일상화식에선 라면도 맛있다! 검증되고 차별화된 돈코츠 차슈라멘,false,https://ldb-phinf.pstatic.net/20220221_133/16454481112687GP7h_PNG/%C2%F7%BD%B4%B6%F3%B8%E0.PNG
226185221,20,탄탄 우삼겹라멘,11000,11000,11000,여기서만 맛 볼 수 있는 탄탄라멘! 풍미한 맛과 알싸한 라멘,false,https://ldb-phinf.pstatic.net/20220221_146/1645448150792SEA9w_PNG/%C5%BA%C5%BA%B6%F3%B8%E0.PNG
226185221,21,커리스테이크동,13500,13500,13500,커리돈가츠/커리카라이규동/커리규동/커리스테이크동,false,https://ldb-phinf.pstatic.net/20231128_122/1701160689231IHXfs_JPEG/temp_file.jpg
226185221,22,커리규동,11500,11500,11500,,false,https://ldb-phinf.pstatic.net/20231128_39/1701160695270RvA5v_JPEG/temp_file.jpg
226185221,23,커리카라이큐동,12000,12000,12000,,false,https://ldb-phinf.pstatic.net/20231128_75/1701160706665uPz6y_JPEG/temp_file.jpg
226185221,24,커리돈카츠,11500,11500,11500,,false,https://ldb-phinf.pstatic.net/20231128_109/1701160712909pdY7M_JPEG/temp_file.jpg
226185221,25,차슈동,11500,11500,11500,"특제소스로 끓인 차슈 삼겹 덮밥
21년 신메뉴입니다.",false,https://ldb-phinf.pstatic.net/20211111_113/1636621500883qOuDY_PNG/%C2%F7%BD%B4%B5%A4%B9%E4.PNG
260155128,0,곱창구이,23000,23000,23000,,true,https://ldb-phinf.pstatic.net/20251218_161/1766046676280dCaQX_JPEG/1000017605.jpg
260155128,1,막창구이,23000,23000,23000,,false,https://ldb-phinf.pstatic.net/20251218_177/176604665536806hJa_JPEG/1000017599.jpg
260155128,2,대창구이,23000,23000,23000,,false,https://ldb-phinf.pstatic.net/20251218_247/1766046698885lJQIX_JPEG/1000017591.jpg
260155128,3,특양구이,28000,28000,28000,,false,https://ldb-phinf.pstatic.net/20251218_297/17660467152426JQPH_JPEG/1000017595.jpg
260155128,4,모듬구이 (중),63000,63000,63000,,true,https://ldb-phinf.pstatic.net/20251218_12/1766046759308LJzpw_JPEG/1000017610.jpg
260155128,5,모듬구이 (대),76000,76000,76000,,false,https://ldb-phinf.pstatic.net/20251218_42/17660469535037N4qR_JPEG/1000017619.jpg
260155128,6,소갈비살,18000,18000,18000,,false,
260155128,7,육회,23000,23000,23000,,false,
260155128,8,곱창전골 중,39000,39000,39000,,false,
260155128,9,곱창전골 대,49000,49000,49000,,false,
260155128,10,볶음밥,3500,3500,3500,,false,
279056593,0,오뎅,3500,3500,3500,,false,
279056593,1,김치볶음밥,5500,5500,5500,,false,
279056593,2,참치덮밥,6000,6000,6000,,false,
279056593,3,고구마돈까스,7500,7500,7500,,false,
279056593,4,들기름김밥,3000,3000,3000,,false,
279056593,5,치즈김밥,3500,3500,3500,,false,
279056593,6,참치김밥,4000,4000,4000,,false,
279056593,7,들깨시래기김밥,4200,4200,4200,,false,
279056593,8,매운불고기김밥,4200,4200,4200,,false,
279056593,9,연어김밥,5200,5200,5200,,false,
279056593,10,매콤소세지김밥,4200,4200,4200,,false,
279056593,11,크림치즈김밥,4700,4700,4700,,false,
279056593,12,새우김밥,4200,4200,4200,,false,
279056593,13,김치김밥,4000,4000,4000,,false,
279056593,14,땡초김밥,4000,4000,4000,,false,
279607124,0,쥬와리 자루소바,15000,15000,15000,씹을수록 전해지는 메밀 향과 깔끔한 국물 맛이 일품인 당일도정 강원도 봉평자루소바,true,https://ldb-phinf.pstatic.net/20220907_108/1662545736026ikOVr_JPEG/%C5%A9%B1%E2%BA%AF%C8%AF%C1%EA%BF%CD%B8%AE%BC%D2%B9%D9.jpg
279607124,1,히야시소바,17000,17000,17000,"당일도정한 100% 메밀면과 동치미, 소뼈로 우려낸 육수가 일품인 특제 냉소바",true,https://ldb-phinf.pstatic.net/20250604_110/1749008642424i2WSb_JPEG/%C8%F7%BE%DF%BD%C3%BC%D2%B9%D9.jpg
279607124,2,유린돈가츠,16000,16000,16000,여름에 맞춰 새콤달콤한 유린소스와 함께 먹는 돈카츠,true,https://ldb-phinf.pstatic.net/20250529_171/17485109895683o901_PNG/KakaoTalk_20250522_164557076_03.png
279607124,3,유린치킨가츠,16000,16000,16000,여름에 맞춰 새콤달콤한 유린소스와 함께 먹는 치킨가츠,false,https://ldb-phinf.pstatic.net/20250529_239/1748510935791mXza9_PNG/%C0%AF%B8%B0%C4%A1%C5%B2%B0%A1%C3%F7.png
279607124,4,쇼가야키,12000,12000,12000,생강 향이 나는 일본식 돼지고기 양념구이,false,https://ldb-phinf.pstatic.net/20260410_213/1775802144187AV1AN_PNG/%BC%EE%B0%A1%BE%DF%C5%B0.png
279607124,5,가케온소바,16000,16000,16000,메밀 본연의 고소한 맛을 가득 담은 가쓰오 국물의 따뜻한 온소바,false,https://ldb-phinf.pstatic.net/20230927_17/1695773146223FfiWd_JPEG/KakaoTalk_20230926_190242774_01.jpg
279607124,6,들기름소바,16000,16000,16000,고소한 안동들기름과 쯔유소스로 맛을 낸 고단백 메밀 들기름소바,false,https://ldb-phinf.pstatic.net/20230927_85/1695773130734qRmgj_JPEG/KakaoTalk_20230926_190242774.jpg
279607124,7,비빔소바,17000,17000,17000,매콤달콤한 양념장과 함께 비벼먹는 한국식 비빔소바,false,https://ldb-phinf.pstatic.net/20220907_269/1662545801686sJtcc_JPEG/%C5%A9%B1%E2%BA%AF%C8%AF%BA%F1%BA%F6%BC%D2%B9%D9.jpg
279607124,8,가평잣국수,35000,35000,35000,경기도 가평 잣을 곱게 갈아 향긋한 잣의 향미를 느낄 수 있는 잣국수,false,https://ldb-phinf.pstatic.net/20240119_86/1705624075202G7QVW_JPEG/%C5%A9%B1%E2%BA%AF%C8%AF1213-0046.jpg
279607124,9,흑임자소바,15000,15000,15000,"진한 흑임자 콩국과 당일 도정 된 강원도 봉평 메밀에 토마토, 무순을 곁들여 먹는 여름메뉴",false,https://ldb-phinf.pstatic.net/20250529_10/17485113199716rJ9G_PNG/KakaoTalk_20250522_164557076_04.png
279607124,10,다누끼소바,15000,15000,15000,"가다랑어 간장 육수와 신선한 야채 및 튀김부스러기, 건지(아게다마)를 넣어 만든 여름메뉴",false,https://ldb-phinf.pstatic.net/20250529_98/1748511248983buSfq_PNG/KakaoTalk_20250522_164557076_01.png
279607124,11,얼큰온소바 (겨울한정메뉴),14000,14000,14000,얼큰하고 매콤한 국물에 당일도정한 메밀면과 담백한 버섯을 곁들인 겨울메뉴,false,https://ldb-phinf.pstatic.net/20251211_46/1765414108811f1Uai_JPEG/%BE%F3%C5%AB%BF%C2%BC%D2%B9%D9.jpg
279607124,12,경양돈카츠,15000,15000,15000,넓적하게 썰어 바삭하게 튀긴 교소바식 돈가츠,true,https://ldb-phinf.pstatic.net/20240119_270/1705624342990KdDeY_JPEG/%C5%A9%B1%E2%BA%AF%C8%AF01.13-0021.jpg
279607124,13,치킨카츠,15000,15000,15000,넓적하게 썰어 바삭하게 튀긴 교소바식 치킨가츠,false,https://ldb-phinf.pstatic.net/20240119_134/1705624355310aTf4Q_JPEG/%C5%A9%B1%E2%BA%AF%C8%AF01.13-0023.jpg
279607124,14,돈카츠 김치나베 (겨울한정메뉴),13000,13000,13000,바삭한 돈카츠와 매콤한 김치의 조화로 맛있고 칼칼하게 즐길 수 있는 1인 나베,false,https://ldb-phinf.pstatic.net/20251211_70/1765414302560PIjXa_JPEG/%B5%B7%C4%AB%C3%F7%B1%E8%C4%A1%B3%AA%BA%A3.jpg
279607124,15,돈가츠 카레,14000,14000,14000,겉은 바삭하고 속은 촉촉한 한돈 등심을 튀긴 돈가츠를 토핑으로 올린 카레 덮밥,false,https://ldb-phinf.pstatic.net/20240415_151/1713147334455NDNwU_JPEG/KakaoTalk_20240412_102333903_02.jpg
279607124,16,가라아게 카레,13000,13000,13000,겉은 바삭하고 속은 쫄깃한 닭다리살을 튀긴 가라아게를 토핑으로 올린 카레 덮밥,false,https://ldb-phinf.pstatic.net/20240415_149/1713147313478X83Sy_JPEG/KakaoTalk_20240412_102333903_01.jpg
279607124,17,치킨 가라아게 6ps,5000,5000,5000,,false,https://ldb-phinf.pstatic.net/20240415_266/1713147361164Rn9Xb_JPEG/KakaoTalk_20240412_102333903.jpg
279607124,18,사이드 치킨카츠,7000,7000,7000,,false,
279607124,19,사이드 경양돈카츠,7000,7000,7000,,false,
31004528,0,★대표★열탄불고기,10900,10900,10900,얇게 썰은 질 좋은 목살에 특제양념소스를 부어 직화로 익힌 열탄불고기,true,https://ldb-phinf.pstatic.net/20260522_114/1779429773575XfTNA_JPEG/%BB%F5%B8%B6%C0%BB%BD%C4%B4%E7_%C5%C2%BA%ED%B8%B4_%B8%DE%B4%BA%C0%CC%B9%CC%C1%F6_800x600px_%BF%AD%C5%BA%BA%D2%B0%ED%B1%E2%28%B1%E2%BA%BB%B8%C0%29.jpg
31004528,1,★점심★열탄제육볶음,10900,10900,10900,"점심시간에 다 볶아져서 나와 편하게 즐길 수 있는 메뉴 , 1인분도 가능",true,https://ldb-phinf.pstatic.net/20260319_116/1773900788387XdxaI_JPEG/%BB%F5%B8%B6%C0%BB%BD%C4%B4%E7_%C5%C2%BA%ED%B8%B4_%B8%DE%B4%BA%C0%CC%B9%CC%C1%F6_800x600px_%BF%AD%C5%BA%C1%A6%C0%B0%BA%BA%C0%BD.jpeg
31004528,2,★대표★7분돼지김치,8000,8000,8000,"7분 타이머가 알려주는 가장 맛있는 순간, 밥에 비벼 먹는 김치찌개의 원조",true,https://ldb-phinf.pstatic.net/20251001_76/1759306813237n18y6_JPEG/%BB%F5%B8%B6%C0%BB%BD%C4%B4%E7_%C5%C2%BA%ED%B8%B4_%B8%DE%B4%BA%C0%CC%B9%CC%C1%F6_800x600px_7%BA%D0%B5%C5%C1%F6%B1%E8%C4%A1.jpg
31004528,3,냉김치말이국수,6000,6000,6000,"아삭한 김치와 차가운 국물이 어우러진 냉김치말이국수, 입안을 깔끔하게 정리해줍니다.",true,https://ldb-phinf.pstatic.net/20251001_224/1759306862108hwlRX_JPEG/%BB%F5%B8%B6%C0%BB%BD%C4%B4%E7_%C5%C2%BA%ED%B8%B4_%B8%DE%B4%BA%C0%CC%B9%CC%C1%F6_800x600px_%B3%C3%B1%E8%C4%A1%B8%BB%C0%CC%B1%B9%BC%F6.jpg
31004528,4,새마을모둠한판500g,38000,38000,38000,뭘 먹을지 고민이라면? 한돈생삼겹살+한돈생목살+항정살+구이야채,true,https://ldb-phinf.pstatic.net/20260522_42/1779430584282q9qOh_JPEG/%C5%C2%BA%ED%B8%B4_%B4%DC%C7%B0_%BB%F5%B8%B6%C0%BB_%B8%F0%B5%D2%C7%D1%C6%C7.jpg
31004528,5,한돈생삼겹살,15000,15000,15000,"두툼하게 썰어 육즙 가득한 한돈 생삼겹살, 신선한 육즙과 고소함을 느껴보세요.",true,https://ldb-phinf.pstatic.net/20251001_293/1759306804342qxKGc_PNG/%C5%C2%BA%ED%B8%B4_%C7%D1%B5%B7%BB%FD%BB%EF%B0%E3%BB%EC.png
31004528,6,한돈생목살,14000,14000,14000,국내산 1등급 한돈의 담백하고 부드럽게 즐길 수 있는 목살,false,https://ldb-phinf.pstatic.net/20251001_264/1759306827340q1ovd_PNG/%C5%C2%BA%ED%B8%B4_%C7%D1%B5%B7%BB%FD%B8%F1%BB%EC.png
31004528,7,우삼겹된장찌개,8000,8000,8000,우삼겹100g 듬뿍! 들어간 진하고 고소한 새마을 대표 된장찌개,false,https://ldb-phinf.pstatic.net/20260319_53/1773900711074xaqAM_JPEG/%BB%F5%B8%B6%C0%BB%BD%C4%B4%E7_%C5%C2%BA%ED%B8%B4_%B8%DE%B4%BA%C0%CC%B9%CC%C1%F6_800x600px_%BF%EC%BB%EF%B0%E3%B5%C8%C0%E5%C2%EE%B0%B3.jpeg
31004528,8,훈제막창,11000,11000,11000,훈연 향이 은은하게 더해져 담백하면서도 고소한 풍미를 즐길 수 있습니다.,false,https://ldb-phinf.pstatic.net/20260319_173/17739006446722XWiD_JPEG/%BB%F5%B8%B6%C0%BB%BD%C4%B4%E7_%C5%C2%BA%ED%B8%B4_%B8%DE%B4%BA%C0%CC%B9%CC%C1%F6_800x600px_%C8%C6%C1%A6%B8%B7%C3%A2.jpg
31004528,9,껍데기,6000,6000,6000,국내산 한돈 껍데기를 특제소스에 숙성하여 먹는 별미,false,https://ldb-phinf.pstatic.net/20260319_160/1773900614739djfO4_JPEG/%BB%F5%B8%B6%C0%BB%BD%C4%B4%E7_%C5%C2%BA%ED%B8%B4_%B8%DE%B4%BA%C0%CC%B9%CC%C1%F6_800x600px_%B2%AE%B5%A5%B1%E2.jpg
31028669,0,낙갈탕,13000,13000,13000,,false,
31174179,0,자장면,9000,9000,9000,"깔끔한 맛, 깊은 풍미에 중독되는 베이징스토리 시그니처 짜장면",true,https://ldb-phinf.pstatic.net/20251113_270/1763027411296CndIz_JPEG/%B4%D9%BF%EE%B7%CE%B5%E5_%288%29.jpg
31174179,1,쟁반짜장 (1인),13000,13000,13000,불향 가득한 짜장소스에 해물과 야채를 푸짐하게 담은 쟁반짜장,false,https://ldb-phinf.pstatic.net/20260520_274/1779276383994U6aHh_JPEG/%C0%EF%B9%DD%C2%A5%C0%E5.jpg
31174179,2,콩국수,12000,12000,12000,여름철 베이징스토리 특선메뉴 콩국수,false,https://ldb-phinf.pstatic.net/20260520_86/1779276144306NGnTv_JPEG/%C4%E1%B1%B9%BC%F6.jpg
31174179,3,가지덮밥,12000,12000,12000,불향 가득 볶은 가지와 특제소스가 어우러진 든든한 덮밥 메뉴,false,https://ldb-phinf.pstatic.net/20260520_266/17792761634956QxIG_JPEG/%B0%A1%C1%F6%B5%A4%B9%E4.jpg
31174179,4,굴짬뽕,12000,12000,12000,신선한 굴의 감칠맛과 불향 가득한 얼큰한 국물이 매력적인 베이징스토리 인기 짬뽕,false,https://ldb-phinf.pstatic.net/20251113_70/1763026143000Xo5xn_JPEG/%B1%BC%C2%AB%BB%CD.jpg
31174179,5,탕수육,29000,29000,29000,겉은 바삭하고 속은 촉촉한 두툼한 고기에 새콤달콤 소스를 더한 베이징스토리 시그니처 탕수육,false,https://ldb-phinf.pstatic.net/20251113_58/1763027138488nGXRq_PNG/%C5%C1%BC%F6%C0%B0.png
31174179,6,라조육,35000,35000,35000,"고추 향과 마늘 풍미가 살아있는 깔끔한 매운맛, 바삭함까지 완성된 베이징스토리 정통 라조육",false,https://ldb-phinf.pstatic.net/20251113_26/1763026264321552CC_PNG/%B6%F3%C1%B6%C0%B0.png
31174179,7,■■■ 만 [萬] 코스,39000,39000,39000,"냉채부터 샥스핀,중새우 고추잡채까지 알찬 구성으로 즐기는 가성비 좋은 프리미엄 코스",true,https://ldb-phinf.pstatic.net/20221101_127/166727090467004Dmg_JPEG/KakaoTalk_20221101_105615884_18.jpg
31174179,8,■■■ 사 [事] 코스,49000,49000,49000,"해분샥스핀과 송이안심, 관자 요리까지 더해 풍미를 높인 균형 잡힌 프리미엄 코스 구성",false,https://ldb-phinf.pstatic.net/20221101_218/1667270919949kzljp_JPEG/KakaoTalk_20221101_105615884_17.jpg
31174179,9,■■■ 형 [亨] 코스,69000,69000,69000,"삼선누룽지탕과 광동샥스핀, 해삼·왕새우 요리까지 담아낸 깊은 풍미의 하이엔드 코스 구성",false,https://ldb-phinf.pstatic.net/20221101_113/16672709353114a1BJ_JPEG/KakaoTalk_20221101_105615884_16.jpg
31174179,10,■■■ 금상첨화 [金上添花] 코스,90000,90000,90000,"불도장,통천샥스핀,해삼,바닷가재까지 정통 중식의 정점을 담아낸 최상급 프리미엄 코스",false,https://ldb-phinf.pstatic.net/20221101_37/1667270951057PT8X8_JPEG/KakaoTalk_20221101_105615884_15.jpg
31396411,0,고등어구이,13000,13000,13000,,true,https://ldb-phinf.pstatic.net/20250113_248/1736763488279sqWWU_JPEG/KakaoTalk_20250113_191614475.jpg
31396411,1,삼치구이,13000,13000,13000,,false,
31396411,2,임연수구이,13000,13000,13000,,false,
31396411,3,갈치구이,13000,13000,13000,,false,
31396411,4,가자미구이,13000,13000,13000,,false,
31396411,5,꽁치구이,11000,11000,11000,,false,
31396411,6,고등어 + 임연수,13000,13000,13000,,false,
31396411,7,고등어 + 삼치,13000,13000,13000,,false,
31396411,8,모듬생선구이(2인),30000,30000,30000,,false,
31396411,9,동태탕,11000,11000,11000,,false,
31396411,10,대구탕,13000,13000,13000,,false,
31396411,11,알탕,13000,13000,13000,,false,
31396411,12,복매운탕,21000,21000,21000,,false,
31396411,13,복지리,21000,21000,21000,,false,
31396411,14,생대구탕,21000,21000,21000,,false,
31396411,15,생대구지리,21000,21000,21000,,false,
31396411,16,꽁치조림,12000,12000,12000,,false,
31396411,17,고등어조림,12000,12000,12000,,false,
31396411,18,갈치조림,14000,14000,14000,,false,
31396411,19,알 / 고니,10000,10000,10000,,false,
31396411,20,미나리,3000,3000,3000,,false,
31396411,21,솥밥,2000,2000,2000,,false,
31396411,22,공기밥,1000,1000,1000,,false,
31396411,23,라 면,10000,10000,10000,,false,
31794058,0,오차돌불고기,20000,20000,20000,,false,
31794058,1,갑오징어불고기,23000,23000,23000,,false,
31794058,2,갑오삼불고기,23000,23000,23000,,false,
31794058,3,오낙전골,40000,40000,40000,,false,
31794058,4,미나리전,12000,12000,12000,,false,
31794058,5,오징어불고기,17000,17000,17000,,true,https://ldb-phinf.pstatic.net/20180201_30/1517463202370ESozA_JPEG/CPkj9-uFsyHJLmg3XLZebmfU.jpg
31794058,6,오삼불고기,17000,17000,17000,,true,https://ldb-phinf.pstatic.net/20180201_253/1517463358184g88vb_JPEG/1v-5zLIBThUMyoAHEcXqx8rb.jpg
31794058,7,오낙블고기,19000,19000,19000,,false,https://ldb-phinf.pstatic.net/20180201_135/1517463383681Dxjr4_JPEG/iS456mXOx-NRDENgMOTKxLRR.jpg
31794058,8,오징어튀김,17000,17000,17000,,false,
31794058,9,새우튀김,15000,15000,15000,,false,
31794058,10,오징어순대,20000,20000,20000,,false,
31794058,11,오징어숙회 대,32000,32000,32000,,false,
31794058,12,통오징어골뱅이탕,30000,30000,30000,,false,
32791279,0,오리지널 시카고피자,32000,32000,32000,,true,https://ldb-phinf.pstatic.net/20190702_177/1562056345456oOowB_JPEG/SJFcuv865-hw_JgTT0yxXxmP.JPG.jpg
32791279,1,슈퍼 슈프림 시카고피자,33000,33000,33000,,false,https://ldb-phinf.pstatic.net/20190702_176/1562056489204995V9_JPEG/foCSYuQ7ynNCNivIeydSvidN.jpg
32791279,2,깔조네 피자,26000,26000,26000,,true,https://ldb-phinf.pstatic.net/20190702_164/1562056577313r0VSY_JPEG/mwHBmzSS8gsGpEUUBS1q83uO.jpg
32791279,3,게살 날치알 크림 파스타,16000,16000,16000,,false,
32791279,4,누룽지 해물 파스타,19500,19500,19500,,false,
32791279,5,리카토니 로제 파스타,17000,17000,17000,,false,
32791279,6,봉골레,18000,18000,18000,,false,
32791279,7,먹물 빠네 파스타,19000,19000,19000,,false,
32791279,8,아메리카노,3000,3000,3000,,false,
33124222,0,그린김밥,,,,신선한 채소를 듬뿍 담고 밥을 가볍게 더해 산뜻하게 즐길 수 있는 그린라인 기본 김밥,true,https://ldb-phinf.pstatic.net/20260529_155/1780042130868Dcsem_JPEG/%B1%D7%B8%B0%B1%E8%B9%E4.jpg
33124222,1,그린에그김밥,,,,부드러운 계란과 신선한 채소에 밥을 재료처럼 더해 속이 편안한 그린김밥,true,https://ldb-phinf.pstatic.net/20260529_163/1780042100504CInxr_JPEG/%B1%D7%B8%B0%BF%A1%B1%D7%B1%E8%B9%E4.jpg
33124222,2,그린참치김밥,,,,고소한 참치와 풍성한 채소로 탄수화물 부담은 덜고 만족감은 채운 그린김밥,true,https://ldb-phinf.pstatic.net/20260529_257/17800420616082r1K6_JPEG/%B1%D7%B8%B0%C2%FC%C4%A1%B1%E8%B9%E4.jpg
33124222,3,진미채김밥,,,,쫄깃한 진미채볶음에 매콤달콤한 맛이 어우러져 풍미가 살아있는 김밥,false,https://ldb-phinf.pstatic.net/20260223_54/1771805509996opuHt_PNG/%C1%F8%B9%CC%C3%A4%B1%E8%B9%E4.png
33124222,4,멸치새우김밥,,,,"감칠맛 나는 멸치볶음에 밥새우와 아몬드를 더한, 고소하고 누구나 즐기기 좋은 김밥",false,https://ldb-phinf.pstatic.net/20260223_183/1771805501640yw5le_PNG/%B8%EA%C4%A1%BB%F5%BF%EC%B1%E8%B9%E4.png
33124222,5,맵엉와사크래미통,,,,바삭하게 튀겨낸 통크래미에 생와사비와 매콤한 우엉조림을 곁들인 매운 통김밥,false,https://ldb-phinf.pstatic.net/20250304_280/1741048067783DBpY9_PNG/%B8%CA%BE%FB%BF%CD%BB%E7%C5%A9%B7%A1%B9%CC%C5%EB.png
33124222,6,맵엉소시지통,,,,국내산 돈육 96% 소시지에 매콤 쫀득한 우엉조림이 조화로운 매운 통김밥,false,https://ldb-phinf.pstatic.net/20250304_232/1741048107837NS3NP_PNG/%B8%CA%BE%FB%BC%D2%BD%C3%C1%F6%C5%EB.png
33124222,7,맵엉청양모짜통,,,,튀긴 모짜렐라 치즈스틱과 청양고추에 매콤한 우엉조림이 어우러진 매운 통김밥,false,https://ldb-phinf.pstatic.net/20250304_224/1741048137017FT6oP_PNG/%B8%CA%BE%FB%C3%BB%BE%E7%B8%F0%C2%A5%C5%EB.png
33124222,8,맵엉마라통,,,,얼얼한 마라소스와 푸주튀김에 매콤한 우엉조림을 곁들여 중독적인 매운 통김밥,false,https://ldb-phinf.pstatic.net/20250304_207/1741048163409AaS90_PNG/%B8%CA%BE%FB%B8%B6%B6%F3%C5%EB.png
33124222,9,국물떡볶이(2인),,,,수제 육수로 우려낸 매콤달콤 진한 소스의 국물떡볶이,false,https://ldb-phinf.pstatic.net/20240520_91/1716163287718yh09R_PNG/%B1%B9%B9%B0%B6%B1%BA%BA%C0%CC%282%C0%CE%29.png
33124222,10,국물떡볶이(1인),,,,수제 육수로 우려낸 매콤달콤 진한 소스의 국물떡볶이 (1인용),false,https://ldb-phinf.pstatic.net/20240520_292/17161633160596uP24_PNG/%B1%B9%B9%B0%B6%B1%BA%BA%C0%CC%281%C0%CE%29.png
33124222,11,깻잎국물떡볶이,,,,향긋한 깻잎을 통째로 얹은 추억의 국물떡볶이,false,https://ldb-phinf.pstatic.net/20240520_247/1716163334340DL706_PNG/%B2%A2%C0%D9%B1%B9%B9%B0%B6%B1%BA%BA%C0%CC.png
33124222,12,짜장국물떡볶이,,,,달콤한 짜장 소스의 이색 국물떡볶이,false,https://ldb-phinf.pstatic.net/20240520_277/171616336168954U5e_PNG/%C2%A5%C0%E5%B1%B9%B9%B0%B6%B1%BA%BA%C0%CC.png
33124222,13,마라국물떡볶이,,,,매콤 얼얼한 마라 소스의 중독성 있는 국물떡볶이,false,https://ldb-phinf.pstatic.net/20241111_131/1731283477998yNhCo_PNG/%B8%B6%B6%F3%B1%B9%B9%B0%B6%B1%BA%BA%C0%CC-1080X10801.png
33124222,14,마라로제떡볶이,,,,매콤 얼얼한 마라 소스에 크림의 부드러움을 더한 국물떡볶이,false,https://ldb-phinf.pstatic.net/20241111_167/1731283591881mz22W_PNG/%B8%B6%B6%F3%B7%CE%C1%A6%B6%B1%BA%BA%C0%CC-1080X10801.png
33124222,15,스페샬떡볶이,,,,특제 어묵 튀김을 곁들인 시그니처 떡볶이,false,https://ldb-phinf.pstatic.net/20240520_283/17161634655701rHCc_PNG/%BD%BA%C6%E4%BC%A3%B6%B1%BA%BA%C0%CC.png
33124222,16,스페샬마라떡볶이,,,,특제 어묵 튀김을 곁들인 시그니처 마라떡볶이,false,https://ldb-phinf.pstatic.net/20241111_28/1731283630861LhodH_PNG/%BD%BA%C6%E4%BC%A3%B8%B6%B6%F3%B6%B1%BA%BA%C0%CC-1080X10801.png
33124222,17,스페샬부대떡볶이,,,,부대찌개 토핑으로 푸짐하게 맛보는 밥도둑 떡볶이,false,https://ldb-phinf.pstatic.net/20240520_222/1716163428515VhUU1_PNG/%BD%BA%C6%E4%BC%A3%BA%CE%B4%EB%B6%B1%BA%BA%C0%CC.png
33124222,18,스페샬불고기떡볶이,,,,향긋한 깻잎과 달달한 소불고기를 곁들인 프리미엄 떡볶이,false,https://ldb-phinf.pstatic.net/20240520_214/1716163450254DpTmd_PNG/%BD%BA%C6%E4%BC%A3%BA%D2%B0%ED%B1%E2%B6%B1%BA%BA%C0%CC.png
33124222,19,스페샬마라기름떡볶이,,,,"아삭한 야채와 쫄깃한 푸주, 두유피를 마라 소스에 볶아 감칠맛이 일품인 매콤달콤 마라떡볶이",false,https://ldb-phinf.pstatic.net/20241111_261/1731283531353RtpU7_PNG/%BD%BA%C6%E4%BC%A3%B8%B6%B6%F3%B1%E2%B8%A7%B6%B1%BA%BA%C0%CC-1080X108101.png
33124222,20,가래떡떡볶이,,,,말랑 쫄깃한 식감이 일품인 매콤한 쌀떡볶이,false,https://ldb-phinf.pstatic.net/20240520_40/1716163512774FCgIb_PNG/%B0%A1%B7%A1%B6%B1%B6%B1%BA%BA%C0%CC.png
33124222,21,강정떡볶이,,,,쌀떡을 튀겨 양념에 버무린 바삭 쫄깃 떡 강정,false,https://ldb-phinf.pstatic.net/20240520_289/1716163490361spkyH_PNG/%B0%AD%C1%A4%B6%B1%BA%BA%C0%CC.png
33124222,22,고봉민김밥,,,,특제소스에 졸인 우엉의 풍미가 일품인 속은 알차고 맛은 담백한 기본김밥,false,https://ldb-phinf.pstatic.net/20220228_195/1646004975331khksR_PNG/1_%B0%ED%BA%C0%B9%CE%B1%E8%B9%E4.png
33124222,23,여수갓참치김밥,,,,알싸하게 톡 쏘는 돌산갓김치와 고소한 참치마요가 만난 여수의 맛,false,https://ldb-phinf.pstatic.net/20230306_76/1678063751997pWUnm_PNG/%C0%CC%B0%C9%B7%CE_%BB%E7%BF%EB%C7%D2_%B0%CD_%BF%A9%BC%F6%B0%AB%C2%FC%C4%A1%B1%E8%B9%E4%28%BA%B8%C1%A42%29.png
33124222,24,돈까스김밥,,,,바삭하게 튀겨진 돈까스가 일품인 고봉민김밥인 대표 프리미엄 김밥,true,https://ldb-phinf.pstatic.net/20220228_200/1646004984476vDaEt_PNG/2_%B5%B7%B1%EE%BD%BA%B1%E8%B9%E4.png
33124222,25,맵돈김밥,,,,화끈한 맵돈소스로 중독적인 매운맛을 더한 바삭매콤 돈까스김밥,false,https://ldb-phinf.pstatic.net/20220328_256/1648423466883h9SC2_PNG/%B8%CA%B5%B7%B1%E8%B9%E4.png
33124222,26,매운김밥,,,,고추장 볶음 소고기와 아삭한 식감의 청량고추로 중독성 있는 매운맛,false,https://ldb-phinf.pstatic.net/20220228_213/1646004996600X1exN_PNG/3_%B8%C5%BF%EE%B1%E8%B9%E4.png
33124222,27,참치김밥,,,,참치와 향긋한 깻잎을 넣어 풍미를 더한 스테디셀러,false,https://ldb-phinf.pstatic.net/20220228_293/1646005006567KWgDn_PNG/4_%C2%FC%C4%A1%B1%E8%B9%E4.png
33124222,28,치즈김밥,,,,체다 슬라이스 치즈를 더해 부드럽고 고소함이 일품인 김밥,false,https://ldb-phinf.pstatic.net/20220228_186/1646005015283eCauF_PNG/5_%C4%A1%C1%EE%B1%E8%B9%E4.png
33124222,29,떡갈비김밥,,,,맛있는 육즙의 떡갈비와 짭쪼름한 양념이 어우러져 풍부한 맛의 김밥,false,https://ldb-phinf.pstatic.net/20220228_277/1646005023794E5KRm_PNG/6_%B6%B1%B0%A5%BA%F1%B1%E8%B9%E4.png
33124222,30,새우김밥,,,,고소한 새우튀김과 특제소스가 어우러진 새로운 맛의 고급 김밥,false,https://ldb-phinf.pstatic.net/20220228_75/1646005032624yDsEs_PNG/7_%BB%F5%BF%EC%B1%E8%B9%E4.png
33124222,31,소불고기김밥,,,,육즙이 풍부한 소앞다리살에 특제소스로 맛을 낸 프리미엄 일품김밥,false,https://ldb-phinf.pstatic.net/20220228_155/1646005056006nN923_PNG/9_%BC%D2%BA%D2%B0%ED%B1%E2%B1%E8%B9%E4.png
33124222,32,매콤어묵김밥,,,,쫄깃하게 튀긴 어묵채와 고추장 마요 소스로 매콤 담백한 이색김밥,false,https://ldb-phinf.pstatic.net/20220228_176/1646005065046MwMjn_PNG/10_%B8%C5%C4%DE%BE%EE%B9%AC%B1%E8%B9%E4.png
33124222,33,대전얼큰이칼국수,,,,얼큰 칼칼 멸치육수에 쫄깃한 생면과 쑥갓을 푸짐하게 담은 대전의 맛,false,https://ldb-phinf.pstatic.net/20230605_189/168592517521598krp_PNG/%B4%EB%C0%FC%BE%F3%C5%AB%C0%CC%C4%AE%B1%B9%BC%F6%28%B4%A9%B3%A2%29-1000x773.png
33124222,34,우동,,,,깊은 맛의 가쓰오부시 육수에 탱글한 면발과 별미 유부주머니 토핑,false,https://ldb-phinf.pstatic.net/20230522_269/1684739414258aELUL_PNG/%BF%EC%B5%BF.png
33124222,35,잔치국수,,,,시원한 디포리 육수가 정겨운 촌국수,false,https://ldb-phinf.pstatic.net/20230522_53/1684739845923UpBqK_PNG/%C0%DC%C4%A1%B1%B9%BC%F6.png
33124222,36,쫄면,,,,매콤한 소스에 쫄깃한 면발과 아삭한 야채가 어우러진 쫄면,false,https://ldb-phinf.pstatic.net/20200908_88/1599552613144zbEoa_PNG/f3PNw1zlHjz0rpRwMClm6xZN.png
33124222,37,비빔국수,,,,매콤한 소스에 탱탱한 국수면과 아삭한 야채가 어우러진 비빔국수,false,https://ldb-phinf.pstatic.net/20200908_80/1599552689494KPBFz_PNG/GXrv5l8grUnc78fyd_a2edy1.png
33124222,38,손수제비,,,,시원한 해물 국물에 매장에서 손수 반죽한 쫀득한 손수제비,false,https://ldb-phinf.pstatic.net/20230522_284/1684739863045ef7Ov_PNG/%BC%D5%BC%F6%C1%A6%BA%F1.png
33124222,39,만둣국,,,,맛도 속도 꽉찬 든든한 만둣국,false,https://ldb-phinf.pstatic.net/20230522_51/1684739879516EAUuq_PNG/%B8%B8%B5%D4%B1%B9.png
33124222,40,신라면,,,,"만두와 어묵을 넣어 푸짐하고 얼큰한 라면(치즈, 만두, 떡 추가가능)",false,https://ldb-phinf.pstatic.net/20230522_217/1684739910901SUdM7_PNG/%B6%F3%B8%E9.png
33124222,41,돈까스세트,,,,등심돈까스와 롤치즈까스를 한번에 맛보는 모듬 돈까스,false,https://ldb-phinf.pstatic.net/20240318_74/1710723745547rKOF6_PNG/%B5%B7%B1%EE%BD%BA%BC%BC%C6%AE1080x1080.png
33124222,42,고봉민돈까스,,,,신선한 돼지고기를 바삭하게 튀겨낸 등심 돈까스,false,https://ldb-phinf.pstatic.net/20240318_264/17107246480638NS91_PNG/%B0%ED%BA%C0%B9%CE%B5%B7%B1%EE%BD%BA-1080x1080.png
33124222,43,롤치즈까스,,,,통 모짜렐라 치즈로 더 고소한 수제 돈까스,false,https://ldb-phinf.pstatic.net/20240318_82/17107237820504DlV3_PNG/%B7%D1%C4%A1%C1%EE%B1%EE%BD%BA1080x1080.png
33124222,44,치즈돈까스,,,,모짜렐라 치즈의 고소함이 가득한 돈까스,false,https://ldb-phinf.pstatic.net/20240318_144/1710723800874AOmNW_PNG/%C4%A1%C1%EE%B5%B7%B1%EE%BD%BA1080x1080.png
33124222,45,고구마치즈돈까스,,,,모짜렐라 치즈와 으깬 고구마를 더해 달콤 고소함이 일품인 돈까스,false,https://ldb-phinf.pstatic.net/20240426_194/17141159628620VKc0_PNG/%BD%BA%B8%B6%C6%AE%C7%C3%B7%B9%C0%CC%BD%BA-%BD%C5%B8%DE%B4%BA-%C3%DF%B0%A1-%281080x1080.png
33124222,46,오므라이스,,,,야채가 듬뿍 들어간 건강 만점 오므라이스,false,https://ldb-phinf.pstatic.net/20230522_180/1684740626441BwzVi_PNG/%BF%C0%B9%C7%B6%F3%C0%CC%BD%BA.png
33124222,47,순두부찌개,,,,소고기와 해물이 들어가 시원하고 칼칼한 국물이 일품인 순두부찌개,false,https://ldb-phinf.pstatic.net/20201207_38/1607308875553gVyWO_JPEG/23jVNJlmw_T3n1isByT6nTm6.jpg
33124222,48,강릉짬뽕순두부,,,,얼큰 칼칼한 짬뽕국물에 고소한 초당식 순두부를 푸짐하게 끓여낸 강릉의 맛,false,https://ldb-phinf.pstatic.net/20230102_242/1672636741622TKeWH_PNG/%B0%AD%B8%AA%C2%AB%BB%CD%BC%F8%B5%CE%BA%CE%28%B4%A9%B3%A2%29_1000X827.png
33124222,49,고봉민돼지국밥,,,,부드럽고 쫄깃한 돼지고기와 진한 사골육수로 뽀얗게 우려낸 부산의 맛,false,https://ldb-phinf.pstatic.net/20221118_293/1668732308412ORCj7_PNG/%B0%ED%BA%C0%B9%CE%B5%C5%C1%F6%B1%B9%B9%E4.png
33124222,50,대구중화비빔밥,,,,불향 입은 돼지고기와 아삭한 야채를 비벼 먹는 매콤 달콤 대구의 맛,false,https://ldb-phinf.pstatic.net/20230605_212/1685925073235yiWO9_PNG/%B4%EB%B1%B8%C1%DF%C8%AD%BA%F1%BA%F6%B9%E4%28%B4%A9%B3%A2%29-1000x775.png
33124222,51,돌판비빔밥,,,,"뜨거운 돌판 위 일곱가지 신선한 나물, 계란, 소고기 고명의 비빔밥",false,https://ldb-phinf.pstatic.net/20201207_235/1607308897544Em2sq_JPEG/kumli9eC9dbFyGLFJsmSkYxe.jpg
33124222,52,육개장한상,,,,사태살과 양지살이 가득한 육개장과 반찬 3종,false,https://ldb-phinf.pstatic.net/20201207_249/1607308912921Rmd7M_PNG/R1xIfreVbR5AnktYRvmxbIan.png
33124222,53,소불고기덮밥,,,,달달한 간장소스에 소불고기와 아삭한 야채가 더해져 푸짐한 덮밥,false,https://ldb-phinf.pstatic.net/20230630_72/1688111194344xYLVA_JPEG/%BC%D2%BA%D2%B0%ED%B1%E2%B5%A4%B9%E4.jpg
33124222,54,물냉면(하절기),,,,"매콤한 양념장과 담백한 수육, 진한 동치미 육수로 시원한 맛의 물냉면",false,https://ldb-phinf.pstatic.net/20201207_266/1607308951423bhMzN_JPEG/-TK_PalDiAryIiPY7WYvW8he.jpg
33124222,55,비빔냉면(하절기),,,,쫄깃한 메밀 면발에 매콤 칼칼 양념소스로 감칠맛을 더한 비빔냉면,false,https://ldb-phinf.pstatic.net/20201207_140/1607308963421vM4Xn_JPEG/qn1pIhWFuUgPPAzXAzjgq0uj.jpg
33124222,56,냉모밀(하절기),,,,가쓰오 육수의 은은한 풍미와 우엉튀김의 바삭한 식감을 느낄 수 있는 냉모밀,false,https://ldb-phinf.pstatic.net/20230522_15/1684740657030kQV7b_PNG/%B3%C3%B8%F0%B9%D0.png
33124222,57,떡국(동절기),,,,떡의 쫀득한 식감이 일품인 든든한 떡국,false,https://ldb-phinf.pstatic.net/20230522_176/16847406710259s1OK_PNG/%B6%B1%B1%B9.png
33124222,58,납작탕수육,,,,국내산 돼지고기 통등심에 새콤달콤 소스를 곁들인 바삭 쫀득 꿔바로우,false,https://ldb-phinf.pstatic.net/20230522_183/1684740691649JmHdl_PNG/%B3%B3%C0%DB%C5%C1%BC%F6%C0%B0.png
33451326,0,빅맥® 세트,,,,"100% 순 쇠고기 패티 두 장에 빅맥®만의 특별한 소스
입안에서 살살 녹는 치즈와 신선한 양상추, 양파, 그리고 피클까지
50년 넘게 전 세계인의 입맛을 사로 잡은 버거의 대명사",false,https://ldb-phinf.pstatic.net/20220708_127/1657245800032ACyys_PNG/1.png
33451326,1,맥스파이시® 상하이 버거 세트,,,,"매콤한 시즈닝을 입힌 100% 닭가슴 통살 위에
아삭아삭한 양상추와 신선한 토마토~
겉은 바삭, 속은 부드러운 치킨 패티의 매콤함으로 입맛도 기분도 화끈하게!",false,https://ldb-phinf.pstatic.net/20220708_255/16572459143724zjSF_PNG/2.png
33451326,2,1955 버거™ 세트,,,,"113g 두툼한 순 쇠고기 패티,
더 풍성해진 신선한 양상추,
깊은 풍미의 그릴드 어니언까지!
맥도날드가 처음 생긴 1955년의 맛을 담은
영원한 오리지널 1955 버거",false,https://ldb-phinf.pstatic.net/20220708_9/1657245935870DrAiH_PNG/3.png
33451326,3,불고기 버거 세트,,,,"한국인의 입맛에 딱 맞는 불고기 소스에 잘 재운 패티와
고소한 마요네즈, 신선한 양상추의 맛있는 조합.",false,https://ldb-phinf.pstatic.net/20200402_172/1585799362554N1dIv_PNG/sMVv9eKeoqUbkcDCXZCpABKk.png
33451326,4,슈슈 버거 세트,,,,탱~글한 통새우살 가득~ 슈슈 버거,false,https://ldb-phinf.pstatic.net/20200402_177/15857993764060mWux_PNG/DH8RZL9FnxTOgb3OMoOf6tBx.png
33451326,5,베이컨 토마토 디럭스 세트,,,,더욱 풍부하고 신선한 맛의 프리미엄 버거,false,https://ldb-phinf.pstatic.net/20200402_43/1585799390626dW1Xz_PNG/vjxntRY-WVCtrQJvmaheg4tw.png
33510731,0,상황삼계탕,16000,16000,16000,기본삼계탕,false,https://ldb-phinf.pstatic.net/20230622_249/1687419836359hbMVK_JPEG/20230607_182042.jpg
33510731,1,한방삼계탕,18000,18000,18000,기본삼계탕에 한방추가,false,https://ldb-phinf.pstatic.net/20230622_263/16874198852003RCm5_JPEG/20230615_183909.jpg
33510731,2,들깨삼계탕,18000,18000,18000,기본삼계탕에 들깨추가,false,https://ldb-phinf.pstatic.net/20230622_105/1687419863439cMnFf_JPEG/20230614_184403.jpg
33510731,3,뚝닭이,9000,9000,9000,닭볶음탕을 1인이 드실 수 있게 만든것,false,https://ldb-phinf.pstatic.net/20220422_192/16505943727471ggpo_JPEG/1650015793688.jpg
33510731,4,낙지볶음비빔밥,11000,11000,11000,쭈꾸미비빔밥,false,https://ldb-phinf.pstatic.net/20220422_12/1650594360172n8vtl_JPEG/1650015793688.jpg
33510845,0,한판보쌈,14000,14000,14000,,false,
33510845,1,만두반접시,4000,4000,4000,,false,
33510845,2,메밀전병,8000,8000,8000,,false,
33510845,3,감자전,7000,7000,7000,,false,
33510845,4,보양갈비탕,14000,14000,14000,,false,
33510845,5,전통육개장,10000,10000,10000,,false,
33510845,6,사골육개장,10000,10000,10000,,false,
33510845,7,서울설렁탕,10000,10000,10000,,false,
33510845,8,육개칼국수,10000,10000,10000,,false,
33510845,9,한우육개곰탕,11000,11000,11000,,false,
33606166,0,흑돈로스가스,15000,15000,15000,YBD품종 도야흑심 0.3% 생산량 희소성 높은 품좀으로 풍부한 육즙 쫄깃함이 일품,false,https://ldb-phinf.pstatic.net/20200207_267/1581007339789WgMJb_JPEG/GEuNEoj5pC6TRQb1Zo8jHpX9.jpg
33606166,1,히레가스,12000,12000,12000,72시간 교차 숙성한 국내산 부드러운 안심가스,true,https://ldb-phinf.pstatic.net/20200207_264/1581007643621DbDPP_JPEG/0k8ED0Gg2o3g6dl-NSo-ma_X.jpg
33606166,2,코돈부르,12000,12000,12000,,true,https://ldb-phinf.pstatic.net/20200207_291/1581007657128WWCe1_JPEG/0I6OH3YvogrzWwb9GQdcLJfl.jpg
33606166,3,김치찜돈가스,11000,11000,11000,,false,https://ldb-phinf.pstatic.net/20180117_202/1516168837016zwLm9_JPEG/L8InFCHLWlob9bBQtwDFg5eo.jpg
33606166,4,냉모밀정식,11000,11000,11000,냉모밀+돈가스+유부초밥+샐러드小,false,https://ldb-phinf.pstatic.net/20180117_292/1516168870622u7Cdj_JPEG/mDcN5Snh4ChCsUHbLYMfqfYc.jpg
33606166,5,로스히레콤보,15000,15000,15000,72시간 교차 숙성한 국내산 등심가스와 안심가스를 함께 맛 볼수있는 메뉴,false,
33606166,6,돌솥어묵우동정식,11000,11000,11000,돌솥우동+돈가스+밥+양배추샐러드+수란,false,
33606166,7,돌솥에비우동정식,12000,12000,12000,돌솥에비우동+돈가스+밥+양배추샐러드+수란,false,
33606166,8,돌솥김치우동정식,11000,11000,11000,돌솥김치우동+돈가스+밥+양배추샐러드+수란,false,
33625986,0,전주남부시장식 콩나물국밥,9000,9000,9000,적당한 국물온도/국밥에 계란 미투입/수란 제공/청양고추 넣어 맛있게 매운맛/맑고 산뜻한맛,true,https://ldb-phinf.pstatic.net/20251223_87/17664487240082UQ3o_JPEG/1._%B3%B2%BA%CE%BD%C3%C0%E5%BD%C4_%BF%AC%C3%E2.jpg
33625986,1,전주끓이는식 콩나물국밥,9000,9000,9000,"뜨거운 국물온도, 계란을 뚝배기에 넣어 제공, 식어가면서 구수하고 걸쭉한 맛을 냄",true,https://ldb-phinf.pstatic.net/20251223_11/1766449057579URBSC_JPEG/2._%B8%C5%BF%EE%C5%C1%BD%C4_%BF%AC%C3%E2.jpg
33625986,2,얼큰돼지국밥,11000,11000,11000,"부산식돼지국밥과는 전혀 다른 돼지국밥 ""고기국밥은 고기가 많아야 합니다“",true,https://ldb-phinf.pstatic.net/20251223_202/1766449083620oCQdb_JPEG/5._%BE%F3%C5%AB%B5%C5%C1%F6%B1%B9%B9%E4_%BF%AC%C3%E2.jpg
33625986,3,순한두부찌개,11000,11000,11000,맛의 핵심은 ‘순두부나 일반모두부’가 아닌 ‘찌개용두부’로 만드는데 있습니다.,false,https://ldb-phinf.pstatic.net/20251223_145/1766449116826X9UKG_JPEG/6._%BC%F8%C7%D1%B5%CE%BA%CE%C2%EE%B0%B3_%BF%AC%C3%E2.jpg
33625986,4,황태 콩나물국밥,11000,11000,11000,콩나물국밥의 맑은 맛 + 황태의 구수한 맛 + 계란의 고소한 맛,false,https://ldb-phinf.pstatic.net/20251223_257/1766449152316adVhd_JPEG/21._%C8%B2%C5%C2%C4%E1%B3%AA%B9%B0_%BF%AC%C3%E2.jpg
33625986,5,현대옥 스테이크,12000,12000,12000,국내산 돼지고기와 한우고기의 섞음,false,https://ldb-phinf.pstatic.net/20251223_253/1766449186648edAkn_JPEG/13._%BD%BA%C5%D7%C0%CC%C5%A9_%BF%AC%C3%E2.jpg
33625986,6,어린이용 콩나물국밥,8000,8000,8000,어린이 메뉴로 맵지 않고 맛이 좋습니다. 수란 제공,false,https://ldb-phinf.pstatic.net/20251223_18/17664492307877qpNj_JPEG/12._%BE%EE%B8%B0%C0%CC%B1%B9%B9%E4_%B4%A9%B3%A2.jpg
34573564,0,통새우와퍼주니어세트,7800,7800,7800,직화 방식으로 구운 100% 순쇠고기 패티에 갈릭페퍼 통새우와 스파이시토마토소스가 더해진 프리미엄 버거,false,https://ldb-phinf.pstatic.net/20220107_92/1641518844447mLmln_PNG/%C5%B0%BF%C0%BD%BA%C5%A9%BF%EB-%C1%D6%B4%CF%BE%EE_%B9%F6%B0%C5-%C5%EB%BB%F5%BF%EC%BF%CD%C6%DB%C1%D6%B4%CF%BE%EE-%BC%BC%C6%AER.png
34573564,1,통새우와퍼세트,10400,10400,10400,직화 방식으로 구운 100% 순쇠고기 패티에 갈릭페퍼 통새우와 스파이시토마토소스가 더해진 프리미엄 버거,false,https://ldb-phinf.pstatic.net/20220107_90/1641518882452tMpxr_PNG/%C5%B0%BF%C0%BD%BA%C5%A9%BF%EB-%C7%C1%B8%AE%B9%CC%BE%F6-%C5%EB%BB%F5%BF%EC%BF%CD%C6%DB-%BC%BC%C6%AER.png
34573564,2,와퍼세트,9600,9600,9600,불에 직접 구운 순 쇠고기 패티에 싱싱한 야채가 한가득~ 버거킹의 대표 메뉴!,false,https://ldb-phinf.pstatic.net/20220107_265/1641518907157qLvb5_PNG/%C5%B0%BF%C0%BD%BA%C5%A9%BF%EB-%BF%CD%C6%DB-%BF%CD%C6%DB-%BC%BC%C6%AER.png
34573564,3,콰트로치즈와퍼세트,10400,10400,10400,"진짜 불맛을 즐겨라, 4가지 고품격 치즈와 불에 직접 구운 와퍼 패티의 만남!",false,https://ldb-phinf.pstatic.net/20220107_291/1641518949637ok079_PNG/%C5%B0%BF%C0%BD%BA%C5%A9%BF%EB-%C7%C1%B8%AE%B9%CC%BE%F6-%C4%E2%C6%AE%B7%CE%C4%A1%C1%EE%BF%CD%C6%DB-%BC%BC%C6%AER.png
34573564,4,치즈와퍼세트,10200,10200,10200,불에 직접 구운 순 쇠고기 패티가 들어간 와퍼에 고소한 치즈까지!,false,https://ldb-phinf.pstatic.net/20220107_109/1641518977567vFumt_PNG/%C5%B0%BF%C0%BD%BA%C5%A9%BF%EB-%BF%CD%C6%DB-%C4%A1%C1%EE%BF%CD%C6%DB-%BC%BC%C6%AER.png
34573564,5,와퍼주니어세트,7200,7200,7200,불에 직접 구운 순 쇠고기 패티가 들어간 와퍼의 주니어 버전~ 작지만 꽉 찼다!,false,https://ldb-phinf.pstatic.net/20220107_65/1641519027352e65qN_PNG/%C5%B0%BF%C0%BD%BA%C5%A9%BF%EB-%C1%D6%B4%CF%BE%EE_%B9%F6%B0%C5-%BF%CD%C6%DB%C1%D6%B4%CF%BE%EE-%BC%BC%C6%AER.png
34573564,6,불고기와퍼주니어,7200,7200,7200,불에 직접 구운 순 쇠고기 패티가 들어간 와퍼주니어에 달콤한 불고기 소스까지!,false,https://ldb-phinf.pstatic.net/20220107_282/16415190505720oOQr_PNG/%C5%B0%BF%C0%BD%BA%C5%A9%BF%EB-%C1%D6%B4%CF%BE%EE_%B9%F6%B0%C5-%BA%D2%B0%ED%B1%E2%BF%CD%C6%DB%C1%D6%B4%CF%BE%EE-%BC%BC%C6%AER.png
34573564,7,콰트로치즈와퍼주니어세트,7800,7800,7800,"진짜 불맛을 즐겨라, 4가지 고품격 치즈와 불에 직접 구운 버거패티의 만남!",false,https://ldb-phinf.pstatic.net/20220107_49/1641519068911qxRFf_PNG/%C5%B0%BF%C0%BD%BA%C5%A9%BF%EB-%C1%D6%B4%CF%BE%EE_%B9%F6%B0%C5-%C4%E2%C6%AE%B7%CE%C4%A1%C1%EE%BF%CD%C6%DB%C1%D6%B4%CF%BE%EE-%BC%BC%C6%AER.png
34573564,8,치즈와퍼주니어세트,7500,7500,7500,불에 직접 구운 순 쇠고기 패티가 들어간 와퍼주니어에 고소한 치즈 추가!,false,https://ldb-phinf.pstatic.net/20220107_168/1641519094162VMeVy_PNG/%C5%B0%BF%C0%BD%BA%C5%A9%BF%EB-%C1%D6%B4%CF%BE%EE_%B9%F6%B0%C5-%C4%A1%C1%EE%BF%CD%C6%DB%C1%D6%B4%CF%BE%EE-%BC%BC%C6%AER.png
34573564,9,프렌치프라이(R)~(L),2300~2800,2300,2800,세계 최고의 감자만 엄선해서 버거킹만의 비법으로 바삭하게!,false,https://ldb-phinf.pstatic.net/20220107_259/1641519140301kmkPN_PNG/%C5%B0%BF%C0%BD%BA%C5%A9%BF%EB_%C7%C1%B7%BB%C4%A1%C7%C1%B6%F3%C0%CC%28L%29_%B4%A9%B3%A2%C0%CC%B9%CC%C1%F6.png
34573564,10,리얼 어니언링,2800,2800,2800,오직 버거킹에서만 즐길 수 있다! 어니언의 맛있는 변신!,false,https://ldb-phinf.pstatic.net/20220107_3/1641519152856pIHwm_PNG/%C5%B0%BF%C0%BD%BA%C5%A9%BF%EB_%BE%EE%B4%CF%BE%F0%B8%B5_%B4%A9%B3%A2%C0%CC%B9%CC%C1%F6.png
34573564,11,너켓킹(4~10조각),2300~5600,2300,5600,바삭~ 촉촉~ 한입에 쏙 부드러운 너겟킹!,false,https://ldb-phinf.pstatic.net/20220107_132/1641519185698CwV5P_PNG/%C5%B0%BF%C0%BD%BA%C5%A9%BF%EB_%B3%CA%B0%D9%C5%B710%C1%B6%B0%A2_%B4%A9%B3%A2%C0%CC%B9%CC%C1%F6.png
34582866,0,모듬구이,25000,25000,25000,,false,https://ldb-phinf.pstatic.net/20200623_129/1592876371939djSik_PNG/ODStZW9ubl-kmaUnJUz5JM3m.png
34582866,1,곱창구이,24000,24000,24000,,false,https://ldb-phinf.pstatic.net/20200623_165/15928763849805sH6Q_PNG/l5B2bQJ-UkpV2V_xifwaGklc.png
34582866,2,대창구이,24000,24000,24000,,false,
34582866,3,막창구이,24000,24000,24000,,false,
34582866,4,특양구이,30000,30000,30000,,false,
34582866,5,소갈비살,19000,19000,19000,,false,
34582866,6,염통,16000,16000,16000,,false,
34582866,7,곱창전골(소),33000,33000,33000,,false,
34582866,8,곱창전골(대),54000,54000,54000,,false,
34582866,9,매운갈비찜,30000,30000,30000,,false,
34582866,10,낙곱새 1인(2인이상 주문가능),16000,16000,16000,2인이상 주문가능 낙지 곱창 대창 새우와 여러가지 야채와 함께 끓여 드시는 음식,false,
34754706,0,리코타치즈 샐러드,10500,10500,10500,"무항생제 계란을 넣어 직접 만든 코티지치즈와 호밀빵,견과류를 푸짐하게 얹어 낸 인기메뉴",true,https://ldb-phinf.pstatic.net/20221006_267/1665065944387UQaKi_JPEG/%B8%AE%C4%DA%C5%B8%28%C5%B0%BF%C0%BD%BA%C5%A9%29.jpg
34754706,1,콤비네이션 오믈렛,11500,11500,11500,"오믈렛(칠리미트,옥수수,모짜치즈)
+닭가슴살 샐러드",true,https://ldb-phinf.pstatic.net/20221006_258/1665065517356jwDPA_JPEG/%C4%DE%BA%F1.jpg
34754706,2,쉬림프가든 오믈렛,11500,11500,11500,"오믈렛(렌틸&병아리콩,옥수수,쿠스쿠스)
+구운새우 샐러드",true,https://ldb-phinf.pstatic.net/20221006_140/1665065591677QOJ96_JPEG/%BD%AC%B8%B2%C7%C1%B0%A1%B5%E7.jpg
34754706,3,칠리미트 오므라이스,11500,11500,11500,"현미야채 오므라이스
&데미그라스소스+매콤한 칠리미트
&사이드메뉴",true,https://ldb-phinf.pstatic.net/20221006_208/1665066633568wpwYp_JPEG/20181103_131801.jpg
34754706,4,우삼겹 포케(feat.현미야채밥),12000,12000,12000,"그린채소와 현미야채밥 위에 구운 우삼겹과 다양한 토핑, 오리엔탈소스를 곁들인 든든한 한끼",true,https://ldb-phinf.pstatic.net/20221006_6/1665066193428pvBvI_JPEG/%BF%EC%BB%EF%B0%E3%28%C5%B0%BF%C0%BD%BA%C5%A9%29.jpg
34754706,5,현미야채 오므라이스,9500,9500,9500,,false,https://ldb-phinf.pstatic.net/20220322_67/1647947058747hvCzP_JPEG/%C7%F6%B9%CC%BF%C0%B9%C7%B6%F3%C0%CC%BD%BA.jpg
34754706,6,더블치즈 오므라이스,10500,10500,10500,,false,https://ldb-phinf.pstatic.net/20220322_80/1647947285364Vv1y7_JPEG/%B4%F5%BA%ED%C4%A1%C1%EE.JPG
34754706,7,치킨크림 오므라이스,11500,11500,11500,,false,https://ldb-phinf.pstatic.net/20221006_246/1665065645547AKGEf_JPEG/%C4%A1%C5%B2%C5%A9%B8%B2%28%C5%B0%BF%C0%BD%BA%C5%A9%29.jpg
34754706,8,베지테리언 오믈렛,11500,11500,11500,"오믈렛(올리브,옥수수,모짜치즈)
+에그코티지치즈 샐러드",false,https://ldb-phinf.pstatic.net/20221006_220/1665065127623OFOJ5_JPEG/%C4%AB%C7%C1%B7%B9%C1%A6%BF%C0%B9%C9%B7%BF-1.jpg
34754706,9,고기테리언 오믈렛,12000,12000,12000,"오믈렛(올리브,옥수수,모짜치즈)
+우삼겹구이 샐러드",false,https://ldb-phinf.pstatic.net/20221006_247/16650653953867mnyp_JPEG/%B0%ED%B1%E2%C5%D7%B8%AE%BE%F0%28%C5%B0%BF%C0%BD%BA%C5%A9%29.jpg
34754706,10,우삼겹 샐러드,12000,12000,12000,,false,https://ldb-phinf.pstatic.net/20221006_218/16650660394596mDls_JPEG/%BF%EC%BB%EF%B0%E3%28%C5%B0%BF%C0%BD%BA%C5%A9%29.jpg
34754706,11,칠리미트 샐러드,10500,10500,10500,,false,https://ldb-phinf.pstatic.net/20221006_48/1665065992455eHXp6_JPEG/%C4%A5%B8%AE%C4%DF%28%C5%B0%BF%C0%BD%BA%C5%A9%29.jpg
34754706,12,치킨가라아게 샐러드,10500,10500,10500,,false,https://ldb-phinf.pstatic.net/20221006_13/1665065782943oPI7n_JPEG/%C4%A1%C5%B2%C4%DF%28%C5%B0%BF%C0%BD%BA%C5%A9%29.jpg
34754706,13,그릴드쉬림프 샐러드,10500,10500,10500,,false,https://ldb-phinf.pstatic.net/20221006_205/1665065739211FROm4_JPEG/%BB%F5%BF%EC%C4%DF%28%C5%B0%BF%C0%BD%BA%C5%A9%29.jpg
34754706,14,닭가슴살 콥 샐러드,9500,9500,9500,,false,https://ldb-phinf.pstatic.net/20221006_160/1665065693442T6sFO_JPEG/%B4%DF%B0%A1%BD%BF%C4%DF%28%C5%B0%BF%C0%BD%BA%C5%A9%29.jpg
35209429,0,한돈스페셜(600g),65000,65000,65000,,true,https://ldb-phinf.pstatic.net/20230308_161/1678265289461n6D0b_JPEG/20230308_174718.jpg
35209429,1,됐소모듬(돼지+소)600g,98000,98000,98000,,true,https://ldb-phinf.pstatic.net/20230308_156/1678249766145rUDnF_JPEG/%B5%C6%BC%D2%B8%F0%B5%EB1.jpg
35209429,2,한우스페셜(600g),135000,135000,135000,한정판매,true,https://ldb-phinf.pstatic.net/20230308_267/16782496354049lk0S_JPEG/%C7%D1%BF%EC%BD%BA%C6%E4%BC%C81.jpg
35209429,3,꽃등심(150g),37000,37000,37000,,false,https://ldb-phinf.pstatic.net/20230308_127/1678266487401QWFoo_JPEG/20230308_180613.jpg
35209429,4,투뿔등심(150g),42000,42000,42000,,false,https://ldb-phinf.pstatic.net/20230311_73/16785241477091KVKP_JPEG/20230311_174033.jpg
35209429,5,안심(150g),43000,43000,43000,,false,https://ldb-phinf.pstatic.net/20230308_261/16782495708567bvqS_JPEG/%BE%C8%BD%C9.jpg
35209429,6,치마살(150g),43000,43000,43000,,false,https://ldb-phinf.pstatic.net/20230308_234/1678249590569auh3o_JPEG/%C4%A1%B8%B6%BB%EC.jpg
35209429,7,차돌박이(150g),27000,27000,27000,,false,https://ldb-phinf.pstatic.net/20230308_61/1678265526268eTLdO_JPEG/20230308_175149.jpg
35209429,8,육회(180g),27000,27000,27000,,false,https://ldb-phinf.pstatic.net/20230308_118/1678249615380wDIF8_JPEG/%C0%B0%C8%B8.jpg
35209429,9,항정살(150g),21000,21000,21000,,false,https://ldb-phinf.pstatic.net/20230308_190/16782651307439APc1_JPEG/BandPhoto_2023_03_08_17_44_29.jpg
35209429,10,삼겹살(150g),16000,16000,16000,,false,https://ldb-phinf.pstatic.net/20230308_257/1678249707623n19aC_JPEG/%BB%F0%B0%E3.jpg
35209429,11,목살(150g),16000,16000,16000,,false,https://ldb-phinf.pstatic.net/20230308_270/1678249834394S2H7D_JPEG/%B8%F1%BB%EC2.jpg
35209429,12,오겹살(150g),17000,17000,17000,,false,https://ldb-phinf.pstatic.net/20230308_5/1678266521566228nE_JPEG/20230308_180633.jpg
35209429,13,전통갈비탕,15000,15000,15000,,false,https://ldb-phinf.pstatic.net/20230308_163/1678249144058PzakB_JPEG/%B0%A5%BA%F1%C5%C1.jpg
35209429,14,한우육회비빔밥,13000,13000,13000,,false,https://ldb-phinf.pstatic.net/20230308_130/1678249290230a5Jkv_JPEG/%C0%B0%C8%B8%BA%F1%BA%F6%B9%E3.jpg
35209429,15,목삼겹김치찌개,10000,10000,10000,,false,https://ldb-phinf.pstatic.net/20230308_284/1678249784829jUi66_JPEG/IMG_%B1%E8%C4%A1%C2%EE%B0%B3.jpg
35209429,16,한우된장찌개,10000,10000,10000,,false,
35209429,17,한우꽃등심정식(2인이상),30000,30000,30000,,false,
35209429,18,오겹살정식(2인이상),18000,18000,18000,,false,
35209429,19,제육볶음(2인이상),12000,12000,12000,,false,
35209429,20,육개장,12000,12000,12000,,false,https://ldb-phinf.pstatic.net/20220620_252/1655714734180jyVNS_PNG/X.png
35209429,21,육쌈냉면,12000,12000,12000,계절메뉴,false,https://ldb-phinf.pstatic.net/20220620_293/1655714726808hzMT0_PNG/X.png
35209429,22,물냉면,8000,8000,8000,,false,https://ldb-phinf.pstatic.net/20230308_205/1678249490750h6S72_JPEG/%B9%B0%B3%C3%B8%E9.jpg
35209429,23,비빔냉면,8000,8000,8000,,false,https://ldb-phinf.pstatic.net/20230308_86/1678249544186GqJMU_JPEG/%BA%F1%BA%F6%B3%C3%B8%E9.jpg
35209429,24,계란말이,12000,12000,12000,,false,
35338025,0,토마토 브리치즈 구이(밤8시이후),17000,17000,17000,,false,https://ldb-phinf.pstatic.net/20251021_38/1761035653935tQgsK_JPEG/%BA%EA%B8%AE%C4%A1%C1%EE%B1%B8%C0%CC.jpg
35338025,1,수제돈가스,12000,12000,12000,,true,https://ldb-phinf.pstatic.net/20231128_41/1701146341828etduK_JPEG/1700026236889.jpg
35338025,2,모짜렐라 치즈 돈가스,14000,14000,14000,,true,https://ldb-phinf.pstatic.net/20231128_154/17011463517844o4O5_JPEG/1700026236616.jpg
35338025,3,고구마 치즈 돈가스,15500,15500,15500,,false,https://ldb-phinf.pstatic.net/20231128_36/1701146908667zVRdW_JPEG/1700026236716.jpg
35338025,4,수제 함박 스테이크 ★한정판매,15500,15500,15500,,false,https://ldb-phinf.pstatic.net/20231128_182/1701146389135mTeW2_JPEG/1700026236545.jpg
35338025,5,수제 카레돈가스,14000,14000,14000,,false,https://ldb-phinf.pstatic.net/20231128_201/1701146367852Sdtiw_JPEG/1700026236684.jpg
35338025,6,새우김치볶음밥,11000,11000,11000,,false,https://ldb-phinf.pstatic.net/20231128_178/1701146879975fpshD_JPEG/1700026236750.jpg
35338025,7,카레 라이스,11000,11000,11000,,false,https://ldb-phinf.pstatic.net/20231128_260/1701146502571TKqOf_JPEG/1700026236800.jpg
35338025,8,치즈 오븐 스파게티,15000,15000,15000,,false,https://ldb-phinf.pstatic.net/20231128_225/1701146560862YBPBa_JPEG/1700026236412.jpg
35338025,9,카프레제 샐러드,16000,16000,16000,,false,https://ldb-phinf.pstatic.net/20231128_98/1701146567691aAVGL_JPEG/1700026236848.jpg
35338025,10,수제돈가스 플래터 (밤8시이후),19000,19000,19000,"[저녁8시 이후 After8 다이닝에서 만나보세요]
수제돈가스와 나쵸 웻지감자의 만남!!",true,https://ldb-phinf.pstatic.net/20250623_246/1750690615564oxNFg_JPEG/%B5%B7%B1%EE%BD%BA%C7%C3%B7%A1%C5%CD.jpg
35338025,11,스카치 애그 (밤8시이후),21000,21000,21000,판교매일식당 함박스테이크 패티로 만든 스카치 애그!!,false,https://ldb-phinf.pstatic.net/20250624_32/1750690835982EKpUQ_JPEG/%BD%BA%C4%AB%C4%A1%BE%D6%B1%D7.jpg
35338025,12,수제돈가스 유린기 (밤8시이후),18000,18000,18000,수제돈가스를 상큼한 유린기 소스와 함께!!,false,https://ldb-phinf.pstatic.net/20250623_110/1750690792232vrnre_JPEG/%B5%B7%B1%EE%BD%BA%C0%AF%B8%B0%B1%E2.jpg
35338025,13,알배추 스테이크 (밤8시이후),19000,19000,19000,오븐에 구운 알배추 스테이크를 마늘소스와 베이컨가득 즐기는 요리,false,https://ldb-phinf.pstatic.net/20251019_72/17608635520331xAGI_JPEG/%BE%CB%B9%E8%C3%DF%BD%BA%C5%D7%C0%CC%C5%A9.jpg
35338025,14,들기름막국수 우삼겹 삼합(밤8시이후),24000,24000,24000,,false,https://ldb-phinf.pstatic.net/20251021_204/1761035596466Afi4b_JPEG/%BF%EC%BB%EF%B0%E3%BB%EF%C7%D5.jpg
35338025,15,매콤 토마토 파스탕 (밤8시 이후),18000,18000,18000,매콤한 토마토 국물과 함께즐기는 파스타면!!,false,https://ldb-phinf.pstatic.net/20250624_275/1750691770935iy9TK_JPEG/%C5%E4%B8%B6%C5%E4%C6%C4%BD%BA%C5%C1.jpg
35338025,16,마르게리따피자 (밤8시이후),17000,17000,17000,,false,https://ldb-phinf.pstatic.net/20250624_246/17506917493666Vtqy_JPEG/%B8%B6%B8%A3%B0%D4%B8%AE%B5%FB%C7%C7%C0%DA.jpg
35338025,17,페페로니피자 (밤8시이후),17000,17000,17000,페페로니가득 페페로니피자!!,false,https://ldb-phinf.pstatic.net/20250624_173/1750691711180rQImQ_JPEG/%C6%E4%C6%E4%B7%CE%B4%CF%C7%C7%C0%DA.jpg
35338025,18,고르곤졸라피자 (밤8시이후),17000,17000,17000,고르곤졸라 씬 피자!!,false,https://ldb-phinf.pstatic.net/20250624_90/1750691681434m1nkE_JPEG/%B0%ED%B8%A3%B0%EF%C1%B9%B6%F3%C7%C7%C0%DA.jpg
35338025,19,바질마리네이드 토마토 (밤8시이후),13000,13000,13000,바질페스토와 유자향이 어우러진 토마토샐러드!!,false,https://ldb-phinf.pstatic.net/20250624_117/1750691848889l6dbO_JPEG/%C0%AF%C0%DA%B9%E6%C5%E4.jpg
35338025,20,참치 스프레드 (밤8시이후),13000,13000,13000,"[저녁8시 이후 After8 다이닝에서 만나보세요]
참치스프레드와 비스켓을 함께!!",false,https://ldb-phinf.pstatic.net/20250624_201/1750691894609lw0uw_JPEG/%C2%FC%C4%A1%BB%F8%B7%AF%B5%E5.jpg
35338025,21,나쵸 플레이트 (밤8시이후),14000,14000,14000,블랙올리브와 토마토를 가득올린 나쵸 플레이트!!,false,https://ldb-phinf.pstatic.net/20250624_154/1750691447521b7V22_JPEG/%B3%AA%C3%DD.jpg
35338025,22,우삼겹 해물 짬뽕탕 (밤8시이후),26000,26000,26000,,false,https://ldb-phinf.pstatic.net/20251021_234/1761035867434XOYO7_JPEG/%BF%EC%BB%EF%B0%E3%C2%AB%BB%CD.jpg
35338025,23,나가사끼짬뽕 (밤8시이후),24000,24000,24000,시원하고 깊은 맛의 나가사끼 짬뽕!!,false,https://ldb-phinf.pstatic.net/20250624_24/175069164374482GRq_JPEG/%B3%AA%B0%A1%BB%E7%B3%A2%C2%AB%BB%CD.jpg
35338025,24,김치오뎅탕 (밤8시이후),22000,22000,22000,맛있는 묵은지가 들어간 오뎅탕!!,false,https://ldb-phinf.pstatic.net/20250624_181/1750691600724epgzo_JPEG/%B1%E8%C4%A1%BF%C0%B5%AD%C5%C1.jpg
35338025,25,꼬치 오뎅탕 (밤8시이후),21000,21000,21000,"오뎅꼬치, 가래떡꼬치, 쑥갓을 듬뿍넣은 꼬치오뎅탕!!",false,https://ldb-phinf.pstatic.net/20250624_209/1750691558412nnOKS_JPEG/%BF%C0%B5%AD%C5%C1.jpg
35338025,26,매콤 데리야끼 치킨 (밤8시이후),24000,24000,24000,수제 메쉬포테이토와 함께 즐기는 매콤한 데리야끼치킨!,false,https://ldb-phinf.pstatic.net/20250624_222/1750691291842Sz9ce_JPEG/%B8%DE%BD%AC%C6%F7%C5%D7%C0%CC%C5%E4_%B5%A5%B8%AE%BE%DF%B3%A2_%C4%A1%C5%B2.jpg
35338025,27,바지락 홍합탕(밤8시이후),24000,24000,24000,,false,https://ldb-phinf.pstatic.net/20251021_65/1761035890969h3taq_JPEG/%B9%D9%C1%F6%B6%F4%C5%C1.jpg
35338025,28,고추장육회 (밤8시이후),25000,25000,25000,고추장 양념을 버무린 신선한 육회를 엔다이브와 함께!!,false,https://ldb-phinf.pstatic.net/20250624_177/1750690981587PuSqA_JPEG/%C0%B0%C8%B8.jpg
35338025,29,연유듬뿍 옥수수전 (밤8시이후),12000,12000,12000,연유와 파마산치즈가 듬뿍 뿌려져있는 옥수수전!!,false,https://ldb-phinf.pstatic.net/20250624_157/17506913477022Jqms_JPEG/%BF%C1%BC%F6%BC%F6%C0%FC.jpg
35338025,30,슈스트링 감자튀김 (밤8시이후),9000,9000,9000,토마토케챱과 허니버터소스를 함께제공하는 감자튀김!!,false,https://ldb-phinf.pstatic.net/20250624_58/1750691399645RN76v_JPEG/%BD%B4%BD%BA%C6%AE%B8%B5%B0%A8%C0%DA%C6%A2%B1%E8.jpg
35338025,31,먹태와 청양마요소스 (밤8시 이후),15000,15000,15000,청양마요소스와 함께 즐기는 바싹구운 먹태!!,false,https://ldb-phinf.pstatic.net/20250624_105/1750691507848lGg0j_JPEG/%B8%D4%C5%C2.jpg
35338025,32,바나나브륄레 아이스크림 (밤8시이후),11000,11000,11000,"[저녁8시 이후 After8 다이닝에서 만나보세요]
바나나브륄레와 우유아이스크림!!",false,https://ldb-phinf.pstatic.net/20250624_34/1750692089857aoNSa_JPEG/%B9%D9%B3%AA%B3%AA%BA%EA%B7%F5%B7%B9.jpg
35338025,33,약과 아이스크림 (밤8시 이후),9000,9000,9000,,false,https://ldb-phinf.pstatic.net/20251021_235/1761035985353BMAU9_JPEG/%BE%E0%B0%FA%BE%C6%C0%CC%BD%BA%C5%A9%B8%B2.jpg
35338025,34,토마토 브륄레 (밤8시 이후),7000,7000,7000,"[저녁8시 이후 After8 다이닝에서 만나보세요]
토마토위에 바삭한 설탕 캐러멜!!",false,https://ldb-phinf.pstatic.net/20250624_15/1750692034130MO4iJ_JPEG/%C5%E4%B8%B6%C5%E4%BA%EA%B7%F5%B7%B9.jpg
35482992,0,할라피뇨피자(Medium/Large),18800~26800,18800,26800,할라피뇨피자,true,https://ldb-phinf.pstatic.net/20230802_14/16909548022786hq2x_PNG/under5mb_01.png
35482992,1,페퍼로니피자(Medium/Large),16800~23800,16800,23800,페퍼로니피자,false,https://ldb-phinf.pstatic.net/20230802_263/1690955385035nrI0i_PNG/under5mb_02.png
35482992,2,치즈피자(Medium/Large),13800~19800,13800,19800,,false,
35482992,3,고르곤졸라피자(Medium/Large,13800~19800,13800,19800,,false,
35482992,4,시금치피자(Medium/Large),14800~21800,14800,21800,,false,
35482992,5,하와이언피자(Medium/Large),16800~23800,16800,23800,,false,
35482992,6,포테이토피자(Medium/Large),16800~23800,16800,23800,,false,
35482992,7,루꼴라피자(Medium/Large),18800~26800,18800,26800,,false,
35482992,8,소세지피자(Medium/Large),18800~26800,18800,26800,,false,
35482992,9,뽀모도로 링귀네,16800,16800,16800,,false,
35482992,10,버섯크림 링귀네,16800,16800,16800,,false,
35482992,11,새우바질크림 리가토니,18800,18800,18800,,false,
35482992,12,홈메이드 라구 리가토니,18800,18800,18800,,false,
35541810,0,고창 풍천 민물장어 (1kg),99000,99000,99000,,true,https://ldb-phinf.pstatic.net/20180602_239/1527903357079c4bAh_JPEG/kRXL6UEC3S118zy1YRTK64kt.jpg
35541810,1,고창 풍천 민물장어 500g,52000,52000,52000,,true,https://ldb-phinf.pstatic.net/20180602_269/1527903667348nixNi_JPEG/GZ7LZyzJccOnefHJWc3ouEmC.jpg
35541810,2,마늘 갈비살,20000,20000,20000,,false,https://ldb-phinf.pstatic.net/20250701_168/1751336503982q5r1Q_JPEG/1000015710.jpg
35541810,3,살치살,28000,28000,28000,,false,https://ldb-phinf.pstatic.net/20241016_85/1729089061582TcYO8_JPEG/1000010713.jpg
35541810,4,채끝등심,25000,25000,25000,,false,https://ldb-phinf.pstatic.net/20241016_174/17290890705967Ocsc_JPEG/1000010712.jpg
35541810,5,투뿔 한우육회 200g,28000,28000,28000,,false,https://ldb-phinf.pstatic.net/20231122_31/1700632605216vYkJI_JPEG/%C0%B0%C8%B8.jpg
35541810,6,자연산 산꼼장어(500g),43000,43000,43000,,false,https://ldb-phinf.pstatic.net/20180602_107/1527903722702edzEx_JPEG/IgSmKV9N3OeMRdIXyRdcd6p0.jpg
35541810,7,자연산 산꼼장어(1kg),83000,83000,83000,,false,https://ldb-phinf.pstatic.net/20180602_250/1527903802661DoWWT_JPEG/pti3-iQIjMzO2gaAo-Bh1KOE.jpg
35541810,8,자연산 양념산꼼장어 500g,47000,47000,47000,,false,https://ldb-phinf.pstatic.net/20231122_156/1700632547135N2E7W_JPEG/1dda217696eb756cb7da6f1c5c6e20c4.jpg
35541810,9,전복버터구이 10마리,36000,36000,36000,,false,https://ldb-phinf.pstatic.net/20231122_186/1700632580056IPIID_JPEG/4fdc4869f453a33e48cd856d11158e5e_t.jpeg
35541810,10,곤드레 장어정식(점심),18000,18000,18000,,false,https://ldb-phinf.pstatic.net/20241016_57/17290893574180819G_JPEG/1000010721.jpg
35541810,11,굴짬뽕 장어정식,18000,18000,18000,,false,https://ldb-phinf.pstatic.net/20241016_294/1729089145640AVG42_JPEG/1000010711.jpg
35541810,12,냉면 장어정식,18000,18000,18000,,false,
35720048,0,반포식스 쌀국수,11500~13500,11500,13500,"반포식스의 6가지 향신료와 함께 안심, 양지, 차돌이 모두 들어간 베스트 쌀국수",false,https://ldb-phinf.pstatic.net/20240216_3/17080779311798diAc_PNG/%B9%DD%C6%F7%BD%C4%BD%BA_%BD%D2%B1%B9%BC%F6.png
35720048,1,"양지, 차돌 쌀국수",11000~13000,11000,13000,뛰어난 식감과 육수의 깊은 맛을 느낄 수 있는 쌀국수,false,https://ldb-phinf.pstatic.net/20240216_175/1708073763424PcRHm_PNG/%BE%E7%C1%F6_%C2%F7%B5%B9_%BD%D2%B1%B9%BC%F6.png
35720048,2,똠양꿍 쌀국수,13000,13000,13000,"매콤, 달콤, 새콤 3가지 맛의 조화가 일품인 태국향 가득한 쌀국수",false,https://ldb-phinf.pstatic.net/20240219_167/1708306120656PAgx9_PNG/c%BE%E7%B2%E1%BD%D2%B1%B9%BC%F6.png
35720048,3,닭고기 쌀국수,11000~13000,11000,13000,국내산 닭과 향신료를 사용하여 감칠맛이 더욱 좋은 향신료,false,https://ldb-phinf.pstatic.net/20240219_124/1708306144629fhiY1_PNG/%B4%DF%B0%ED%B1%E2_%BD%D2%B1%B9%BC%F6.png
35720048,4,해산물 쌀국수,12000~14000,12000,14000,다양한 해산물이 듬뿍 들어가 바다향이 가득한 쌀국수,false,https://ldb-phinf.pstatic.net/20240219_93/1708306177956rMehd_PNG/%C7%D8%BB%EA%B9%B0_%BD%D2%B1%B9%BC%F6.png
35720048,5,매운 쌀국수,12000~14000,12000,14000,깔끔하게 매콤한 맛이 중독적인 매운 소고기 쌀국수,false,https://ldb-phinf.pstatic.net/20240219_95/1708306208443jI2yj_PNG/%B8%C5%BF%EE_%BD%D2%B1%B9%BC%F6.png
35720048,6,직화 불고기 쌀국수,12000,12000,12000,숯불에 볶아내어 그윽한 불맛을 가득 담은 불고기 쌀국수,false,https://ldb-phinf.pstatic.net/20240219_185/17083062939113dS4l_PNG/%C1%F7%C8%AD%BA%D2%B0%ED%B1%E2%BD%D2%B1%B9%BC%F6.png
35720048,7,비프 볶음밥,15000,15000,15000,부드러운 소고기를 블랙 소이 소스에 볶아낸 볶음밥,false,https://ldb-phinf.pstatic.net/20240216_279/1708077720845I1kqJ_PNG/%BA%F1%C7%C1_%BA%BA%C0%BD%B9%E4.png
35720048,8,칠리 카오 팟,14000,14000,14000,"신선한 채소와 새우, 오징어, 버섯, 계란 등을 매콤하게 볶아낸 볶음밥",false,https://ldb-phinf.pstatic.net/20240216_28/1708077754284I9lUd_PNG/%C4%A5%B8%AE%C4%AB%BF%C0%C6%CC.png
35720048,9,나시고랭,14000,14000,14000,"닭고기, 계란을 매콤달콤한 소스에 볶은 인도네시아식 볶음밥",false,https://ldb-phinf.pstatic.net/20240216_93/1708073693103DRHGG_PNG/%B3%AA%BD%C3%B0%ED%B7%A9.png
35720048,10,파인애플 볶음밥,14000,14000,14000,달콤한 파인애플을 신선한 새우와 채소로 볶아낸 향긋한 볶음밥,false,https://ldb-phinf.pstatic.net/20240216_177/1708077839388KYQcx_PNG/%C6%C4%C0%CE%BE%D6%C7%C3_%BA%BA%C0%BD%B9%E4.png
35720048,11,씨푸드 볶음밥,14000,14000,14000,여러가지 해산물과 채소를 담백하게 볶아낸 볶음밥,false,https://ldb-phinf.pstatic.net/20240216_195/17080778165181H0Hq_PNG/%BE%BE%C7%AA%B5%E5%BA%BA%C0%BD%B9%E4.png
35720048,12,쉬림프 옐로우 커리,14500,14500,14500,현지의 맛을 입 안 가득 느낄 수 있는진한 옐로우 커리 덮밥,false,https://ldb-phinf.pstatic.net/20240216_157/1708077794214oHv98_PNG/%BD%AC%B8%B2%C7%C1%BF%BB%B7%CE%BF%EC%C4%BF%B8%AE.png
35720048,13,후라이드 비프 누들,15000,15000,15000,부드러운 소고기를 다양한 채소와 함께 소이 소스에 볶아낸 볶음 쌀국수,false,https://ldb-phinf.pstatic.net/20240219_41/1708306636115su5wj_PNG/%C8%C4%B6%F3%C0%CC%B5%E5_%BA%F1%C7%C1_%B4%A9%B5%E9.png
35720048,14,타이 칠리 누들,14000,14000,14000,"해산물을 채소, 계란과 함께 칠리 소스로 볶아낸 매콤한 볶음 쌀국수",false,https://ldb-phinf.pstatic.net/20240219_222/1708306652996Tchnq_PNG/%C5%B8%C0%CC_%C4%A5%B8%AE_%B4%A9%B5%E9.png
35720048,15,치킨 팟타이,14000,14000,14000,"닭가슴살을 계란, 숙주와 함께 볶아낸 담백한 볶음 쌀국수",false,https://ldb-phinf.pstatic.net/20240219_43/1708306666416EhjtY_PNG/%C4%A1%C5%B2_%C6%CC%C5%B8%C0%CC.png
35720048,16,쉬림프 팟타이,14000,14000,14000,"통통한 새우를 계란, 숙주와 함께 팟타이 소스로 볶아낸 볶음 쌀국수",false,https://ldb-phinf.pstatic.net/20240216_29/1708073719162sEfOh_PNG/%BD%AC%B8%B2%C7%C1_%C6%CC%C5%B8%C0%CC.png
35720048,17,분보싸오,15500,15500,15500,"부드러운 소고기, 신선한 채소 얇은 쌀국수 면을 소스와 함께 비벼 먹는 건강 메뉴",false,https://ldb-phinf.pstatic.net/20240219_143/1708306706485eVqKK_PNG/%BA%D0%BA%B8%BD%CE%BF%C0.png
35720048,18,모닝글로리,12000,12000,12000,신선한 공심채를 반포식스 특제 소스와 함께 볶아낸 베트남 국민 요리,false,https://ldb-phinf.pstatic.net/20240216_70/1708077495638TXCnO_PNG/%B8%F0%B4%D7%B1%DB%B7%CE%B8%AE.png
35720048,19,코코넛 쉬림프 샐러드,17000,17000,17000,코코넛을 묻혀 고소하게 튀겨낸 새우와 부드러운 로제칠리드레싱을 함께 즐기는 샐러드,false,https://ldb-phinf.pstatic.net/20240216_126/1708077510386sPG84_PNG/%C4%DA%C4%DA%B3%D3%BD%AC%B8%B2%C7%C1%BB%F8%B7%AF%B5%E5.png
35720048,20,분짜 샐러드,21000,21000,21000,"마리네이드한 고기와 짜조, 부드러운 소면을 새콤달콤한 소스와 함께 즐기는 샐러드",false,https://ldb-phinf.pstatic.net/20240216_222/1708073612596E5Ymb_PNG/%BA%D0%C2%A5%BB%F8%B7%AF%B5%E5.png
35720048,21,크림 새우,29000,29000,29000,바삭하게 튀긴 새우와 달콤한 망고 크림 소스에 상큼한 2가지 베리를 곁들인 요리,false,https://ldb-phinf.pstatic.net/20240314_85/1710377522334RVim9_JPEG/%C5%A9%B8%B2%BB%F5%BF%EC.JPG
35720048,22,푸 팟 퐁커리,31000,31000,31000,계란과 소프트크랩을 타이식 커리와 함께 볶은 요리,false,https://ldb-phinf.pstatic.net/20240216_183/1708077622534Ff9gg_PNG/%C7%AA%C6%CC%C6%FE%C4%BF%B8%AE.png
35720048,23,반 세오,21000,21000,21000,바삭하게 부쳐 낸 얇은피에 돼지고기와 새우를 곁들여 먹는 요리,false,https://ldb-phinf.pstatic.net/20240216_278/1708073672824wsl8B_PNG/%B9%DD%BC%BC%BF%C0.png
35720048,24,오렌지 치킨,21000,21000,21000,부드러운 닭고기를 오렌지가 곁들여진 달콤한 칠리 소스와 함께 볶아 낸 요리,false,https://ldb-phinf.pstatic.net/20240216_255/1708077649760uVPUQ_PNG/%BF%C0%B7%BB%C1%F6%C4%A1%C5%B2.png
35720048,25,쉬림프썸머롤,8000,8000,8000,"바삭한 새우튀김을 통째로 넣고, 신선한 채소를 더한 썸머롤",false,https://ldb-phinf.pstatic.net/20260603_131/1780455278815rqdKN_JPEG/IMG_4369.jpg
35720048,26,에그롤,6000,6000,6000,"잘게 다진 채소, 버섯, 새우와 돼지고기를 춘권피에 싸서 튀긴 롤",false,https://ldb-phinf.pstatic.net/20240216_256/1708074048328Mzgx3_PNG/%BF%A1%B1%D7%B7%D1.png
35720048,27,스프링롤,6000,6000,6000,"신선한 채소, 새우, 양지와 버미셀리를 라이스페이퍼에 말아놓은 롤",false,https://ldb-phinf.pstatic.net/20240216_98/1708073584656S6tVF_PNG/%BD%BA%C7%C1%B8%B5%B7%D1.png
35720048,28,삼각 새우 춘권,6000,6000,6000,신선한 채소와 새우를 넣어 바삭하게 튀겨 낸 춘권,false,https://ldb-phinf.pstatic.net/20240216_210/17080740659746LwYo_PNG/%BB%EF%B0%A2%BB%F5%BF%EC%C3%E1%B1%C7.png
35720048,29,태국식 새우 너겟,7000,7000,7000,통통한 새우살이 들어가 씹는 맛이 살아있는 태국식 너겟,false,https://ldb-phinf.pstatic.net/20240216_3/17080741871870RzOM_PNG/%C5%C2%B1%B9%BD%C4%BB%F5%BF%EC%B3%CA%B0%D9.png
35720048,30,허니 갈릭 윙,7000,7000,7000,바삭하게 튀겨 낸 닭봉을 허니소스에 텀블링한 에피타이져,false,https://ldb-phinf.pstatic.net/20240216_135/17080764953416FITO_PNG/%C7%E3%B4%CF%B0%A5%B8%AF%C0%AE.png
35720048,31,짜조,7000,7000,7000,"돼지고기와 새우, 그리고 채소를 다져 쌀피에 튀긴 베트남식 롤 튀김",false,https://ldb-phinf.pstatic.net/20240216_109/1708076608748F88mf_PNG/%C2%A5%C1%B6.png
35720048,32,반포식스 샘플러,15000,15000,15000,스프링롤(4)+삼각새우춘권(3)+태국식새우너겟(3),false,https://ldb-phinf.pstatic.net/20240216_192/17080766267718259F_PNG/%B9%DD%C6%F7%BD%C4%BD%BA%BB%F9%C7%C3%B7%AF.png
35720048,33,반포식스 점보 샘플러,23500,23500,23500,"스프링롤(4)+삼각새우춘권(4)+태국식새우너겟(4)+허니갈릭윙(4)
1인추가 +5,000원",false,https://ldb-phinf.pstatic.net/20240216_178/1708076665369Sbtvn_PNG/%B9%DD%C6%F7%BD%C4%BD%BA%C1%A1%BA%B8%BB%F9%C7%C3%B7%AF.png
35720048,34,2인 세트,30000,30000,30000,에피타이져(택1) + 쌀국수(S)2개 + 음료(2잔),false,https://ldb-phinf.pstatic.net/20240314_199/17103773434251fX4M_PNG/2%C0%CE%BC%BC%C6%AE.png
35720048,35,3인 세트 A,51500,51500,51500,반포식스 점보샘플러(A8) + 볶음밥 or 볶음면(택1) + 쌀국수(S) + 음료(3잔),false,https://ldb-phinf.pstatic.net/20240314_270/17103773646073qD06_PNG/3%C0%CE%BC%BC%C6%AEA.png
35720048,36,3인 세트 B,57000,57000,57000,반포식스 샘플러(A7) + 볶음밥 + 볶음면 + 쌀국수(S) + 음료(3잔),false,https://ldb-phinf.pstatic.net/20240314_284/17103773863944Se6s_PNG/3%C0%CE%BC%BC%C6%AEB.png
35720048,37,4인 세트,76000,76000,76000,3~4인용 월남쌈(W2) + 볶음밥 or 볶음면(택1) + 쌀국수(S) + 음료(4잔),false,https://ldb-phinf.pstatic.net/20240314_106/1710377405270JkM8X_PNG/4%C0%CE%BC%BC%C6%AE.png
35720048,38,월남쌈 (1~2인용),37000,37000,37000,,false,https://ldb-phinf.pstatic.net/20240216_86/1708073802076wN0e2_PNG/%BF%F9%B3%B2%BD%D3.png
35720048,39,월남쌈 (3~4인용),47000,47000,47000,,false,https://ldb-phinf.pstatic.net/20240219_111/1708306500505kwp4S_PNG/%BF%F9%B3%B2%BD%D3.png
35720048,40,월남 쌈 2인 세트,45000,45000,45000,2인용 월남 쌈 + 미니 쌀국수 2개,false,https://ldb-phinf.pstatic.net/20240219_172/1708306548020tewnH_PNG/%BF%F9%B3%B2%BD%D3_%BC%BC%C6%AE.png
35887181,0,한우샤브 (평일 점심),19500,19500,19500,,true,https://ldb-phinf.pstatic.net/20180115_41/1516004352512f7ye1_PNG/TPGjbn-ww4A3fLchHNjicV-1.png
35887181,1,스페셜 소고기샤브 (평일 점심),16000,16000,16000,,false,https://ldb-phinf.pstatic.net/20180115_280/15160043698348wUDx_PNG/LpatjbaTpKAJ9CN_IKyUnczQ.png
35887181,2,불고기전골 (평일 점심),16000,16000,16000,,false,https://ldb-phinf.pstatic.net/20180115_126/1516004386470u2i8x_PNG/hWH-R5EFYxhOs34yfIcrxADN.png
35887181,3,"한우샤브 (저녁, 주말)",22500,22500,22500,,false,https://ldb-phinf.pstatic.net/20180115_238/15160044062267bKJ9_PNG/9YvPOUT-xVQy-kvLVkDhPA81.png
35887181,4,"스페셜 소고기샤브 (저녁, 주말)",19000,19000,19000,,false,
35887181,5,"불고기전골 (저녁, 주말)",19000,19000,19000,,false,
36170846,0,얼큰순두부대찌개,12000,12000,12000,얼큰한 해물양념과 부드러운 순두부가 들어간 해장 부대찌개,false,https://ldb-phinf.pstatic.net/20260428_51/17773645897892DJyz_JPEG/%BE%F3%C5%AB%BC%F8%B5%CE%BA%CE%B4%EB%C2%EE%B0%B3.jpg
36170846,1,킹콩부대찌개,11000,11000,11000,"킹콩을 대표하는 부대찌개!
엄선된 햄과 맵칼한 킹콩특제소스의 조화^^",true,https://ldb-phinf.pstatic.net/20230223_228/1677118368533l0zEE_JPEG/KakaoTalk_20230223_110930684_03.jpg
36170846,2,텍사스부대찌개,13000,13000,13000,고소한 베이컨칩과 터질듯한 스테이크&미트볼 토핑이 한가득!,true,https://ldb-phinf.pstatic.net/20230223_52/1677118309647XDOP2_JPEG/%A4%B7%A4%AB%A4%A4%A4%AB%A4%A4%A4%B7%A4%A9%A4%A4%A4%B7%A4%B1%A4%A9.jpg
36170846,3,방콕마마부대찌개,13000,13000,13000,세계 3대 수프 똠얌꿍의 한식화! 킹콩부대찌개를 만나다!,false,https://ldb-phinf.pstatic.net/20231019_293/1697701031230MhTzM_JPEG/%B9%E6%C4%DB%B8%B6%B8%B6%BA%CE%B4%EB%C2%EE%B0%B3.jpg
36170846,4,리얼햄가득부대찌개,13000,13000,13000,"총 8가지의 다양한 햄이 듬뿍 들어간
리얼햄가득 부대찌개!",false,https://ldb-phinf.pstatic.net/20230223_255/1677118352940HPQzX_JPEG/KakaoTalk_20230223_110930684.jpg
36170846,5,섞어부대찌개,12000,12000,12000,"동그랑땡,우삼겹,물만두가 들어가
다양한 맛을 느낄 수 있는 모둠부대찌개!",false,https://ldb-phinf.pstatic.net/20230223_19/1677118396485G2Sz5_JPEG/KakaoTalk_20230223_110930684_01.jpg
36170846,6,제육두부철판,11000,11000,11000,매콤과 담백사이 두부가 듬뿍 들어간 철판 제육!,false,https://ldb-phinf.pstatic.net/20250721_212/1753061375313jesgV_JPEG/KakaoTalk_20250714_153925395_01.jpg
36170846,7,킹콩왕돈까스,12000,12000,12000,국내산 돈육과 바삭한 감자플레이크로 만든 추억의 왕돈까스!,false,https://ldb-phinf.pstatic.net/20260506_191/1778045283835Rl5xw_JPEG/%C5%B7%C4%E1%BF%D5%B5%B7%B1%EE%BD%BA.jpg
36459479,0,덴푸라 냉우동 (붓카케우동),13000,13000,13000,,false,https://ldb-phinf.pstatic.net/20191205_46/1575550598098jBM96_JPEG/RF83niQL8FcH-PJYmKd9pl5p.JPG.jpg
36459479,1,덴푸라 우동,10000,10000,10000,,false,https://ldb-phinf.pstatic.net/20191205_185/1575550654999kRdcN_JPEG/ohj-R5FHDVzzR0_mhAi7-Qe2.JPG.jpg
36459479,2,니꾸우동,12000,12000,12000,,false,https://ldb-phinf.pstatic.net/20191205_177/1575550683562t3zf8_JPEG/Ch9xnWwHVrgpJR4Gq9CsmXv3.JPG.jpg
36459479,3,카레우동,9000,9000,9000,,false,https://ldb-phinf.pstatic.net/20191205_169/1575550733193ckPRO_JPEG/-NcFEwc2cHuxYE4A0_6fv_As.JPG.jpg
36459479,4,규카레우동,12000,12000,12000,,false,https://ldb-phinf.pstatic.net/20191205_45/1575551664381mgQqx_JPEG/kPqqw0EVUxx_U5Q1MzvKVvgW.jpg
36459479,5,에비텐카레우동,12000,12000,12000,,false,https://ldb-phinf.pstatic.net/20191205_226/1575551687621Cd5WJ_JPEG/mHJnKvy1mSkcxpLFYKeMqo0J.jpg
36459479,6,부타데리야끼,13000,13000,13000,,false,https://ldb-phinf.pstatic.net/20191205_167/1575551817362gB0fX_JPEG/W2Twn9gco88PzFqlYiRo8s7x.jpg
36459479,7,카레라이스,9000,9000,9000,,false,https://ldb-phinf.pstatic.net/20191205_230/1575551897012jbCCn_JPEG/AAwteV1a4EiH848u3tFWsj6A.jpg
36459479,8,에비텐 카레라이스,12000,12000,12000,,false,https://ldb-phinf.pstatic.net/20191205_162/1575551883348q7FS8_JPEG/ezaqz_C8Rl5Dhie4uadEjXKi.jpg
36459479,9,규카레라이스,12000,12000,12000,,false,https://ldb-phinf.pstatic.net/20191205_139/1575551910657lhsOf_JPEG/_qLcP6Kdt-1tdjwkoDg4H4ay.jpg
36459479,10,덴푸라 덮밥,10000,10000,10000,,false,https://ldb-phinf.pstatic.net/20191205_134/1575552150002UBxSL_JPEG/c3tjYjI6a_fjiu3MsrmOCx6T.jpg
36459479,11,원 카키아게,7000,7000,7000,,false,https://ldb-phinf.pstatic.net/20191205_167/1575551954969qcDgo_JPEG/mGOWCTqcTvoE2Ldld6b-ZvTW.jpg
36459479,12,투 카키아게,12000,12000,12000,,false,https://ldb-phinf.pstatic.net/20191205_20/1575551964823QTR0f_JPEG/42VtmSA5KCTbzqhjQ8dNIpkZ.jpg
36459479,13,세븐 카키아게,15000,15000,15000,,false,https://ldb-phinf.pstatic.net/20191205_127/157555199152271XQF_JPEG/3J2ewll7Xr84jnz34omGZytT.jpg
36459479,14,스키야키 미국 최고급프라임 200g,27000,27000,27000,저녁스페셜 메뉴로 미국산 최고급 프라임 소고기 200g을 풍성하게 드립니다. 2인이상 예약,false,https://ldb-phinf.pstatic.net/20191205_106/1575551978734XUR9a_JPEG/_IGm1bGWrvlWA7tuUDRY7qu5.jpg
36509239,0,샤케동 정식,14000,14000,14000,생연어 덮밥 요리,true,https://ldb-phinf.pstatic.net/20240125_68/1706134358596e3YOF_PNG/IMG_9548.png
36509239,1,부타노쇼가야끼정식,12000,12000,12000,얇게 썬 삼겹살을 전용 쇼가야끼(생강구이) 소스에 볶아 스차게티면과 함께 드시는 요리,true,https://ldb-phinf.pstatic.net/20240125_231/1706134596292WYfX4_JPEG/IMG_9545.jpeg
36509239,2,신(辛)부타노쇼가야끼 정식,12000,12000,12000,부타노쇼가야끼(삼겹생강구이)의 매콤한 맛,false,https://ldb-phinf.pstatic.net/20240125_9/1706134929195BmnES_JPEG/IMG_6967.jpeg
36509239,3,아게다시토후정식,11000,11000,11000,"튀긴 두부, 가지, 꽈리고추를 전용 국물에 끓여낸 요리",false,https://ldb-phinf.pstatic.net/20240125_35/1706134781932gqlah_JPEG/IMG_9550.jpeg
36509239,4,니꾸쟈가정식,12000,12000,12000,"소고기, 감자, 양파를 전용 소스에 자글자글하게 끓여낸 요리",false,https://ldb-phinf.pstatic.net/20240125_36/1706134727246jMwRe_JPEG/IMG_9537.jpeg
36509239,5,치킨남반 정식,12000,12000,12000,닭고기를 계란옷으로 튀겨 전용소스에 뭍혀 타르타르 소스를 얹어 먹는 요리,false,https://ldb-phinf.pstatic.net/20240125_241/1706134466265Fls1L_JPEG/IMG_9556.jpeg
36509239,6,가라아게 정식,11000,11000,11000,염지된 닭고기를 전분에 뭍혀 튀겨낸 요리,false,https://ldb-phinf.pstatic.net/20240125_233/1706134534829q4B06_JPEG/IMG_9536.jpeg
36509239,7,와후 함바그 정식,11000,11000,11000,일본풍 함박 스테이크 요리,false,https://ldb-phinf.pstatic.net/20240125_106/1706134329157evVHR_JPEG/IMG_9554.jpeg
36509239,8,냉메밀정식,12000,12000,12000,시원한 메밀과 2마리의 새우튀김을 즐기세요,false,https://ldb-phinf.pstatic.net/20260415_140/1776227471009PckA8_PNG/4415.png
36509239,9,오야꼬동 정식,11000,11000,11000,닭고기 계란 덮밥 요리,false,https://ldb-phinf.pstatic.net/20240125_2/1706134434096dMOjU_JPEG/IMG_9552.jpeg
36509239,10,생선카츠동 정식,12000,12000,12000,튀겨낸 생선카츠와 계란을 전용소스로 끓여낸 덮밥 요리,false,https://ldb-phinf.pstatic.net/20240125_279/1706134856374gU9P3_JPEG/IMG_8215.jpeg
36543254,0,[여름특제] 토마토 카펠리니 냉파스타,23000,23000,23000,"신선한 야채와 토마토,블랙올리브로 맛을 낸 여름 특선 차가운 냉파스타",true,https://ldb-phinf.pstatic.net/20260601_60/1780267036523efuLe_JPEG/1000039737.jpg
36543254,1,[여름보양] 사골 크림 카펠리니,25000,25000,25000,"사골육수 베이스로 만든 크림소스와 카펠리니면,전복,양지살을 올린 보양식 파스타",true,https://ldb-phinf.pstatic.net/20260601_262/1780266827621pN8ow_JPEG/1000039738.jpg
36543254,2,[여름 시즌] 시원한 수박주스,6000,6000,6000,주문 즉시 갈아드리는 신선한 수박주스,true,https://ldb-phinf.pstatic.net/20260601_265/1780266655259Xsm8U_JPEG/1000039736.jpg
36543254,3,[신메뉴] 아메리칸 립아이 스테이크,61000,61000,61000,"달콤한 베리류 소스, 매쉬포테이토, 그린빈과
함께 즐기는 아메리칸 스타일 립아이 스테이크.",true,https://ldb-phinf.pstatic.net/20251209_113/1765248422488z4DYp_PNG/%C1%A6%B8%F1%C0%BB_%C0%D4%B7%C2%C7%D8%C1%D6%BC%BC%BF%E4._%2824%29.png
36543254,4,[단골픽] 클래식 패티 콥 샐러드,23000,23000,23000,*대표*쇠고기 등심 패티를 이용한 시그니쳐 콥 샐러드,true,https://ldb-phinf.pstatic.net/20240703_93/17199855517696vzYN_PNG/002.png
36543254,5,폴드포크 타코콥샐러드,29000,29000,29000,,true,https://ldb-phinf.pstatic.net/20250929_238/1759135994996WKMIy_PNG/%C1%A6%B8%F1%C0%BB_%C0%D4%B7%C2%C7%D8%C1%D6%BC%BC%BF%E4._%287%29.png
36543254,6,스파이시 쉬림프 알리오 올리오,19000,19000,19000,풍부한 마늘향과 매콤한 새우가 들어간 알리오 올리오 파스타,true,https://ldb-phinf.pstatic.net/20240703_201/1719985649947UUVaW_PNG/006.png
36543254,7,스프링어니언 봉골레 파스타,21000,21000,21000,"*신메뉴!
흑모시, 바지락으로 조리 후 쪽파를 곁들인 시원하고 담백한 오일 파스타",true,https://ldb-phinf.pstatic.net/20240923_189/1727047325191hd0G9_PNG/002.png
36543254,8,풍기 치킨리조또,23000,23000,23000,그릴에 구워 육즙 가득한 닭다리를 올린 버섯향이 가득한 리조또,true,https://ldb-phinf.pstatic.net/20241022_223/1729569162976BYLHD_PNG/001.png
36543254,9,[시그니처] 핫 페퍼로니 피자,32000,32000,32000,75장의 정통 페퍼로니로 뒤덮인 아메리칸 핫 피자,true,https://ldb-phinf.pstatic.net/20240703_262/1719985799439ioHtE_PNG/013.png
36543254,10,포크 립,34000,34000,34000,"부드러운 포크 립에 매콤달콤한
소스를 발라 구운 바비큐 (±600G)",true,https://ldb-phinf.pstatic.net/20240703_285/1719985955534qSqhq_PNG/016.png
36543254,11,라디오베이 시그니처 맥주 6종,8900,8900,8900,"라거, 필스너, 바이젠, 골든에일, I.P.A, 다크에일 중 택 1",true,https://ldb-phinf.pstatic.net/20240703_118/17199862445389mKxl_PNG/024.png
36543254,12,아보카도 콥 샐러드,27000,27000,27000,고소한 아보카도를 더한 콥 샐러드,false,https://ldb-phinf.pstatic.net/20240703_2/1719985588413jAflS_PNG/003.png
36543254,13,머쉬룸 파스타,23000,23000,23000,진한 풍미가 가득한 머쉬룸 크림 파스타,false,https://ldb-phinf.pstatic.net/20241028_150/1730089290263QcCSu_PNG/%B8%D3%BD%AC%B7%EB_%C6%C4%BD%BA%C5%B8_90-1.png
36543254,14,비프 칠리 파스타,24000,24000,24000,쇠고기와 오돌뼈가 어우러진 아메리칸 칠리소스 파스타(파파델레 면 사용),false,https://ldb-phinf.pstatic.net/20240703_87/1719985708657AxX8l_PNG/009.png
36543254,15,딥 치즈 피자,26000,26000,26000,"모짜렐라, 체다, 그라나파다노 치즈가 진하게 들어간 스테디셀러 피자",false,https://ldb-phinf.pstatic.net/20240703_144/1719985763996O9Kjg_PNG/011.png
36543254,16,머쉬룸 피자,28000,28000,28000,버섯과 트러플 오일의 풍미가 가득한 크림소스 피자,false,https://ldb-phinf.pstatic.net/20240703_126/1719985783504D2wh9_PNG/012.png
36543254,17,맥 앤 치즈,9000,9000,9000,"마카로니,베이컨에 치즈와 크림을 버무린 풍미 가득한 맥 앤 치즈",false,https://ldb-phinf.pstatic.net/20240703_191/1719986079483sGHlQ_PNG/020.png
36543254,18,칠리 치즈 프라이,11000,11000,11000,매콤한데 계속 손이 가는 칠리 치즈 프라이,false,https://ldb-phinf.pstatic.net/20240703_264/1719986132471uYAbF_PNG/021.png
36543254,19,비프칠리나쵸,15000,15000,15000,특제 칠리 소스에 찍어 먹는 나쵸,false,https://ldb-phinf.pstatic.net/20240703_201/1719986167615WyypW_PNG/022.png
36543254,20,핫 버팔로 윙 with 감자 튀김,18000,18000,18000,매콤새콤한 소스에 버무린 정통 아메리칸 스타일 버팔로 윙과 감자 튀김,false,https://ldb-phinf.pstatic.net/20240703_108/1719986190914k4Qil_PNG/023.png
36543254,21,카시스 프라페,12000,12000,12000,"블랙커런트를 뜻하는 카시르와 복숭아, 코코넛, 오렌지, 레몬 등 다양한 과일맛이 강한칵테일",false,https://ldb-phinf.pstatic.net/20251008_270/17599027158090tPN2_JPEG/20250928-8.jpg
36543254,22,가리발디,12000,12000,12000,이탈리아의 유명 비터ㅏ 리큐르를 활용한 클래식 칵테일,false,https://ldb-phinf.pstatic.net/20251008_96/1759902769958fbiCV_JPEG/20250928-10.jpg
36543254,23,준 벅,12000,12000,12000,"6월의 푸름을 표현한 칵테일 바나나, 파인애플, 코코넛의 상큼 달달한 맛이 조화로움",false,https://ldb-phinf.pstatic.net/20251008_170/1759902803655KAAUB_JPEG/20250928-12.jpg
36543254,24,동해,12000,12000,12000,"90년대 한국의 한 바에서 창작된 칵테일
동해바다의 푸른 빛을 표현한 과일향 칵테일",false,https://ldb-phinf.pstatic.net/20251008_165/1759902857023hMCva_JPEG/20250928-14.jpg
36543254,25,롱아일랜드 아이스티,12000,12000,12000,"진, 럼, 보드카 등 여러 리큐르를 베이스로 하는 칵테일",false,https://ldb-phinf.pstatic.net/20240703_276/17199863827557aYS2_PNG/28._%B7%D5%BE%C6%C0%CF%B7%A3%B5%E5_%BE%C6%C0%CC%BD%BA%C6%BC.png
36603388,0,직접담근묵은지와생삼겹살(180g),17000,17000,17000,직접담근묵은지와 생삼겹살 그리고 파절이콩나물을 같이 드실수있는 옛날스타일 삼겹살구이입니다.,true,https://ldb-phinf.pstatic.net/20230314_54/1678795963295rvVEQ_JPEG/20221125_194151.jpg
36603388,1,돼지고기김치찌개,9000,9000,9000,점심메뉴,false,https://ldb-phinf.pstatic.net/20230307_114/16781616893100zLfn_JPEG/%B1%E8%C4%A1%C2%EE%B0%B3_02.jpg
36603388,2,철판제육볶음,10000,10000,10000,점심메뉴,true,https://ldb-phinf.pstatic.net/20230307_30/1678161604502VdfSW_JPEG/20221017_121854.jpg
36603388,3,통새우토마토스파게티,22000,22000,22000,,false,https://ldb-phinf.pstatic.net/20230307_218/1678161478331fhWJ8_JPEG/20221101_191727.jpg
36603388,4,통새우 로제파스타,22000,22000,22000,,true,https://ldb-phinf.pstatic.net/20230307_255/1678161408329FyOjD_JPEG/20221101_192327.jpg
36603388,5,알리오올리오 스파게티,22000,22000,22000,,true,https://ldb-phinf.pstatic.net/20230307_73/167816129913906cYI_JPEG/20221101_190748.jpg
36603388,6,까르보나라스파게티,22000,22000,22000,,true,https://ldb-phinf.pstatic.net/20230307_77/1678160180679xCE5s_JPEG/20221101_195253.jpg
36603388,7,베이컨김치전,20000,20000,20000,술안주로 인기좋은 메뉴입니다.,false,https://ldb-phinf.pstatic.net/20251031_127/1761836884676Gdh7F_PNG/1000004934.png
36603388,8,민물새우깡,18000,18000,18000,민물새우를 두번튀겨 바삭한 안주입니다.,false,https://ldb-phinf.pstatic.net/20251031_257/1761837431884yUgfD_JPEG/1000004920.jpg
36603388,9,모듬소세지,20000,20000,20000,올리브오일에 마늘 토마토 헐그레인머스터드 올리브등을넣고 볶은 고급스런 술안주입니다.,false,https://ldb-phinf.pstatic.net/20251031_259/1761837002926516Ku_PNG/1000004949.png
36603388,10,해물짬뽕탕,27000,27000,27000,각종해물과 야채를넣고 깊은맛이 일품인 술안주입니다.,false,https://ldb-phinf.pstatic.net/20251031_223/1761837174624RW3uy_PNG/1000004953.png
36603388,11,페페로니피자,22000,22000,22000,토마토소스에 치즈 페페로니를 곁들여 맥주안주로 인기좋은 피자입니다.,false,https://ldb-phinf.pstatic.net/20251031_275/1761837284143kKUAA_PNG/1000004944.png
36603388,12,직접담근묵은지와삼겹살(180g),17000,17000,17000,국내산삼겹살과 직접담근 묵은지를 사용합니다.,true,https://ldb-phinf.pstatic.net/20230305_264/1678015522422XnoWG_JPEG/20221125_194151.jpg
36727961,0,부대찌개,11000,11000,11000,,false,
36727961,1,한우국밥,11000,11000,11000,,false,
36727961,2,김치찌개,10000,10000,10000,,false,
36727961,3,두루치기,11000,11000,11000,,false,
36727961,4,삼겹살,17000,17000,17000,,false,
36727961,5,가브리살,17000,17000,17000,,false,
36727961,6,항정살,18000,18000,18000,,false,
36727961,7,목살,17000,17000,17000,,false,
36727961,8,슬라이스 베이컨,15000,15000,15000,,false,
36727961,9,구워먹는 소시지 2개,8000,8000,8000,,false,
36727961,10,후식/물냉면,7000,7000,7000,,false,
36727961,11,후식/누룽지,5000,5000,5000,,false,
36727961,12,후식/치즈볶음밥,5000,5000,5000,,false,
36977975,0,영심이김밥,4500,4500,4500,,true,https://ldb-phinf.pstatic.net/20210805_244/1628155727444V8X32_JPEG/lLxG8uFWebLHh5-us0DhOqfo.jpeg.jpg
36977975,1,돈까스,9500,9500,9500,,false,
36977975,2,범벅이요,9500,9500,9500,,false,
36977975,3,갈비맛김밥,5500,5500,5500,,false,
36977975,4,치즈맛살김밥,5500,5500,5500,,false,
36977975,5,샐러드김밥,5500,5500,5500,,false,
36977975,6,돈까스김밥,5500,5500,5500,,false,
36977975,7,반반김밥,6000,6000,6000,,false,
36977975,8,떡볶이,5000,5000,5000,,false,
36977975,9,냄비오뎅,3000,3000,3000,,false,
37576885,0,빅맥® 세트,,,,"100% 순 쇠고기 패티 두 장에 빅맥®만의 특별한 소스
입안에서 살살 녹는 치즈와 신선한 양상추, 양파, 그리고 피클까지
50년 넘게 전 세계인의 입맛을 사로 잡은 버거의 대명사",false,https://ldb-phinf.pstatic.net/20220708_127/1657245800032ACyys_PNG/1.png
37576885,1,맥스파이시® 상하이 버거 세트,,,,"매콤한 시즈닝을 입힌 100% 닭가슴 통살 위에
아삭아삭한 양상추와 신선한 토마토~
겉은 바삭, 속은 부드러운 치킨 패티의 매콤함으로 입맛도 기분도 화끈하게!",false,https://ldb-phinf.pstatic.net/20220708_255/16572459143724zjSF_PNG/2.png
37576885,2,1955 버거™ 세트,,,,"113g 두툼한 순 쇠고기 패티,
더 풍성해진 신선한 양상추,
깊은 풍미의 그릴드 어니언까지!
맥도날드가 처음 생긴 1955년의 맛을 담은
영원한 오리지널 1955 버거",false,https://ldb-phinf.pstatic.net/20220708_9/1657245935870DrAiH_PNG/3.png
37576885,3,불고기 버거 세트,,,,"한국인의 입맛에 딱 맞는 불고기 소스에 잘 재운 패티와
고소한 마요네즈, 신선한 양상추의 맛있는 조합.",false,https://ldb-phinf.pstatic.net/20200402_172/1585799362554N1dIv_PNG/sMVv9eKeoqUbkcDCXZCpABKk.png
37576885,4,슈슈 버거 세트,,,,탱~글한 통새우살 가득~ 슈슈 버거,false,https://ldb-phinf.pstatic.net/20200402_177/15857993764060mWux_PNG/DH8RZL9FnxTOgb3OMoOf6tBx.png
37576885,5,베이컨 토마토 디럭스 세트,,,,더욱 풍부하고 신선한 맛의 프리미엄 버거,false,https://ldb-phinf.pstatic.net/20200402_43/1585799390626dW1Xz_PNG/vjxntRY-WVCtrQJvmaheg4tw.png
37797830,0,송추갈비정식(평일 런치),36000,36000,36000,"소양념갈비와 된장찌개, 솥밥 또는 냉면을 함께 즐길 수 있는 가성비 정식 (2인이상)",true,https://ldb-phinf.pstatic.net/20240322_12/1711074194835PyA31_JPEG/%C1%A4%BD%C4_%B3%D7%C0%CC%B9%F6.jpg
37797830,1,한돈명품구이 정식(평일 런치),31000,31000,31000,"도톰한 돼지구이와 된장찌개, 솥밥 또는 냉면을 함께 즐길 수 있는 가성비 정식 (2인이상)",false,https://ldb-phinf.pstatic.net/20250424_37/1745469859031BfRTF_JPEG/%C7%D1%B5%B7%B8%ED%C7%B0%B1%B8%C0%CC_%C0%A5%BF%EB.jpg
37797830,2,송추갈비,41000,41000,41000,"갈비의 결을 살린 수제칼집과 45년 전통 양념으로, 부드럽고 달콤한 시그니처 메뉴",false,https://ldb-phinf.pstatic.net/20260416_195/1776303017147bSpIK_PNG/%BC%DB%C3%DF.png
37797830,3,가마골갈비,41000,41000,41000,"갈비의 결을 살린 수제칼집과 45년 전통 양념으로, 부드럽고 달콤한 시그니처 메뉴",false,https://ldb-phinf.pstatic.net/20260416_99/1776303030654l5HEc_PNG/%B0%A1%B8%B6%B0%F1.png
37797830,4,한우채끝등심 정식(평일 런치),61000,61000,61000,"투뿔한우채끝과 된장찌개, 솥밥 또는 냉면을 함께 즐길 수 있는 가성비 정식 (2인이상)",false,
37797830,5,갈비탕,17000,17000,17000,오랜시간 깊고 진하게 우려내 맛이 일품인 송추가마골 정통갈비탕,false,https://ldb-phinf.pstatic.net/20251201_275/1764550614854uUj0N_JPEG/2023_%B0%A5%BA%F1%C5%C1.jpg
37797830,6,숙성 묵은지 김치찜,15000,15000,15000,오래 숙성된 묵은지에 진한 사골육수와 삼겹살을 넣어 깊고 풍부한 맛이 일품인 뚝배기 김치찜,false,https://ldb-phinf.pstatic.net/20260416_209/1776303078614PjdAq_PNG/%B1%E8%C4%A1%C2%F2.png
37797830,7,가마골 곰탕,15000,15000,15000,부드럽고 담백한 국물맛에 푸짐한 고기가 들어간 맑은 곰탕,false,https://ldb-phinf.pstatic.net/20260416_103/1776303069884AbaFs_PNG/%B0%F5%C5%C1.png
37797830,8,메밀 물/비빔냉면,12000,12000,12000,오랜 전통방식 그대로 담백하고 깔끔한 맛이 일품인 시그니처 냉면,false,https://ldb-phinf.pstatic.net/20230918_138/16950128218106vO16_JPEG/%C6%F2%BE%E7_%B9%B0%B3%C3%B8%E9.jpg
37797830,9,CAB 우대本갈비,41000,41000,41000,"프리미엄 소고기의 선두주차 CAB원료육을 사용해, 육즙이 풍부한 양념갈비(2인분씩 주문)",false,https://ldb-phinf.pstatic.net/20220701_210/1656639417331DkkzC_JPEG/%BF%EC%B4%EB%B0%A5%BA%F1_.jpg
37797830,10,CAB설화갈비살,28000,28000,28000,"쫄깃한 식감과 풍부한 육즙, 깊은 감칠맛이 살아있는 즉석양념 갈비살",false,https://ldb-phinf.pstatic.net/20240722_13/1721614569669tTU7j_JPEG/%BC%B3%C8%AD%B0%A5%BA%F1%BB%EC.jpg
37797830,11,한돈명품구이(돼지),29000,29000,29000,도톰한 육질에 정통갈비양념으로 달콤한 맛이 일품인 대표 돼지구이 메뉴,false,https://ldb-phinf.pstatic.net/20190605_174/1559724019009KRUSM_JPEG/LFrX0X_brccAkXV281KYGv3V.JPG.jpg
37797830,12,왕갈비탕,20000,20000,20000,"오랜 전통의 맛 그대로, 고급 소갈비를 깊고 진하게 우려낸 푸짐한 왕갈비탕",false,https://ldb-phinf.pstatic.net/20230202_294/1675311806751FhvB9_JPEG/%BF%D5%B0%A5%BA%F1%C5%C1_%C0%A5%BF%EB.jpg
37797830,13,매콤갈비찜뚝배기,18000,18000,18000,부드러운 소갈비와 달콤한 특제 양념이 어우러져 맛이 일품인 특별메뉴,false,
37797830,14,포장메뉴 순한갈비찜,30000,30000,30000,,false,
37797830,15,포장메뉴 한우불고기전골,30000,30000,30000,,false,
37853353,0,통큰 오짱떡볶이(2~3인분),19000,19000,19000,,true,https://ldb-phinf.pstatic.net/20160427_174/1461756230904JVi3U_GIF/e45247c8-477b-4c41-9bbc-2474475fa66a.gif
37853353,1,불향차돌떡볶이(2~3인분),19000,19000,19000,,false,https://ldb-phinf.pstatic.net/20160427_283/1461756231017R1xvN_GIF/0a2036c3-82f9-4d34-a5f4-255ed5d981d8.gif
37853353,2,청년돈까스,9000,9000,9000,,false,https://ldb-phinf.pstatic.net/20160427_76/1461756231114tLRTa_GIF/4630bebe-702e-4b9e-958b-d1d8fc6d3687.gif
37853353,3,모듬튀김,8500,8500,8500,,false,
37853353,4,버터갈릭감자튀김,5500,5500,5500,,false,
37889563,0,순대국,11000,11000,11000,"선순대의 스테디셀러 메뉴, 순대국!",false,https://ldb-phinf.pstatic.net/20241213_243/1734071894702HSdaw_JPEG/%BC%F8%B4%EB%B1%B9.jpeg
37889563,1,뼈해장국,11000,11000,11000,순대국집에서 먹는 뼈해장국이 내 인생 최고의 뼈해장국일지도?,false,https://ldb-phinf.pstatic.net/20241213_131/1734071910049nglDJ_JPEG/%BB%C0%C7%D8%C0%E5%B1%B9.jpeg
37889563,2,소보로 비빔밥(여름 시즌 메뉴),11000,11000,11000,"감칠맛 폭발, 더울 때, 입맛 없을 때 강추",false,https://ldb-phinf.pstatic.net/20250709_196/1752021940962tX2LH_JPEG/1000006737.jpg
37889563,3,콩나물국밥,9000,9000,9000,고기 못 먹어도 걱정하지 마세요. 콩나물국밥이 있으니까요!,false,https://ldb-phinf.pstatic.net/20241213_126/1734071993267HnpAM_JPEG/%C4%E1%B3%AA%B9%B0%B1%B9%B9%E4.jpeg
37889563,4,인삼순대국,12000,12000,12000,인삼순대국은 보약이지요,false,https://ldb-phinf.pstatic.net/20241213_248/1734071948515vCxzf_JPEG/%C0%CE%BB%EF%BC%F8%B4%EB%B1%B9.jpeg
37889563,5,찹쌀순대,9000,9000,9000,"껍질은 탄력 있고 속은 꽉~ 찬 오동통한 순대
(소자 9000원 대자 18000원)",false,https://ldb-phinf.pstatic.net/20241213_2/1734072042815chxjh_JPEG/%C2%FD%BD%D2%BC%F8%B4%EB_%BC%D2%C0%DA.jpeg
37889563,6,수육,11000,11000,11000,"부드러운 수육에 무생채 한 점! 아는 맛이 무섭다
(소자 11000원 대자 22000원)",false,https://ldb-phinf.pstatic.net/20241213_124/1734072082500mY4oO_JPEG/%BC%F6%C0%B0_%B4%EB%C0%DA.jpeg
37889563,7,"소주, 맥주",3000,3000,3000,"저희 매장을 찾아주시는 고객님께 감사한 마음을 담아, 술은 최저가로 제공해드립니다.",false,
37889563,8,"음료(콜라, 사이다)",2000,2000,2000,"저희 매장을 찾아주시는 고객님께 감사한 마음을 담아, 음료는 최저가로 제공해드립니다.",false,
37889563,9,야채철판볶음,33000,33000,33000,'매콤+달콤+고소+짭짤' 조합은 못 참지,false,https://ldb-phinf.pstatic.net/20241213_255/17340723894974V4WK_JPEG/%BE%DF%C3%A4%C3%B6%C6%C7%BA%BA%C0%BD.jpeg
37889563,10,전골,33000,33000,33000,뜨끈한 전골로 속 푸세요~,false,https://ldb-phinf.pstatic.net/20241213_193/1734072279504L96iX_JPEG/%C0%FC%B0%F1.jpeg
37889563,11,감자탕,22000,22000,22000,"칼칼~한게 땡길때 소주 한 잔이랑 딱!
(소자 22000원 대자 33000원)",false,https://ldb-phinf.pstatic.net/20241213_105/1734072156908eQNhG_JPEG/%B0%A8%C0%DA%C5%C1.jpeg
37889563,12,술국,16000,16000,16000,따뜻한 국물에 술이 술술술~,false,https://ldb-phinf.pstatic.net/20241213_186/1734072125827QgWL5_JPEG/%BC%FA%B1%B9.jpeg
37895667,0,로맨틱 프리미엄 커플 세트,222000,222000,222000,"K-Cultured 그랑 갈릭 본스테이크 with Filet, 로맨틱무드를 더한 커플 세트",true,https://ldb-phinf.pstatic.net/20260417_129/1776384750850u6gGw_PNG/%B1%D7%B8%B21.png
37895667,1,스페셜 프리미엄 세트,248000,248000,248000,"K-Cultured 그랑 갈릭 본스테이크 with Filet, 풍성한 구성의 프리미엄 세트",true,https://ldb-phinf.pstatic.net/20260417_228/1776384766657Bw9xD_PNG/%B1%D7%B8%B22.png
37895667,2,포레스트 스트립 스테이크,66800,66800,66800,바삭하게 튀긴 브로콜리를 올리고 홀그레인 스윗 크림소스로 부드러움을 더한 채끝 스테이크,true,https://ldb-phinf.pstatic.net/20251114_50/1763105346968X0EaR_JPEG/2511_MG_%B3%D7%C0%CC%B9%F6%B8%DE%B4%BA%C0%CC%B9%CC%C1%F6%28912x506%29_%C6%F7%B7%B9%BD%BA%C6%AE%BD%BA%C6%AE%B8%B3%BD%BA%C5%D7%C0%CC%C5%A9.jpg
37895667,3,트러플 머시룸 잠봉 피자,35700,35700,35700,"트러플의 풍미와 버섯 크림 소스에 잠봉, 그라나 파다노 치즈를 함께 즐기는 프리미엄 피자",true,https://ldb-phinf.pstatic.net/20251114_176/1763105229264kPjsK_JPEG/2511_MG_%B3%D7%C0%CC%B9%F6%B8%DE%B4%BA%C0%CC%B9%CC%C1%F6%28912x506%29_%C6%AE%B7%AF%C7%C3%B8%D3%BD%C3%B7%EB%C0%E1%BA%C0%C7%C7%C0%DA.jpg
37895667,4,갈릭 명란 파스타,28700,28700,28700,"명란과 마늘의 조화, 쪽파와 김가루로 깊은 바다의 향을 섬세하게 채워낸 갈릭 명란 파스타",true,https://ldb-phinf.pstatic.net/20251114_18/1763105178253voI0a_JPEG/2511_MG_%B3%D7%C0%CC%B9%F6%B8%DE%B4%BA%C0%CC%B9%CC%C1%F6%28912x506%29_%B0%A5%B8%AF%B8%ED%B6%F5%C6%C4%BD%BA%C5%B8.jpg
37895667,5,갈릭페뇨 파스타,28700,28700,28700,할라페뇨와 마늘의 알싸함에 엔쵸비로 풍미를 더한 매콤한 올리브오일 파스타,false,https://ldb-phinf.pstatic.net/20251114_182/1763105399437X0tug_JPEG/2511_MG_%B3%D7%C0%CC%B9%F6%B8%DE%B4%BA%C0%CC%B9%CC%C1%F6%28912x506%29_%B0%A5%B8%AF%C6%E4%B4%A2%C6%C4%BD%BA%C5%B8.jpg
37895667,6,갈릭 스노잉 피자,28700,28700,28700,"화이트소스에 새우, 파인애플, 고소한 튀긴 마늘이 어우러진 매드포갈릭 시그니처 피자",false,https://ldb-phinf.pstatic.net/20251114_297/1763105440136AyGN7_JPEG/2511_MG_%B3%D7%C0%CC%B9%F6%B8%DE%B4%BA%C0%CC%B9%CC%C1%F6%28912x506%29_%B0%A5%B8%AF%BD%BA%B3%EB%C0%D7%C7%C7%C0%DA.jpg
37928792,0,[판교어린이체험] 키즈 내맘대로 피자,5000,5000,5000,"아이가 직접 만든 피자를 매장에서 구워주는 살레르노 키즈 피자, 살레르노 스페셜 메뉴",true,https://ldb-phinf.pstatic.net/20260223_245/1771840508949sGcLu_JPEG/%BA%AF%C8%AF%29DSC00208_%BA%B9%BB%E7.jpg
37928792,1,부라타 프레스카 파스타,24000,24000,24000,"차갑게 마리네이드한 토마토와 바질, 부라타를 면에 곁들여 먹는 이탈리안 오일 파스타",false,https://ldb-phinf.pstatic.net/20260611_277/1781141119982x4G4r_JPEG/%BA%CE%B6%F3%C5%B8%C7%C1%B7%B9%BD%BA%C4%AB%C6%C4%BD%BA%C5%B8.jpg
37928792,2,살몬 피카타 스테이크,34000,34000,34000,레몬 버터 피카타 소스와 매쉬드 포테이토를 곁들인 그릴드 연어 스테이크,false,https://ldb-phinf.pstatic.net/20260611_187/1781141102814Yn7Rw_JPEG/%BB%EC%B8%F3%C7%C7%C4%AB%C5%B8%BD%BA%C5%D7%C0%CC%C5%A9.jpg
37928792,3,샤인머스캣 리코타 샐러드,19000,19000,19000,"샤인머스캣과 리코타 치즈, 마리네이드 토마토를 화덕빵과 함께 즐기는 샐러드",false,https://ldb-phinf.pstatic.net/20260611_129/1781141237244mOGRD_JPEG/%BB%FE%C0%CE%B8%D3%BD%BA%C4%B9%B8%AE%C4%DA%C5%B8%BB%F8%B7%AF%B5%E5.jpg
37928792,4,살레르노 찢자: 모타델라&바질부라타,32500,32500,32500,"크리스피하게 구워 찢은 피자도우에 토핑을 올려 싸먹는 일명 찢어진 피자, 살레르노 시그니처",true,https://ldb-phinf.pstatic.net/20251201_166/1764559545083g59GD_JPEG/1220x896.jpg
37928792,5,살레르노 찢자: 프로슈토&모짜렐라,36500,36500,36500,"크리스피하게 구워 찢은 피자도우에 토핑을 올려 싸먹는 일명 찢어진 피자, 살레르노 시그니처",true,https://ldb-phinf.pstatic.net/20251201_294/17645593928186Ftkk_JPEG/1220x896-2.jpg
37928792,6,살시챠 부라타,25000,25000,25000,살시챠와 크리미한 맛의 부라타치즈(스트라차텔라)를 함께 먹는 피자,false,https://ldb-phinf.pstatic.net/20251201_275/1764559212688HUXFQ_JPEG/1680X2136_%BB%EC%BD%C3%C3%AD2.jpg
37928792,7,"모타, 바, 치오",26000,26000,26000,"모타델라, 바질페스토, 피스타치오를 더한 고소하고 담백한 피자",true,https://ldb-phinf.pstatic.net/20251201_6/1764559011629F3hhy_JPEG/%B8%F0%C5%B8%2C%B9%D9%2C%C4%A1%BF%C0.jpg
37928792,8,프로슈토&루꼴라,28000,28000,28000,400일 이상 숙성한 프로슈토와 신선한 루꼴라를 올린 이탈리아식 피자,false,https://ldb-phinf.pstatic.net/20251201_41/1764558617479oPwIh_JPEG/1680x1236-01.jpg
37928792,9,카포나타,18000,18000,18000,화덕에 구운 빵과 함께 먹는 새콤 달콤한 맛의 차가운 시칠리아식 가지 요리,true,https://ldb-phinf.pstatic.net/20251201_212/1764557335022ulQ37_JPEG/1220x896-18.jpg
37928792,10,카포나타 쉬림프,23000,23000,23000,새콤 달콤한 시칠라이식 카포나타에 새우를 더해 풍미를 높인 에피타이저,false,https://ldb-phinf.pstatic.net/20251201_162/17645573753119lMbx_JPEG/1220x896-01.jpg
37928792,11,마레 프리또,22000,22000,22000,바다향이 가득한 새우와 오징어를 바삭하게 튀겨낸 이탈리아식 튀김 요리,false,https://ldb-phinf.pstatic.net/20251201_41/1764557412759lYG7e_JPEG/1220x896-03.jpg
37928792,12,멜란자네 롤라티니,23000,23000,23000,가지와 모짜렐라를 말아 오븐에 구워낸 이탈리아식 롤 요리,true,https://ldb-phinf.pstatic.net/20251201_21/1764557445951er2pq_JPEG/1220x896-16.jpg
37928792,13,부라타 샐러드,24000,24000,24000,신선한 부라타 치즈에 토마토 마리네이드를 더한 산뜻한 샐러드,true,https://ldb-phinf.pstatic.net/20251201_246/17645574789691b47Y_JPEG/1220x896-02.jpg
37928792,14,살레르노 라구 파스타,24000,24000,24000,소고기를 넣어 끓인 나폴리식 라구소스 파스타,false,https://ldb-phinf.pstatic.net/20251201_283/1764558109570bN5jo_JPEG/1680X2136_%C7%D1%BF%EC%B6%F3%B1%B8%C6%C4%BD%BA%C5%B82.jpg
37928792,15,단호박 뇨끼,28000,28000,28000,직접 반죽한 단호박감자 뇨끼에 고소한 단호박 소스를 더한 파스타,true,https://ldb-phinf.pstatic.net/20251201_293/1764558155422Rnp6P_JPEG/1220x896-06.jpg
37928792,16,가리비 봉골레,28000,28000,28000,조개와 가리비를 듬뿍 넣어 완성한 오일 베이스 파스타,false,https://ldb-phinf.pstatic.net/20251201_208/1764558241785Ad0km_JPEG/1220x896-10.jpg
37928792,17,스테이크 라구 파스타,34000,34000,34000,진하게 끓인 라구소스에 두툼한 스테이크를 더한 풍미 있는 파스타,true,https://ldb-phinf.pstatic.net/20251201_182/1764558290442ndusM_JPEG/1220x896-09.jpg
37928792,18,트러플 풍기 리조또,23000,23000,23000,3가지 버섯에 트러플 맛까지 더해져 크리미한 리조또,false,https://ldb-phinf.pstatic.net/20251201_3/1764558024602GIHkn_JPEG/1680X2136_%C6%AE%B7%AF%C7%C3%C7%B3%B1%E2%B8%AE%C1%B6%B6%C7.jpg
37928792,19,스테이크 리조또,30000,30000,30000,향긋한 바질 리조또에 스테이크를 더한 이탈리아식 리조또,true,https://ldb-phinf.pstatic.net/20251201_155/1764557928660ALzuG_JPEG/DSC00714.jpg
37928792,20,포르게타(400g),34000,34000,34000,이탈리아 전통 통돼지 바베큐 스타일로 구워낸 돼지고기 스테이크,true,https://ldb-phinf.pstatic.net/20251201_99/17645576826502BdzP_JPEG/DSC06328_%BA%B9%BB%E7.jpg
37928792,21,립아이 스테이크(350g),64000,64000,64000,로즈마리 버터를 곁들여 풍미를 높인 갈릭 립아이 스테이크,false,https://ldb-phinf.pstatic.net/20251201_143/1764557605898TAxaF_JPEG/DSC00695.jpg
38009381,0,김치볶음밥,8000,8000,8000,,false,
38009381,1,제육덮밥,9000,9000,9000,,false,
38009381,2,등심돈까스,9000,9000,9000,,false,
38009381,3,치즈 등심돈까스,9500,9500,9500,,false,
38009381,4,베이컨볶음밥,8000,8000,8000,,false,
38009381,5,사골떡만두국,8000,8000,8000,,false,
38018569,0,활참복국,53000,53000,53000,지리/탕,false,
38018569,1,참복국,25000,25000,25000,지리/탕,false,
38018569,2,참복고니,5000,5000,5000,추가메뉴,false,
38018569,3,유비키,18000,18000,18000,활참복껍질을 데쳐 폰즈와 같이 드시는 요리입니다,false,https://ldb-phinf.pstatic.net/20220513_160/1652433829653mve2X_JPEG/MIR_5.JPG
38018569,4,참복껍질튀김,35000,35000,35000,,false,https://ldb-phinf.pstatic.net/20220513_187/1652433756712mUVuJ_PNG/PhotoRoom-20220507_225817_%281%29.png
38018569,5,참복튀김,35000,35000,35000,활참복 가라아게입니다,false,https://ldb-phinf.pstatic.net/20220513_199/1652433699767nLuvV_PNG/PhotoRoom-20220507_230117_%281%29.png
38018569,6,활참복구이,70000,70000,70000,,false,https://ldb-phinf.pstatic.net/20161022_196/1477066885621hb8IE_JPEG/d4536b48-cb61-4cf3-be0c-03cfb37013cb.jpeg
38018569,7,활참복사시미,55000,55000,55000,,false,https://ldb-phinf.pstatic.net/20220508_199/16519378575365AKwb_PNG/PhotoRoom-20220507_225304_%281%29.png
38018569,8,활참복지리(매운탕),60000,60000,60000,,false,https://ldb-phinf.pstatic.net/20161022_227/1477066885807u8WUT_JPEG/ab526b56-1b9d-4abd-96f2-c3a02479e6d1.jpeg
38018569,9,활참복샤브샤브,70000,70000,70000,,false,https://ldb-phinf.pstatic.net/20161022_232/1477066885998DHRcp_PNG/eb53efe7-e6ac-46a9-824e-1598e7f3c0e7.png
38018569,10,부쯔사시,40000,40000,40000,,false,https://ldb-phinf.pstatic.net/20220508_63/1651937881041YSjNU_PNG/PhotoRoom-20220507_225745_%281%29_%281%29.png
38262480,0,콩나물국밥,8500,8500,8500,,false,
38262480,1,데친통오징어,14000,14000,14000,,false,
38262480,2,왕계란말이,10000,10000,10000,,false,
38262480,3,황태계란탕,17000,17000,17000,,false,
38262480,4,불오징어볶음,26000,26000,26000,,false,
38309897,0,대파 알리오올리오,18000,18000,18000,"대파콩피, 마늘, 블랙올리브, 방울토마토",false,https://ldb-phinf.pstatic.net/20260216_22/1771207445319eqo3p_JPEG/1762906568867.jpg
38309897,1,한우 1+ 라자냐,24000,24000,24000,"베샤멜소스, 모짜렐라치즈, 한우1+라구소스, 양송이크림",false,https://ldb-phinf.pstatic.net/20260207_222/1770440949712Xzfui_JPEG/20260205_140312.jpg
38309897,2,얼그레이 카프레제,16000,16000,16000,"얼그레이 드레싱, 방울토마토, 모짜렐라치즈, 특수야채, 허브 등",false,https://ldb-phinf.pstatic.net/20260207_193/1770440867424htdIG_JPEG/16738.jpg
38309897,3,삼합 파스타,26000,26000,26000,"키조개 관자, 차돌박이, 깻잎",false,https://ldb-phinf.pstatic.net/20260207_189/1770440808394INM3a_JPEG/20260205_141352.jpg
38309897,4,찹 스테이크크림 파스타,27000,27000,27000,"고르곤졸라, 모둠버섯, 크림, 등심120g",false,https://ldb-phinf.pstatic.net/20260207_299/1770440726413ClRnz_JPEG/20260205_141613.jpg
38309897,5,미녀는 바질을 좋아해,24000,24000,24000,"키조개 관자, 수제 바질페스토, 구운견과류, 새우",false,https://ldb-phinf.pstatic.net/20260207_137/1770440663918YtxCV_JPEG/20260205_142257.jpg
38309897,6,트러플 버섯크림 리조또,22000,22000,22000,"양송이, 새송이, 트러플페이스트, 포르치니스탁, 크림",false,https://ldb-phinf.pstatic.net/20260207_238/1770440254040dvByS_JPEG/DSC00383.jpg
38309897,7,시금치 관자리조또,24000,24000,24000,"키조개관자, 조개, 새우, 수제 시금치 페스토를 바탕으로한 크림 리조또입니다",false,https://ldb-phinf.pstatic.net/20260205_145/1770272043102EAWfm_JPEG/16706.jpg
38309897,8,못난이 감자 뇨끼,23000,23000,23000,"모든 소스, 스탁 직접 만들어 건강하고 맛있는 파스타를 요리합니다",false,https://ldb-phinf.pstatic.net/20260205_294/1770271998205QyTKQ_JPEG/16677.jpg
38309897,9,와규 꽃등심 스테이크 350g,69000,69000,69000,호주 와규등급 꽃등심 스테이크입니다,false,https://ldb-phinf.pstatic.net/20260207_71/1770434821927B5Hq8_JPEG/16860.jpg
38309897,10,잠봉무화과 피자,29000,29000,29000,"잠봉햄, 스모크치즈, 체다치즈, 무화과컴포트, 루꼴라, 크랜베리",false,https://ldb-phinf.pstatic.net/20260205_285/1770272019285a80Ss_JPEG/16821.jpg
38309897,11,안심스테이크,51000,51000,51000,최상급 호주 안심 스테이크,false,https://ldb-phinf.pstatic.net/20250524_15/1748071516879YYBnQ_JPEG/1733389966429.jpg
38309897,12,빈티지 샐러드,11000,11000,11000,분기별로 바뀌는 샐러드,false,https://ldb-phinf.pstatic.net/20200305_218/1583374239827e7CTg_JPEG/0_mdYHuf-P09lPEsu8wIl5SB.jpg
38484174,0,까르니타스 타코 (포크) 2pc,12000,12000,12000,,true,https://ldb-phinf.pstatic.net/20250317_238/1742181253653PS5zW_JPEG/IMG_1569.jpeg
38484174,1,뽀요 타코 (치킨) 2pc,12000,12000,12000,,false,https://ldb-phinf.pstatic.net/20250317_21/1742181314080zM0nz_JPEG/IMG_1535.jpeg
38484174,2,타코라이스,12000,12000,12000,,false,
38484174,3,얼티밋샐러드,13000,13000,13000,,false,https://ldb-phinf.pstatic.net/20250317_29/1742181393199pu020_JPEG/IMG_1476.jpeg
38484174,4,후무스 & 칩,9500,9500,9500,,false,https://ldb-phinf.pstatic.net/20250317_11/1742181451356uky2H_JPEG/IMG_1575.jpeg
38484174,5,과카몰리 & 칩,9500,9500,9500,,false,https://ldb-phinf.pstatic.net/20250317_265/1742181487326iASEF_JPEG/IMG_1555.jpeg
38484174,6,콜드브루 커피 (by 프릳츠),4000,4000,4000,,false,
38668100,0,성인 / 주중런치,59000,59000,59000,중학생 이상,false,https://ldb-phinf.pstatic.net/20260419_270/1776591639615E3gOY_PNG/%B8%DE%B4%BA.png
38668100,1,성인 / 주중디너,79000,79000,79000,중학생 이상,false,https://ldb-phinf.pstatic.net/20260419_73/1776591654396cjG60_PNG/%B8%DE%B4%BA.png
38668100,2,성인 / 주말&공휴일,89000,89000,89000,중학생 이상,false,https://ldb-phinf.pstatic.net/20260419_106/1776591662464qLztS_PNG/%B8%DE%B4%BA.png
38668100,3,초등 / 주중런치,32000,32000,32000,취학 아동,false,https://ldb-phinf.pstatic.net/20260419_70/1776591695735gDwCF_PNG/%B8%DE%B4%BA.png
38668100,4,초등 / 주중디너,37000,37000,37000,취학 아동,false,https://ldb-phinf.pstatic.net/20260419_300/1776591708288HUKLx_PNG/%B8%DE%B4%BA.png
38668100,5,초등 / 주말&공휴일,40000,40000,40000,취학 아동,false,https://ldb-phinf.pstatic.net/20260419_204/1776591717933nHzdu_PNG/%B8%DE%B4%BA.png
38668100,6,미취학 / 주중런치,18000,18000,18000,37개월~미취학 아동,false,https://ldb-phinf.pstatic.net/20260419_190/1776591733727Pc9y8_PNG/%B8%DE%B4%BA.png
38668100,7,"미취학 / 주중 디너,주말&공휴일",20000,20000,20000,37개월~미취학 아동,false,https://ldb-phinf.pstatic.net/20260419_62/1776591742984EUk0G_PNG/%B8%DE%B4%BA.png
38668100,8,유아,0,,,0~36개월,false,https://ldb-phinf.pstatic.net/20260419_117/1776591750756HkLyy_PNG/%B8%DE%B4%BA.png
38781254,0,마왕통구이,35000~46000,35000,46000,누구나 빠져드는 시그니처 메뉴! 단짠단짠한 소스의 매력과 그윽한 바베큐향을 즐기세요!,true,https://ldb-phinf.pstatic.net/20220715_30/1657858313289A6cXW_JPEG/%B8%B6%BF%D5%C5%EB%B1%B8%C0%CC.jpg
38781254,1,마왕세트,41000~52000,41000,52000,마왕통구이 / 마왕보쌈구이 (택1) + 사이드 메뉴 (택1),true,https://ldb-phinf.pstatic.net/20220715_269/1657858635620dDW1a_JPEG/%B8%B6%BF%D5%BC%BC%C6%AE_%281%29.jpg
38781254,2,반반세트,49000~59000,49000,59000,시그니처 메뉴 마왕통구이와 보쌈구이를 함께 즐길 수 있는 세트,true,https://ldb-phinf.pstatic.net/20220715_149/1657858387917IGNe2_JPEG/%B9%DD%B9%DD%BC%BC%C6%AE.jpg
38781254,3,천사세트,46000~50000,46000,50000,마왕통구이 + 불족발 / 갈릭족발 / 직화소금구이 (택1),false,https://ldb-phinf.pstatic.net/20220715_274/1657858567966j6rJU_JPEG/%C3%B5%BB%E7%BC%BC%C6%AE_%28%B8%B6%BF%D5%C5%EB%B1%B8%C0%CC%2B%B0%A5%B8%AF%C1%B7%B9%DF%29.jpg
38781254,4,악마세트,46000~50000,46000,50000,불족발 + 갈릭족발,false,https://ldb-phinf.pstatic.net/20220715_203/1657858684326aXsDA_JPEG/%B8%B6%BF%D5%B0%A5%B8%AF%C1%B7%B9%DF.jpg
38781254,5,보쌈구이,35000~46000,35000,46000,단짠단짠한 소스에 삼겹살을 통으로 구워낸 새로운 바베큐 보쌈!,false,https://ldb-phinf.pstatic.net/20220715_187/1657858324565QrSYL_JPEG/%B8%B6%BF%D5%BA%B8%BD%D3%B1%B8%C0%CC.jpg
38781254,6,통구이 쭈꾸미세트,46000~57000,46000,57000,시그니처 마왕통구이와 칼칼매콤한 쭈꾸미의 푸짐한 한상 차림,false,https://ldb-phinf.pstatic.net/20231127_8/1701050698979bDNhj_PNG/%B8%B6%BF%D5%C5%EB%B1%B8%C0%CC_%C2%DE%B2%D9%B9%CC%BC%BC%C6%AE.png
38781254,7,패밀리세트,67000,67000,67000,마왕통구이 + 보쌈구이 + 사이드 2인 (택1),false,https://ldb-phinf.pstatic.net/20220715_164/1657858409632Pfw4n_JPEG/%C6%D0%B9%D0%B8%AE%BC%BC%C6%AE.jpg
38781254,8,쭈꾸미볶음,12000,12000,12000,입 안에서 팡팡터지는 칼칼매콤한 맛! 마왕족발의 히든 별미를 함께 즐겨보세요!,false,https://ldb-phinf.pstatic.net/20231127_59/17010507452743165C_JPEG/%C2%DE%B2%D9%B9%CC%BA%BA%C0%BD.jpg
38781254,9,김치전&감자전,7000~10000,7000,10000,족발과 함께 안주로 딱! 바삭바삭하면서도 쫄깃한 식감,false,https://ldb-phinf.pstatic.net/20231127_19/1701050784333snH1B_JPEG/%C0%FC.jpg
38781254,10,바삭소금구이,34000~45000,34000,45000,"바베큐족발의 본질, 담백한 맛에 바삭함을 더하다",false,https://ldb-phinf.pstatic.net/20260401_146/1774997997925opidJ_PNG/%B9%D9%BB%E8%BC%D2%B1%DD%B1%B8%C0%CC.png
38781254,11,마왕갈릭족발,35000~47000,35000,47000,마늘을 통으로 갈아 넣어 알싸하고 달짝찌근한 독특한 족발,false,https://ldb-phinf.pstatic.net/20220715_150/1657858190846NBG4J_JPEG/%B8%B6%BF%D5%B0%A5%B8%AF%C1%B7%B9%DF.jpg
38781254,12,마왕불족발,35000~47000,35000,47000,맛깔나게 매운 특제소스와 바베큐족발이 만나 한 점 한 점 더욱 특별한 화끈한 경험!,false,https://ldb-phinf.pstatic.net/20220715_78/1657858254296r1X6B_JPEG/%B8%B6%BF%D5%BA%D2%C1%B7%B9%DF.jpg
38781254,13,당면냉채족발,25000~44000,25000,44000,톡! 쏘는 겨자 소스와 쫄깃한 넙적 당면까지 들어간 별미,false,https://ldb-phinf.pstatic.net/20221208_229/1670468359148z8CbW_PNG/%B4%EB%C1%F6_2_%B8%AE%BB%E7%C0%CC%C2%A1.png
38781254,14,마왕불보쌈,35000~47000,35000,47000,바베큐 통삼겹에 화끈한 매운 소스가 만나 더욱 맛깔스러운 불보쌈,false,https://ldb-phinf.pstatic.net/20220715_90/1657858305104kGsdd_JPEG/%B8%B6%BF%D5%BA%D2%BA%B8%BD%D3.jpg
38781254,15,미니족구이,28000~37000,28000,37000,콜라겐을 뜯는 재미가 가득! 별미로 추천!,false,https://ldb-phinf.pstatic.net/20220715_45/1657858351985OsNjD_JPEG/%B9%CC%B4%CF%C1%B7%B1%B8%C0%CC.jpg
38781254,16,쟁반국수,8000~14000,8000,14000,족발에 쟁반국수는 국룰~ 야채와 메밀면의 환상적인 맛!,false,https://ldb-phinf.pstatic.net/20251208_21/1765175093112B2TvV_JPEG/%C0%EF%B9%DD%B1%B9%BC%F62.jpg
38781254,17,족발볶음밥,8000~14000,8000,14000,고슬고슬한 밥에 족발살을 얹어 놓은 마왕족발 베스트 메뉴!,false,https://ldb-phinf.pstatic.net/20251208_61/1765173544517S9VPJ_JPEG/%C1%B7%B9%DF%BA%BA%C0%BD%B9%E4_%281%29.jpg
38781254,18,비빔국수,8000~14000,8000,14000,한 젓가락 휘휘 감아 즐기는 매콤한 비빔국수!,false,https://ldb-phinf.pstatic.net/20251208_20/1765173556375Dy7s9_JPEG/%BA%F1%BA%F6%B1%B9%BC%F6_%282%29.jpg
38781254,19,마왕국수,8000~14000,8000,14000,매운맛을 달래어주는 짭조롬 하면서도 새콤한 특별한 맛!,false,https://ldb-phinf.pstatic.net/20251208_85/1765173563771jDmhi_JPEG/%B8%B6%BF%D5%B1%B9%BC%F6_%283%29.jpg
38781254,20,열무국수,8000,8000,8000,더운 여름에 딱! 아삭아삭 씹히는 새콤한 열무와 시원한 육수의 조화!,false,https://ldb-phinf.pstatic.net/20220715_174/1657858453470J9Ogy_JPEG/%BF%AD%B9%AB%B1%B9%BC%F6.jpg
38781254,21,껍데기볶음,12000,12000,12000,매콤한 양념에 쫄깃한 식감이 가득! 술안주로 딱!,false,https://ldb-phinf.pstatic.net/20221208_226/1670468179948kIvY9_PNG/%B4%EB%C1%F6_1_%B8%AE%BB%E7%C0%CC%C2%A1.png
38781254,22,파인애플샤베트,6000,6000,6000,시원깔끔한 마무리용 디저트,false,https://ldb-phinf.pstatic.net/20220715_161/1657859115923Uh9vY_JPEG/%C6%C4%C0%CE%BE%D6%C7%C3%BB%FE%BA%A3%C6%AE.jpg
525057397,0,용궁탕,55000,55000,55000,,false,
525057397,1,차돌 사천마라탕면,12000,12000,12000,,false,https://ldb-phinf.pstatic.net/20191123_156/1574480712588Dlcku_JPEG/rYLb1k6vJwLdkiykilx9qjiJ.jpg
525057397,2,유니짜장,8000,8000,8000,,false,
525057397,3,해물짬뽕,11000,11000,11000,,false,
525057397,4,잡채밥,12000,12000,12000,,false,
525057397,5,탕수육,25000~46000,25000,46000,"소:25,000원 중:35,000원 대:46,000원",false,
525057397,6,마파두부,27000~48000,27000,48000,"소:27,000원 중:36,000원 대:48,000원",false,
525057397,7,고추 잡채,38000~60000,38000,60000,"소:38,000원 중:45,000원 대:60,000원",false,
525057397,8,사천마라샹궈,42000,42000,42000,,false,
525057397,9,자연송이 우육,60000~100000,60000,100000,"소:60,000원 중:80,000원 대:100,000원",false,
525057397,10,점심세트,33000~38000,33000,38000,,false,https://ldb-phinf.pstatic.net/20231210_193/170220619828929iv6_JPEG/image.jpg
525057397,11,디너스페셜A,60000,60000,60000,,false,https://ldb-phinf.pstatic.net/20231210_187/1702206036646NfKAc_JPEG/image.jpg
525057397,12,디너스페셜B,80000,80000,80000,,false,https://ldb-phinf.pstatic.net/20231210_261/1702206113132zMhfN_JPEG/image.jpg
525057397,13,용궁탕세트,75000~88000,75000,88000,,false,https://ldb-phinf.pstatic.net/20231210_3/1702206273620J6vPi_JPEG/image.jpg
525057397,14,용궁탕고량주세트,135000~178000,135000,178000,,false,https://ldb-phinf.pstatic.net/20231210_247/1702206409419mqDQV_JPEG/image.jpg
525057397,15,마라샹궈세트,62000~85000,62000,85000,,false,https://ldb-phinf.pstatic.net/20231210_248/1702206697116U11fn_JPEG/IMG_5730.jpeg
57241613,0,돈코츠라멘 (돼지사골),11000,11000,11000,뽀얀 돈사골 육수에 고소한 대형 차슈와 부드러운 계란이 올라간 일본 정통라멘,true,https://ldb-phinf.pstatic.net/20240119_7/1705624557693YC38L_JPEG/%C5%A9%B1%E2%BA%AF%C8%AF01.13-0038.jpg
57241613,1,카라이라멘 (매콤고소 라멘),11000,11000,11000,진한 돈사골 육수와 매콤함이 특징인 라멘,true,https://ldb-phinf.pstatic.net/20230118_220/1674032724954TzCym_JPEG/%C5%A9%B1%E2%BA%AF%C8%AF01.13-0035.jpg
57241613,2,탄탄멘,11000,11000,11000,혼키 특제소스에 다진 돼지고기토핑을 올린 고소하고 얼큰한 라멘,false,https://ldb-phinf.pstatic.net/20250605_150/1749101614880fngq3_JPEG/%C5%BA%C5%BA%B8%E0.jpg
57241613,3,쇼유라멘,11000,11000,11000,특제 간장소스와 진한 육수가 일품인 라멘,false,https://ldb-phinf.pstatic.net/20230118_12/1674032750129Jak3E_JPEG/%C5%A9%B1%E2%BA%AF%C8%AF01.13-0051.jpg
57241613,4,쇼가야키,12000,12000,12000,생강 향이 나는 일본식 돼지고기 양념구이,false,https://ldb-phinf.pstatic.net/20260410_241/17758024724999PB7b_PNG/%BC%EE%B0%A1%BE%DF%C5%B0.png
57241613,5,야끼도리동 (숯불닭다리살덮밥),12000,12000,12000,숯불향 짙은 국내산 닭다리살구이를 듬뿍 얹은 돈부리,false,https://ldb-phinf.pstatic.net/20250605_63/17491017584815UMzr_JPEG/%BE%DF%B3%A2%B5%B5%B8%AE%B5%BF.jpg
57241613,6,사케동 (숙성연어덮밥),16000,16000,16000,비타민이 풍부한 생연어를 당일 손질하여 두툼하게 올린 입에서 살살 녹는 연어덮밥,false,https://ldb-phinf.pstatic.net/20250605_273/1749101749701Sapli_JPEG/%BB%E7%C4%C9%B5%BF.jpg
57241613,7,호르몬동,15000,15000,15000,혼키만의 특제소스로 양념한 통통한 대창을 푸짐하게 올린 대창덮밥,false,https://ldb-phinf.pstatic.net/20250529_221/1748511454147Hh5V8_PNG/KakaoTalk_20250529_131928337_02.png
57241613,8,차슈동,15000,15000,15000,데리야끼 소스를 곁들인 쫄깃한 차슈가 듬뿍 들어간 덮밥,false,https://ldb-phinf.pstatic.net/20250605_55/17491014589886tlHc_JPEG/%C2%F7%BD%B4%B5%BF.jpg
57241613,9,치킨 가라아게 (3p),3000,3000,3000,,false,https://ldb-phinf.pstatic.net/20250605_277/1749101819186tREbt_JPEG/%B0%A1%B6%F3%BE%C6%B0%D4.jpg
57241613,10,치킨 가라아게 (6p),5000,5000,5000,,false,https://ldb-phinf.pstatic.net/20250605_65/1749101836208SEtlr_JPEG/%B0%A1%B6%F3%BE%C6%B0%D4.jpg
57241613,11,경양돈카츠,7000,7000,7000,,false,https://ldb-phinf.pstatic.net/20250605_54/1749101916262Gw5g5_JPEG/%B0%E6%BE%E7%B5%B7%B0%A1%C3%F7.jpg
57241613,12,치킨카츠,7000,7000,7000,,false,https://ldb-phinf.pstatic.net/20250605_216/1749101926812irBtL_JPEG/%B0%E6%BE%E7%B5%B7%B0%A1%C3%F7.jpg
67583508,0,투움바파스타,12000,12000,12000,,true,https://ldb-phinf.pstatic.net/20250312_187/1741766646277AAtjv_JPEG/%C5%F5%BF%F2%B9%D9%C6%C4%BD%BA%C5%B8.jpg
67583508,1,라구파스타,12000,12000,12000,,false,https://ldb-phinf.pstatic.net/20250312_140/1741766689403KzW8t_JPEG/%B6%F3%B1%B8%C6%C4%BD%BA%C5%B8.jpg
67583508,2,봉골레 파스타,12000,12000,12000,,false,https://ldb-phinf.pstatic.net/20250312_118/1741766710286lC0oM_JPEG/%BA%C0%B0%F1%B7%B9%C6%C4%BD%BA%C5%B8.jpg
67583508,3,라구라자냐,14000,14000,14000,,true,https://ldb-phinf.pstatic.net/20250312_291/1741766671571kcdnF_JPEG/%B6%F3%B1%B8%B6%F3%C0%DA%B3%C4.jpg
67583508,4,해산물빠에야,15000,15000,15000,,false,https://ldb-phinf.pstatic.net/20251121_157/1763693887773bdSgo_PNG/%C7%D8%BB%EA%B9%B0%BA%FC%BF%A1%BE%DF.png
67583508,5,한우안심포케,17000,17000,17000,,true,https://ldb-phinf.pstatic.net/20240619_238/17187563544516jIMf_JPEG/KakaoTalk_20240618_110544228.jpg
67583508,6,마르게리따 피자,17000,17000,17000,,false,https://ldb-phinf.pstatic.net/20240118_29/1705568541724ddpKV_JPEG/KakaoTalk_20220929_231154985_05.jpg
67583508,7,콰트로 치즈 피자,17000,17000,17000,,true,https://ldb-phinf.pstatic.net/20240118_162/1705568566115SJ0v5_JPEG/KakaoTalk_20220929_231154985_04.jpg
734377177,0,본격도시락(스팸두부조림),8500,8500,8500,"흑미밥, 계란후라이, 한식반찬 3종, 바싹불고기, 제육볶음, 스팸두부조림, 옛날소시지전",true,https://ldb-phinf.pstatic.net/20250324_231/1742822090175aM7v8_JPEG/%C5%B0%BF%C0%BD%BA%C5%A9_500x500.jpg
747603315,0,대파크림라파게티세트,15000,15000,15000,,true,https://ldb-phinf.pstatic.net/20260401_50/1775018617358IT9E4_JPEG/1000052450.jpg
747603315,1,쭈꾸미매콤덮밥세트,15000,15000,15000,,false,https://ldb-phinf.pstatic.net/20260401_246/1775018559470K6a6E_JPEG/1000052459.jpg
747603315,2,일본풍돼지덮밥세트,15000,15000,15000,,false,https://ldb-phinf.pstatic.net/20260401_113/1775018505942QRmmx_JPEG/1000052465.jpg
747603315,3,한치물회생면,15000,15000,15000,,false,
747603315,4,돈까스카레덮밥+미니라멘,15000,15000,15000,,false,https://ldb-phinf.pstatic.net/20251013_220/1760314656723VtNPf_PNG/1000048394.png
747603315,5,가오초밥,18000,18000,18000,,true,https://ldb-phinf.pstatic.net/20251013_172/1760354287463KERbK_PNG/1000048411.png
747603315,6,점심특선,13000,13000,13000,,false,https://ldb-phinf.pstatic.net/20191017_118/1571288754502G4eQR_JPEG/N6W1DTO3-mu7tYzru3_-W3ip.jpg
747603315,7,가오라멘,10000,10000,10000,,false,https://ldb-phinf.pstatic.net/20191017_172/15712887843472YlNv_JPEG/mxfcXAq8mivZSpFNwtHmGMvC.jpg
747603315,8,사케동,20000,20000,20000,,false,https://ldb-phinf.pstatic.net/20191017_145/1571288888312iQER6_JPEG/PGj3mpiDx-RO3zeuvxuZ1kuh.jpg
747745398,0,닭구이 모둠한판 (2인),24000,24000,24000,"*저녁 한정판매
닭다리살(360g)+닭목살(70g)+근위(80g)+오독연골(70g)",true,https://ldb-phinf.pstatic.net/20250605_294/1749103640297ueD9L_JPEG/%B4%DF%B1%B8%C0%CC%B8%F0%B5%D2%C7%D1%C6%C7.jpg
747745398,1,닭구이 모둠한판 (3인),36000,36000,36000,"*저녁 한정판매
닭다리살(400g)+닭목살(100g)+근위(150g)+오독연골(100g)",true,https://ldb-phinf.pstatic.net/20250605_47/1749103645472DV13u_JPEG/%B4%DF%B1%B8%C0%CC%B8%F0%B5%D2%C7%D1%C6%C7.jpg
747745398,2,닭떡볶이,13000,13000,13000,매콤한 떡볶이 양념과 뼈없는 닭다리살의 조화가 일품인 닭요리,true,https://ldb-phinf.pstatic.net/20220607_25/1654591955267uMFcA_JPEG/Artboard_2-100.jpg
747745398,3,닭칼국수 (담백한 맛),12000,12000,12000,,false,https://ldb-phinf.pstatic.net/20260414_223/17761455957718f840_JPEG/%B4%DF%C4%AE%B1%B9%BC%F6.jpg
747745398,4,닭칼국수 (매운맛),12000,12000,12000,,false,https://ldb-phinf.pstatic.net/20260414_260/1776145610352I4lsz_PNG/%B4%DF%C4%AE%B1%B9%BC%F6_%B8%C5%BF%EE%B8%C0.png
747745398,5,닭육개장,13000,13000,13000,,false,https://ldb-phinf.pstatic.net/20260414_295/1776145627260bd7qn_JPEG/%B0%A1%B8%B6%BC%DC%B4%DF%C0%B0%B0%B3%C0%E5.jpg
747745398,6,1인 찜닭정식,18000,18000,18000,달콤한 간장소스에 신선한 닭고기와 납작당면이 어우러진 찜닭,false,https://ldb-phinf.pstatic.net/20260414_95/1776145474643X6Qt4_PNG/%C2%F2%B4%DF%C1%A4%BD%C4.png
747745398,7,하림 삼계탕,17000,17000,17000,*일일한정 메뉴,false,https://ldb-phinf.pstatic.net/20251103_226/1762141510839DcF0A_PNG/%C7%CF%B8%B2%BB%EF%B0%E8%C5%C1.png
747745398,8,닭갈비 정식,14000,14000,14000,"*2인이상 주문가능
매콤한 고추장소스에 쫄깃한 식감의 신선한 국내산 닭장각을 사용한 정식",false,https://ldb-phinf.pstatic.net/20220607_88/16545923298402ayth_JPEG/Artboard_5-100.jpg
747745398,9,찜닭 (간장/매운맛) 中,36000,36000,36000,,false,https://ldb-phinf.pstatic.net/20260414_101/1776145665135AWurO_JPEG/%B0%A3%C0%E5%C2%F2%B4%DF.jpg
747745398,10,찜닭 (간장/매운맛) 大,46000,46000,46000,,false,https://ldb-phinf.pstatic.net/20260414_74/1776145677171oTEgd_JPEG/%B0%A3%C0%E5%C2%F2%B4%DF.jpg
747745398,11,닭볶음탕 中,36000,36000,36000,,false,https://ldb-phinf.pstatic.net/20260414_181/1776145558682gh27I_JPEG/%B4%DF%BA%BA%C0%BD%C5%C1.jpg
747745398,12,닭볶음탕 大,46000,46000,46000,,false,https://ldb-phinf.pstatic.net/20260414_97/1776145552708st2wV_JPEG/%B4%DF%BA%BA%C0%BD%C5%C1.jpg
747745398,13,닭가슴살 샐러드,8000,8000,8000,,false,https://ldb-phinf.pstatic.net/20260414_172/1776145719314McqbE_PNG/%B4%DF%B0%A1%BD%BF%BB%EC%BB%F8%B7%AF%B5%E5.png
747745398,14,치킨샐러드,8000,8000,8000,,false,https://ldb-phinf.pstatic.net/20260414_282/17761457335740fxlw_JPEG/%C4%A1%C5%B2%BB%F8%B7%AF%B5%E5.jpg
747745398,15,닭목살파전,10000,10000,10000,고소한 닭목살이 한가득 들어간 바삭한 파전,false,https://ldb-phinf.pstatic.net/20260414_163/1776145743762s5aC1_PNG/%B4%DF%B8%F1%BB%EC%C6%C4%C0%FC.png
747745398,16,후라이드 치킨,19000,19000,19000,*17시 이후 주문 가능,false,https://ldb-phinf.pstatic.net/20260130_295/1769751088767PAmeA_PNG/%C8%C4%B6%F3%C0%CC%B5%E5%C4%A1%C5%B2.png
747745398,17,순살 후라이드 치킨,21000,21000,21000,*17시 이후 주문 가능,false,https://ldb-phinf.pstatic.net/20260130_124/1769752538485J4hEo_PNG/%C8%C4%B6%F3%C0%CC%B5%E5%C4%A1%C5%B2.png
747745398,18,양념 후라이드 치킨,19000,19000,19000,*17시 이후 주문 가능,false,https://ldb-phinf.pstatic.net/20260130_22/1769752550893kB4hC_PNG/%BE%E7%B3%E4%C4%A1%C5%B2.png
747745398,19,순살 양념 후라이드 치킨,21000,21000,21000,*17시 이후 주문 가능,false,https://ldb-phinf.pstatic.net/20260130_31/1769752568168mhiaD_PNG/%BE%E7%B3%E4%C4%A1%C5%B2.png
843434158,0,[BURGER]THE 바스버거 세트,16400,16400,16400,,false,https://ldb-phinf.pstatic.net/20260127_67/17695178989258pYyy_PNG/%BC%BC%C6%AE%29%B4%F5%B9%D9%BD%BA%B9%F6%B0%C5.png
843434158,1,[크런치치킨버거 세트] 바삭한 치킨,12800,12800,12800,"크런치치킨버거(치킨패티, 코울슬로, 스리라차 소스) + 프라이즈 + 음료",false,https://ldb-phinf.pstatic.net/20250912_232/1757684164092PjbEz_PNG/%C5%A9%B7%B1%C4%A1_%C4%A1%C5%B2%B9%F6%B0%C5_%BC%BC%C6%AE.png
843434158,2,[크런치 치킨버거] 바삭함이 2배,8900,8900,8900,"두툼한 닭다리살에 바삭바삭한 튀김옷, 매콤새콤한 스리라차 마요와 코울슬로가 만난 치킨버거",false,https://ldb-phinf.pstatic.net/20250912_298/1757684092897lEMk1_PNG/%C5%A9%B7%B1%C4%A1_%C4%A1%C5%B2%B9%F6%B0%C5.png
843434158,3,[치즈바] 빅사이즈 치즈바,3000,3000,3000,통 모짜렐라 치즈를 바삭하게 튀겨 더욱 쭉 늘어나느 빅사이즈 치즈바,false,https://ldb-phinf.pstatic.net/20250912_213/17576838167015iWPF_JPEG/%C4%A1%C1%EE%B9%D9.jpg
843434158,4,[신메뉴]스모키 베이컨 그릴즈,6400,6400,6400,신선한 브로콜리와 고소한 베이컨 토핑에 불향을 더해 담백하게 즐길수 있는 메뉴,false,https://ldb-phinf.pstatic.net/20260120_45/1768868266038zE36Y_PNG/%BA%EA%B7%CE%C4%DD%B8%AE.png
843434158,5,[크런치 치킨 2p] 빅사이즈 닭다리,5600,5600,5600,업그레이드 된 바삭함으로 겉바속촉 빅사이즈 닭다리살 치킨,false,https://ldb-phinf.pstatic.net/20250912_47/1757684039725A6VFe_PNG/%B4%D9%BF%EE%B7%CE%B5%E5.png
843434158,6,[크런치치킨 4p] 빅사이즈 닭다리,9900,9900,9900,업그레이드 된 바삭함으로 겉바속촉 빅사이즈 닭다리살 치킨,false,https://ldb-phinf.pstatic.net/20250912_155/1757684060139lAdhT_PNG/%B4%D9%BF%EE%B7%CE%B5%E5_%281%29.png
843434158,7,[더블크런치] 미니버거 스타일 플래터,12900,12900,12900,치즈&닭다리살 치킨 조합으로 직접 만들어 즐기느 미니버거 스타일 플래터. 2인 추천!,false,https://ldb-phinf.pstatic.net/20250912_256/1757683940391eiIzV_JPEG/%B4%F5%BA%ED_%C5%A9%B7%B1%C4%A1.jpg
843434158,8,[더블 크런치 맥스] 맥주와 어울리는,16900,16900,16900,치즈바와 빅 치킨 6조각으로 구성. 가성비 넘치고 맥주와 같이 즐기기 좋은 찰떡 메뉴!,false,https://ldb-phinf.pstatic.net/20250912_159/1757683875487i4opA_JPEG/%B4%F5%BA%ED_%C5%A9%B7%B1%C4%A1_%B8%C6%BD%BA.jpg
843434158,9,"[스리라차 치즈버거]녹진, 매콤한 맛",6900,6900,6900,"소고기 패티, 리얼 체다x2, 양파, 하우스 소스, 스리라차 마요소스",false,https://ldb-phinf.pstatic.net/20241206_58/1733474108991LSpbq_JPEG/1.%C4%A1%C1%EE%B9%F6%B0%C5.jpg
843434158,10,[바스버거]담백/고소에 신선한 맛,7800,7800,7800,"소고기패티, 바스소스, 체다치즈, 양상추, 양파, 토마토",false,https://ldb-phinf.pstatic.net/20241206_13/1733474114681w74Jo_JPEG/2.%B9%D9%BD%BA%B9%F6%B0%C5.jpg
843434158,11,[바스 치킨버거] 고추의 매콤함,8500,8500,8500,"치킨패티, 레터스, 꽈리고추 레드마요 소스(매콤)",false,https://ldb-phinf.pstatic.net/20250304_35/1741064862141gng2y_JPEG/%B9%D9%BD%BA%C4%A1%C5%B2%B9%F6%B0%C5%28%B7%B9%B5%E5%B8%B6%BF%E4%29.jpg
843434158,12,[바스 치킨버거]치킨버거의 근본,8500,8500,8500,"치킨패티, 타르타르소스, 피클x3, 레터스",false,https://ldb-phinf.pstatic.net/20250304_20/1741064882056jW1hJ_JPEG/%B9%D9%BD%BA%C4%A1%C5%B2%B9%F6%B0%C5%28%C5%B8%C5%B8%B8%A3%29.jpg
843434158,13,[하와이안 버거]구운 파인애플의 불향,9800,9800,9800,"소고기패티, 바스소스, 체다치즈, 양상추, 베이컨, 파인애플",false,https://ldb-phinf.pstatic.net/20241206_79/17334744570998f5mj_JPEG/5.%C7%CF%BF%CD%C0%CC%BE%C8%B9%F6%B0%C5.jpg
843434158,14,[와사비마요 쉬림프버거]통새우 한가득,10900,10900,10900,"와사비소스, 레터스, 양파, 토마토, 어니언링, 데리야끼소스, 그릴드 쉬림프, 홀그레인마요",false,https://ldb-phinf.pstatic.net/20241206_83/1733474464297I93Ul_JPEG/8.%BF%CD%BB%E7%BA%F1%B8%B6%BF%E4%BD%AC%B8%B2%C7%C1%B9%F6%B0%C5.jpg
843434158,15,[더블 바스버거]패티 2장의 행복함,11300,11300,11300,"소고기패티x2, 바스소스, 체다치즈x2, 양상추, 양파, 토마토",false,https://ldb-phinf.pstatic.net/20241206_101/1733474470769a8BSi_JPEG/3.%B4%F5%BA%ED%B9%D9%BD%BA%B9%F6%B0%C5.jpg
843434158,16,[더블베이컨치즈버거]야채없이 육향가득,11300,11300,11300,"소고기패티X2, 바스소스, 케찹, 체다치즈X2, 베이컨",false,https://ldb-phinf.pstatic.net/20241206_27/1733474476504Yahoa_JPEG/6.%B4%F5%BA%ED%BA%A3%C0%CC%C4%C1%C4%A1%C1%EE%B9%F6%B0%C5.jpg
843434158,17,[머쉬룸버거]표고버섯이 통으로 튀긴,11300,11300,11300,"소고기패티, 바스소스, 케찹, 체다치즈, 양상추, 토마토, 구운양파, 표고버섯 튀김",false,https://ldb-phinf.pstatic.net/20241206_126/1733474481794n4ytV_JPEG/7.%B8%D3%BD%AC%B7%EB%B9%F6%B0%C5.jpg
843434158,18,[탐욕버거]두툼한 패티2장과 폭탄토핑,14000,14000,14000,"소고기패티x2, 소스, 치즈x2, 양상추, 양파, 토마토, 계란프라이, 피클렐리쉬, 베이컨",false,https://ldb-phinf.pstatic.net/20241206_77/1733474487956RLgWm_JPEG/9.%C5%BD%BF%E5%B9%F6%B0%C5.jpg
843434158,19,[트리플 바스버거]고소한 패티가 3장,14800,14800,14800,"소고기패티x3, 바스소스, 체다치즈x3, 양상추, 양파, 토마토",false,https://ldb-phinf.pstatic.net/20241206_291/1733474494762vFLbA_JPEG/4.%C6%AE%B8%AE%C7%C3%B9%D9%BD%BA%B9%F6%B0%C5.jpg
843434158,20,제임스 감,0,,,,false,https://ldb-phinf.pstatic.net/20241206_162/1733474376830BclRF_JPEG/1.%C1%A6%C0%D3%BD%BA%B0%A8.jpg
843434158,21,[프렌치 프라이]촉촉함과 바삭함,2500,2500,2500,,false,https://ldb-phinf.pstatic.net/20241025_220/1729843166953J36j9_JPEG/2.%C7%C1%B7%BB%C4%A1%C7%C1%B6%F3%C0%CC.jpg
843434158,22,[치즈 베이컨 프라이]찐한 치즈소스,3000,3000,3000,,false,https://ldb-phinf.pstatic.net/20241025_96/1729843132217FP9H0_JPEG/3.%C4%A1%C1%EE%BA%A3%C0%CC%C4%C1%C7%C1%B6%F3%C0%CC.jpg
843434158,23,[어니언링]일본식 빵가루로 만든 특제,3500,3500,3500,,false,https://ldb-phinf.pstatic.net/20241025_57/1729843118771pbzAr_JPEG/4.%BE%EE%B4%CF%BE%F0%B8%B5.jpg
843434158,24,[고구마 프라이]달달 바삭에 렌치소스,4000,4000,4000,,false,https://ldb-phinf.pstatic.net/20241025_209/1729843103087vg7Yo_JPEG/5.%B0%ED%B1%B8%B8%B6%C7%C1%B6%F3%C0%CCw%B7%BB%C4%A1.jpg
843434158,25,[버팔로 치킨 윙]인기 사이드 메뉴,5000,5000,5000,,false,https://ldb-phinf.pstatic.net/20241025_39/1729843088990bcLO1_JPEG/7.%B9%F6%C6%C8%B7%CE%C4%A1%C5%B2%C0%AE.jpg
843434158,26,바스 하우스 소스,0,,,,false,https://ldb-phinf.pstatic.net/20241206_212/1733474282680Mw4pR_JPEG/1._%C4%ED%C6%CE%C0%CC%C3%F7_%B9%D9%BD%BA%B9%F6%B0%C5_%C7%CF%BF%EC%BD%BA%BC%D2%BD%BA.jpg
843434158,27,바베큐 소스,0,,,,false,https://ldb-phinf.pstatic.net/20241206_195/173347429233517K0K_JPEG/4._%C4%ED%C6%CE%C0%CC%C3%F7_%B9%D9%BA%A3%C5%A5.jpg
843434158,28,허니 머스타드 소스,0,,,,false,https://ldb-phinf.pstatic.net/20241206_280/17334743298037SoEF_JPEG/5._%C4%ED%C6%CE%C0%CC%C3%F7_%C7%E3%B4%CF%B8%D3%BD%BA%C5%B8%B5%E5.jpg
843434158,29,렌치소스,0,,,,false,https://ldb-phinf.pstatic.net/20241206_184/1733474348403UnTzj_JPEG/7._%C4%ED%C6%CE%C0%CC%C3%F7_%B7%BB%C4%A1.jpg
843434158,30,명란 마요 소스,0,,,,false,https://ldb-phinf.pstatic.net/20241206_20/1733474339302LcNCt_JPEG/6._%C4%ED%C6%CE%C0%CC%C3%F7_%B8%ED%B6%F5%B8%B6%BF%E4.jpg
843434158,31,펩시 콜라,2500,2500,2500,,false,https://ldb-phinf.pstatic.net/20241025_140/1729843074943xkWzQ_JPEG/1.%C6%E9%BD%C3%C4%DD%B6%F3_%28%BC%F6%C1%A4%BA%BB%29.jpg
843434158,32,사이다,2500,2500,2500,,false,https://ldb-phinf.pstatic.net/20241025_169/1729843053565e5gRS_JPEG/2.%C4%A5%BC%BA%BB%E7%C0%CC%B4%D9_%28%BC%F6%C1%A4%BA%BB%29.jpg
843434158,33,펩시 ZERO 콜라,2500,2500,2500,,false,https://ldb-phinf.pstatic.net/20241025_215/1729843038191y69wz_JPEG/3.%C6%E9%BD%C3ZERO_%28%BC%F6%C1%A4%BA%BB%29.jpg
843434158,34,마운틴듀,2500,2500,2500,,false,https://ldb-phinf.pstatic.net/20241025_298/1729842991669v6baP_JPEG/4.%B8%B6%BF%EE%C6%BE%B5%E0_%28%BC%F6%C1%A4%BA%BB%29.jpg
843434158,35,탄산수,2500,2500,2500,,false,https://ldb-phinf.pstatic.net/20241025_38/17298429819350pTRf_JPEG/5.%C5%BA%BB%EA%BC%F6_%28%BC%F6%C1%A4%BA%BB%29.jpg
843434158,36,밀크 쉐이크,6000,6000,6000,,false,https://ldb-phinf.pstatic.net/20241025_101/1729842972330mIocw_JPEG/6.%C7%C3%B7%B9%C0%CE_%B9%D0%C5%A9%BD%A6%C0%CC%C5%A9_%28%BC%F6%C1%A4%BA%BB%29.jpg
843434158,37,콘플레이크밀크 쉐이크,6000,6000,6000,,false,https://ldb-phinf.pstatic.net/20241025_247/17298429582910Ldut_JPEG/7.%C4%DC%C7%C3%B7%B9%C0%CC%C5%A9_%B9%D0%C5%A9%BD%A6%C0%CC%C5%A9_%28%BC%F6%C1%A4%BA%BB%29.jpg
843434158,38,시나몬 토스트 크런치 밀크 쉐이크,6000,6000,6000,,false,https://ldb-phinf.pstatic.net/20241025_155/1729842939868mGgK6_JPEG/8.%BD%C3%B3%AA%B8%F3%C5%E4%BD%BA%C6%AE%C5%A9%B7%B1%C4%A1_%B9%D0%C5%A9%BD%A6%C0%CC%C5%A9_%28%BC%F6%C1%A4%BA%BB%29.jpg
845606604,0,오리지널부대찌개(1인분),11500,11500,11500,깊고 진한 부대찌개의 본연의 맛,false,https://ldb-phinf.pstatic.net/20251031_48/1761876288400q3jwg_JPEG/2509_%BF%C0%B8%AE%C1%F6%B3%CE%BA%CE%B4%EB%C2%EE%B0%B3_%B4%DC%C7%B0_%BF%E4%B1%E2%BF%E4.jpg
845606604,1,수제햄부대찌개(1인분),13000,13000,13000,다양하게 즐길 수 있는 맛있는 수제햄,false,https://ldb-phinf.pstatic.net/20251031_201/1761876293555W7te2_JPEG/2509_%BC%F6%C1%A6%C7%DC%BA%CE%B4%EB%C2%EE%B0%B3_%B4%DC%C7%B0_%BF%E4%B1%E2%BF%E4.jpg
845606604,2,박가닭갈비(1인분),15000,15000,15000,"100% 닭다리살, 매콤한 특제소스, 신선한 야채로 만든 닭갈비",false,https://ldb-phinf.pstatic.net/20241029_270/17301760139040CfLS_JPEG/%B9%DA%B0%A1%B4%DF%B0%A5%BA%F1%BB%E7%C1%F8_%B3%D7%C0%CC%B9%F6.jpg
845606604,3,빠네퐁듀닭갈비(1인분),16500,16500,16500,빠네빵 안에 들어있는 치즈퐁듀를 곁들어 먹을 수 있는 박가부대 빠네 퐁듀닭갈비,false,https://ldb-phinf.pstatic.net/20220711_170/1657515268063SaCH2_PNG/%BA%FC%B3%D7%C6%FE%B5%E0%B4%DF%B0%A5%BA%F1.png
845606604,4,비빔 메밀막국수,9000,9000,9000,낙낙한 육수에 특제소스와 버무러져 감칠맛이 일품인 비빔 메밀막국수,false,https://ldb-phinf.pstatic.net/20220311_224/1646981586849PNok8_JPEG/%BA%F1%BA%F6_%B8%DE%B9%D0%B8%B7%B1%B9%BC%F6.jpg
845606604,5,수제계란말이,9000,9000,9000,,false,https://ldb-phinf.pstatic.net/20220311_257/1646981563527oCCC0_JPEG/%BC%F6%C1%A6%B0%E8%B6%F5%B8%BB%C0%CC.jpg
87958378,0,양무침,20000,20000,20000,"깐양 내장고기를 시그니쳐 양념과
들기름에 뭍혀낸 요리",false,https://ldb-phinf.pstatic.net/20260423_45/17769232985565UqQt_JPEG/IMG_9489.jpeg
87958378,1,곱창구이,25000,25000,25000,고소한곱창(대표메뉴),true,https://ldb-phinf.pstatic.net/20191204_41/1575454693294e6Giy_JPEG/_Y8uC-8s-hOb3bXMtbYYMnYr.jpeg.jpg
87958378,2,대창,25000,25000,25000,오동통통대창,true,https://ldb-phinf.pstatic.net/20220210_80/164446463167030I2c_JPEG/740125E7-9624-4F34-A25D-2EBAAAFAE2E7.jpeg
87958378,3,막창,25000,25000,25000,고소하고쫄깃한소막창,false,https://ldb-phinf.pstatic.net/20220210_273/1644464815211tF5Xt_JPEG/610CCAF9-C605-4FAB-A0DE-7E5CFE8B0792.jpeg
87958378,4,인생한판(2인),63000,63000,63000,곱창대창막창염통(2인),false,https://ldb-phinf.pstatic.net/20220210_13/1644465667066egons_JPEG/5820005A-9091-4595-8E47-646ECB470611.jpeg
87958378,5,인생모듬,89000,89000,89000,곱창대창막창특양염통(3인),true,https://ldb-phinf.pstatic.net/20220210_144/16444647417977JebP_JPEG/E9B7BC33-E75C-4DB5-B132-968866DD44E6.jpeg
87958378,6,곱창전골(중),50000,50000,50000,전골 (중)50000 (대)60000,true,https://ldb-phinf.pstatic.net/20220210_76/1644464561472d8q0P_JPEG/A1467D9A-D840-4D89-9F79-99554154C58C.jpeg
87958378,7,곱대창전골,65000,65000,65000,"한우소곱창과 한우대창의 환상조합으로
고소한풍미가 가득",false,https://ldb-phinf.pstatic.net/20241211_200/1733878790581WxdbP_JPEG/IMG_1419.jpeg
87958378,8,특양구이,29000,29000,29000,,false,https://ldb-phinf.pstatic.net/20220210_263/16444685985259nyAv_JPEG/F8D3FC8B-963D-4F52-9C12-DABDBEAAE8E0.jpeg
87958378,9,마약라면,7000,7000,7000,국물맛이일품,false,https://ldb-phinf.pstatic.net/20220210_110/1644464435665FsE3J_JPEG/4E9891CF-ADB6-46B4-A9DF-50D9CCCEF38B.jpeg
87958378,10,대창라면,7000,7000,7000,,false,https://ldb-phinf.pstatic.net/20251127_117/17641726130976aaAz_JPEG/IMG_6142.jpeg
953179000,0,모둠한판,62000,62000,62000,하이포크 모든 부위를 다양한 야채와 함께 풍성하게 즐기는 시그니쳐 메뉴,true,https://ldb-phinf.pstatic.net/20240731_196/1722419059140txUaA_JPEG/%C5%A9%B1%E2%BA%AF%C8%AF%B8%F0%B5%D2%C7%D1%C6%C7.jpg
953179000,1,하이포크 삼겹살,18000,18000,18000,하이포크 삼겹살을 다양한 야채와 함께 풍성하게 즐기는 철판구이,true,https://ldb-phinf.pstatic.net/20240404_116/1712204931888pA7bJ_JPEG/%BB%EF%B0%E3%BB%EC_%281%29%C5%A9%B1%E2%BA%AF%C8%AF.jpg
953179000,2,하이포크 목살,18000,18000,18000,하이포크 목살을 다양한 야채와 함께 풍성하게 즐기는 철판구이,true,https://ldb-phinf.pstatic.net/20240404_8/1712204967236z7UDO_JPEG/%B8%F1%BB%EC_%282%29%C5%A9%B1%E2%BA%AF%C8%AF.jpg
953179000,3,하이포크 천겹살,20000,20000,20000,하이포크 항정살을 다양한 야채와 함께 풍성하게 즐기는 철판구이,true,https://ldb-phinf.pstatic.net/20240404_117/1712205016669tzEcX_JPEG/%C7%D7%C1%A4%BB%EC_%282%29%C5%A9%B1%E2%BA%AF%C8%AF.jpg
953179000,4,삼겹정식 (2인이상 주문 /점심한정),18000,18000,18000,점심에 고기 먹을 시간이 부족한 바쁜 직장인들을 위한 하이포크 삼겹정식,true,https://ldb-phinf.pstatic.net/20240731_272/1722419276529vqYvK_JPEG/%C5%A9%B1%E2%BA%AF%C8%AF%BB%EF%B0%E3%C1%A4%BD%C4.jpg
953179000,5,제육볶음 (2인이상 주문),15000,15000,15000,하이포크 돼지고기를 특제 양념에 재워 풍미를 끌어올린 제육볶음,true,https://ldb-phinf.pstatic.net/20250605_138/1749102413477grDuX_JPEG/%C1%A6%C0%B0%BA%BA%C0%BD.jpg
953179000,6,하이포크 김치찌개 (2인이상),12000,12000,12000,각종 채소에 우려낸 육수와 신선한 하이포크 통전지살을 두부와 함께 끓여낸 김치찌개,false,https://ldb-phinf.pstatic.net/20240731_141/1722418789124FlMuB_JPEG/%C5%A9%B1%E2%BA%AF%C8%AF%B1%E8%C4%A1%C2%EE%B0%B3%282%C0%CE%29.jpg
953179000,7,하이포크 부대찌개 (2인 이상),12000,12000,12000,"사골육수에 푸짐한 햄과 소시지,72시간 저온숙성한 특제 양념장이 들어간 송탄식 부대찌개",false,https://ldb-phinf.pstatic.net/20240731_157/1722418893203cWbCO_JPEG/%C5%A9%B1%E2%BA%AF%C8%AF%BA%CE%B4%EB%C2%EE%B0%B3.jpg
953179000,8,하이포크 두루치기 (2인 이상),12000,12000,12000,"신선한 하이포크 살코기에 푸짐한 양파의
천연 단맛과 전통장으로 맛을 낸 하이포크 돼지두루치",false,https://ldb-phinf.pstatic.net/20240313_104/1710320103636jBTTP_JPEG/KakaoTalk_20240313_175450096.jpg
953179000,9,콩나물제육짜글이 (2인 이상),15000,15000,15000,달짝지근하고 매콤칼칼한 국물로 해장도 가능한 콩나물 제육짜글이,false,https://ldb-phinf.pstatic.net/20251201_2/1764566465727yuYPP_GIF/%C4%E1%B3%AA%B9%B0%C1%A6%C0%B0%C2%A5%B1%DB%C0%CC.gif
953179000,10,제육덮밥,12000,12000,12000,,false,https://ldb-phinf.pstatic.net/20240731_293/1722420001965bhRv3_JPEG/%C1%A6%C0%B0%B5%A4%B9%E4.jpg
953179000,11,1인 김치찌개,12000,12000,12000,,false,https://ldb-phinf.pstatic.net/20240731_32/1722420027196gEj1m_JPEG/%C5%A9%B1%E2%BA%AF%C8%AF%B1%E8%C4%A1%C2%EE%B0%B3%281%C0%CE%29.jpg
953179000,12,계란말이,10000,10000,10000,,false,https://ldb-phinf.pstatic.net/20240731_276/17224200772296elQR_JPEG/%C5%A9%B1%E2%BA%AF%C8%AF0325-15341.jpg
953179000,13,고등어구이,14000,14000,14000,,false,https://ldb-phinf.pstatic.net/20260130_261/1769752747675rh4Yr_JPEG/%BB%FD%BC%B1%B1%B8%C0%CC.jpg
959193386,0,뼈다귀 감자탕 (소),35000,35000,35000,,false,https://ldb-phinf.pstatic.net/20260105_280/1767542677597Ymsxw_JPEG/1619412852112.jpg
959193386,1,뼈다귀 감자탕 (중),44000,44000,44000,,false,https://ldb-phinf.pstatic.net/20260105_238/1767542707501xOEHp_JPEG/1619412852112.jpg
959193386,2,뼈다귀 감자탕 (대),53000,53000,53000,,false,https://ldb-phinf.pstatic.net/20260105_230/1767542740467TPpMg_JPEG/1619412852112.jpg
959193386,3,뼈다귀해장국,11000,11000,11000,,false,
959193386,4,우거지만두해장국,10000,10000,10000,,false,
959193386,5,고기왕만두,8000,8000,8000,,false,
959193386,6,냉모밀,11000,11000,11000,,false,
959193386,7,"콩나물뼈찜,간장뼈찜(소)",44000,44000,44000,,false,
959193386,8,"콩나물뼈찜,간장뼈찜(중)",52000,52000,52000,,false,
959193386,9,"콩나물뼈찜,간장뼈찜(대)",60000,60000,60000,,false,
989058786,0,사시미 정식A,39000,39000,39000,싱싱한 세꼬시와 맛있는 일품메뉴들을 푸짐하게 즐길수 있는 해도락 코스요리,true,https://ldb-phinf.pstatic.net/20241231_300/1735626777405onybU_JPEG/1000035668.jpg
989058786,1,사시미 정식B,59000,59000,59000,,false,https://ldb-phinf.pstatic.net/20241231_256/17356267647437Gjri_JPEG/1000035668.jpg
989058786,2,사시미 정식C,89000,89000,89000,,false,https://ldb-phinf.pstatic.net/20241231_229/1735626798797Y92iB_JPEG/1000035667.jpg
989058786,3,주말특선 한상차림,18000,18000,18000,,false,https://ldb-phinf.pstatic.net/20241231_62/1735626812092EfsFH_JPEG/1000035675.jpg
989058786,4,보리굴비 정찬,28000,28000,28000,,true,https://ldb-phinf.pstatic.net/20241231_300/1735626824269xTVcq_JPEG/1000035671.jpg
989058786,5,전복버섯돌솥밥,20000,20000,20000,,true,https://ldb-phinf.pstatic.net/20231211_220/1702268234020HhKnA_PNG/KakaoTalk_20231211_131522421.png
989058786,6,보리굴비 단품,25000,25000,25000,,false,https://ldb-phinf.pstatic.net/20241231_136/1735626835296WqEeW_JPEG/1000035671.jpg
989058786,7,돌솥쭈꾸미덮밥,20000,20000,20000,,false,https://ldb-phinf.pstatic.net/20231211_270/1702268281081i9v5y_PNG/KakaoTalk_20231211_131528216.png
989058786,8,회덮밥,18000,18000,18000,,false,https://ldb-phinf.pstatic.net/20231211_216/1702268225280zecEQ_PNG/KakaoTalk_20231211_131506547.png
989058786,9,꼬막무침비빔밥,13000,13000,13000,,false,https://ldb-phinf.pstatic.net/20241231_41/1735627102031bRSQV_JPEG/1000035677.jpg
989058786,10,꼬막해물강된장비빔밥,13000,13000,13000,,false,https://ldb-phinf.pstatic.net/20241231_150/1735626933642hrmBt_JPEG/1000035656.jpg
989058786,11,모듬구이,38000,38000,38000,,false,https://ldb-phinf.pstatic.net/20231211_275/1702268792272vuEcA_JPEG/KakaoTalk_20231211_131126861.jpg
989058786,12,연어덮밥,16000,16000,16000,,false,
989058786,13,조개 미역국,14000,14000,14000,,false,
989058786,14,소고기 미역국,15000,15000,15000,,false,
989058786,15,가자미 미역국,15000,15000,15000,,false,
989058786,16,전복 + 가자미 미역국,20000,20000,20000,,false,
989058786,17,조개미역칼국수,15000,15000,15000,,false,
989058786,18,소고기 미역 칼국수,16000,16000,16000,,false,
989058786,19,전복 미역 칼국수,20000,20000,20000,,false,
989058786,20,대구매운탕,20000,20000,20000,,false,
989058786,21,동태알탕,18000,18000,18000,,false,
989058786,22,가자미구이,14000,14000,14000,,false,https://ldb-phinf.pstatic.net/20231211_47/17022687667121w0AI_JPEG/KakaoTalk_20231211_131126861.jpg
989058786,23,고등어구이,15000,15000,15000,,false,https://ldb-phinf.pstatic.net/20231211_13/1702268754102AJsj7_JPEG/KakaoTalk_20231211_131126861.jpg
989058786,24,삼치구이(미소된장소스),20000,20000,20000,,false,https://ldb-phinf.pstatic.net/20231211_255/1702268782410oaXxL_JPEG/KakaoTalk_20231211_131126861.jpg
989058786,25,메로구이(데리야끼소스),30000,30000,30000,메로구이는 조리시간 30분 소요됩니다.,false,
989058786,26,모듬회무침,35000,35000,35000,,false,
989058786,27,꼬막무침,28000,28000,28000,,false,
989058786,28,새우아보카도샐러드,25000,25000,25000,,false,
989058786,29,사시미(단품),39000,39000,39000,,false,
989058786,30,물회,20000,20000,20000,여름철 계절메뉴,false,https://ldb-phinf.pstatic.net/20240614_251/1718338013904j4Qni_JPEG/1000024600.jpg
